Customer_ID,Gender,Senior_Citizen,Partner,Dependents,Tenure_Months,Phone_Service,Multiple_Lines,Internet_Service,Online_Security,Online_Backup,Device_Protection,Tech_Support,Streaming_TV,Streaming_Movies,Contract,Paperless_Billing,Payment_Method,Monthly_Charges,Total_Charges,Churn,Senior_Citizen_Label,Tenure_Group
CUST10001,Male,0,No,No,68,Yes,No,Fiber optic,No,Yes,No,No,Yes,No,One year,No,Mailed check,89.22,6037.85,No,No,49-72 Months
CUST10002,Female,0,No,No,54,Yes,No,DSL,No,No,Yes,Yes,No,Yes,One year,Yes,Electronic check,60.08,3028.94,No,No,49-72 Months
CUST10003,Male,0,Yes,Yes,57,Yes,Yes,DSL,Yes,No,Yes,No,Yes,Yes,Month-to-month,Yes,Electronic check,83.22,4737.73,No,No,49-72 Months
CUST10004,Male,0,Yes,Yes,23,No,No phone service,Fiber optic,No,Yes,No,Yes,No,Yes,Month-to-month,Yes,Electronic check,79.68,1685.21,No,No,13-24 Months
CUST10005,Male,0,No,No,60,Yes,Yes,No,No internet service,No internet service,No internet service,No internet service,No internet service,No internet service,One year,Yes,Credit card,45.62,2797.37,No,No,49-72 Months
CUST10006,Female,0,Yes,No,55,Yes,No,DSL,No,Yes,No,No,Yes,No,Month-to-month,Yes,Bank transfer,54.88,3000.13,No,No,49-72 Months
CUST10007,Male,0,No,No,63,Yes,No,DSL,No,Yes,No,Yes,Yes,No,Month-to-month,Yes,Bank transfer,71.54,4604.69,No,No,49-72 Months
CUST10008,Male,0,Yes,No,56,Yes,Yes,DSL,Yes,Yes,Yes,No,No,No,One year,Yes,Bank transfer,71.5,4022.67,No,No,49-72 Months
CUST10009,Male,0,No,No,55,Yes,Yes,No,No internet service,No internet service,No internet service,No internet service,No internet service,No internet service,Month-to-month,No,Mailed check,43.47,2308.34,No,No,49-72 Months
CUST10010,Female,0,No,No,25,Yes,No,No,No internet service,No internet service,No internet service,No internet service,No internet service,No internet service,One year,Yes,Credit card,36.58,968.16,No,No,25-48 Months
CUST10011,Male,0,Yes,No,26,Yes,No,Fiber optic,No,No,No,Yes,Yes,No,Month-to-month,Yes,Credit card,85.74,2104.52,No,No,25-48 Months
CUST10012,Male,0,Yes,No,49,Yes,No,No,No internet service,No internet service,No internet service,No internet service,No internet service,No internet service,Month-to-month,Yes,Electronic check,29.78,1434.48,No,No,49-72 Months
CUST10013,Male,1,Yes,Yes,63,Yes,Yes,Fiber optic,No,Yes,No,No,Yes,Yes,Two year,Yes,Electronic check,105.54,6500.14,No,Yes,49-72 Months
CUST10014,Male,0,No,Yes,45,Yes,No,No,No internet service,No internet service,No internet service,No internet service,No internet service,No internet service,Month-to-month,No,Bank transfer,32.61,1495.45,No,No,25-48 Months
CUST10015,Female,0,No,No,39,Yes,No,DSL,No,No,Yes,No,No,No,One year,No,Electronic check,54.41,2141.91,No,No,25-48 Months
CUST10016,Male,0,Yes,No,65,Yes,No,DSL,Yes,No,Yes,Yes,Yes,Yes,Month-to-month,No,Credit card,74.83,4874.24,Yes,No,49-72 Months
CUST10017,Female,0,No,Yes,69,Yes,No,Fiber optic,Yes,No,No,No,No,Yes,Month-to-month,No,Bank transfer,88.83,6054.17,No,No,49-72 Months
CUST10018,Female,1,No,Yes,56,Yes,No,Fiber optic,No,Yes,No,No,Yes,No,Month-to-month,No,Mailed check,81.44,4669.09,No,Yes,49-72 Months
CUST10019,Female,0,Yes,No,9,Yes,Yes,Fiber optic,No,No,Yes,Yes,No,No,Month-to-month,Yes,Mailed check,95.24,929.87,No,No,0-12 Months
CUST10020,Male,1,Yes,Yes,70,Yes,Yes,DSL,Yes,No,No,Yes,No,No,Two year,Yes,Bank transfer,72.55,5097.43,No,Yes,49-72 Months
CUST10021,Female,0,No,No,28,No,No phone service,Fiber optic,No,No,No,No,No,No,Two year,Yes,Electronic check,60.87,1657.86,No,No,25-48 Months
CUST10022,Male,1,No,No,45,No,No phone service,DSL,Yes,No,No,Yes,No,No,One year,Yes,Credit card,47.91,2128.13,Yes,Yes,25-48 Months
CUST10023,Female,0,No,No,26,Yes,No,DSL,No,Yes,No,No,No,Yes,Two year,No,Electronic check,58.85,1528.79,No,No,25-48 Months
CUST10024,Female,0,No,No,28,Yes,No,No,No internet service,No internet service,No internet service,No internet service,No internet service,No internet service,One year,Yes,Credit card,35.27,899.47,No,No,25-48 Months
CUST10025,Female,0,No,No,40,Yes,Yes,No,No internet service,No internet service,No internet service,No internet service,No internet service,No internet service,Month-to-month,No,Electronic check,37.27,1559.19,No,No,25-48 Months
CUST10026,Female,0,Yes,No,15,No,No phone service,No,No internet service,No internet service,No internet service,No internet service,No internet service,No internet service,Month-to-month,Yes,Bank transfer,18.17,373.29,No,No,13-24 Months
CUST10027,Female,0,No,No,6,Yes,Yes,Fiber optic,Yes,Yes,No,Yes,Yes,No,One year,Yes,Electronic check,107.24,780.15,Yes,No,0-12 Months
CUST10028,Female,0,No,No,27,Yes,No,Fiber optic,Yes,No,Yes,Yes,Yes,No,Month-to-month,Yes,Mailed check,94.6,2526.6,No,No,25-48 Months
CUST10029,Female,0,No,No,38,Yes,No,Fiber optic,Yes,No,Yes,No,Yes,No,Month-to-month,No,Bank transfer,90.98,3567.47,No,No,25-48 Months
CUST10030,Female,0,Yes,Yes,68,Yes,No,DSL,Yes,No,No,No,No,No,Two year,No,Electronic check,49.43,3476.03,No,No,49-72 Months
CUST10031,Male,0,Yes,Yes,64,Yes,Yes,DSL,Yes,Yes,Yes,Yes,No,No,Month-to-month,No,Mailed check,81.19,5145.8,Yes,No,49-72 Months
CUST10032,Male,0,Yes,Yes,30,No,No phone service,DSL,No,No,No,No,Yes,No,Month-to-month,No,Electronic check,41.54,1165.9,No,No,25-48 Months
CUST10033,Female,0,Yes,Yes,3,Yes,No,No,No internet service,No internet service,No internet service,No internet service,No internet service,No internet service,Month-to-month,Yes,Mailed check,37.16,198.42,No,No,0-12 Months
CUST10034,Female,0,Yes,No,62,Yes,Yes,DSL,No,Yes,No,Yes,No,Yes,One year,Yes,Mailed check,75.19,4618.2,Yes,No,49-72 Months
CUST10035,Female,0,No,No,12,Yes,No,No,No internet service,No internet service,No internet service,No internet service,No internet service,No internet service,Month-to-month,No,Credit card,29.22,291.88,No,No,0-12 Months
CUST10036,Male,0,No,No,30,Yes,No,Fiber optic,No,Yes,Yes,No,Yes,No,Month-to-month,No,Electronic check,91.93,2823.34,No,No,25-48 Months
CUST10037,Female,0,Yes,No,38,Yes,No,Fiber optic,Yes,No,No,No,No,No,Month-to-month,Yes,Electronic check,88.55,3254.02,No,No,25-48 Months
CUST10038,Male,0,No,No,60,Yes,No,DSL,Yes,Yes,No,Yes,No,Yes,Month-to-month,Yes,Mailed check,65.27,3880.49,No,No,49-72 Months
CUST10039,Male,0,Yes,No,38,Yes,Yes,DSL,No,No,Yes,Yes,No,No,Month-to-month,Yes,Credit card,60.64,2155.19,No,No,25-48 Months
CUST10040,Male,0,Yes,No,15,Yes,No,No,No internet service,No internet service,No internet service,No internet service,No internet service,No internet service,Two year,Yes,Credit card,34.8,454.7,No,No,13-24 Months
CUST10041,Male,0,Yes,Yes,18,Yes,No,DSL,No,No,No,Yes,No,Yes,Month-to-month,No,Mailed check,57.39,980.48,Yes,No,13-24 Months
CUST10042,Male,0,No,Yes,52,Yes,Yes,DSL,Yes,No,No,Yes,Yes,Yes,One year,No,Credit card,77.3,3959.79,No,No,49-72 Months
CUST10043,Female,0,Yes,No,29,Yes,Yes,DSL,Yes,No,No,Yes,No,No,One year,Yes,Credit card,64.78,1844.35,No,No,25-48 Months
CUST10044,Female,0,Yes,No,60,No,No phone service,DSL,No,No,No,No,Yes,No,Month-to-month,Yes,Electronic check,52.63,2993.3,No,No,49-72 Months
CUST10045,Female,1,Yes,Yes,21,Yes,Yes,DSL,No,Yes,Yes,Yes,No,Yes,Month-to-month,No,Electronic check,83.05,1663.48,No,Yes,13-24 Months
CUST10046,Female,0,No,Yes,17,Yes,No,Fiber optic,No,No,Yes,No,Yes,No,Month-to-month,No,Electronic check,86.29,1574.59,Yes,No,13-24 Months
CUST10047,Female,0,Yes,No,18,Yes,No,Fiber optic,No,No,Yes,No,Yes,No,One year,Yes,Electronic check,89.0,1625.9,No,No,13-24 Months
CUST10048,Male,0,No,Yes,57,Yes,No,Fiber optic,No,No,No,No,No,No,Month-to-month,No,Bank transfer,76.88,4341.27,No,No,49-72 Months
CUST10049,Female,0,No,No,37,Yes,Yes,DSL,No,No,Yes,No,Yes,No,Month-to-month,No,Bank transfer,63.99,2315.1,Yes,No,25-48 Months
CUST10050,Female,0,No,No,60,Yes,No,No,No internet service,No internet service,No internet service,No internet service,No internet service,No internet service,Month-to-month,Yes,Bank transfer,25.33,1580.87,No,No,49-72 Months
CUST10051,Male,1,No,No,38,Yes,No,Fiber optic,Yes,Yes,Yes,Yes,Yes,No,Month-to-month,No,Electronic check,91.82,3495.9,No,Yes,25-48 Months
CUST10052,Female,0,Yes,No,12,Yes,No,DSL,No,Yes,No,No,No,No,Month-to-month,Yes,Credit card,62.45,659.67,No,No,0-12 Months
CUST10053,Male,0,Yes,No,1,Yes,No,Fiber optic,Yes,Yes,Yes,Yes,No,No,Two year,Yes,Mailed check,91.65,48.96,No,No,0-12 Months
CUST10054,Female,1,No,No,58,Yes,No,DSL,No,No,Yes,No,No,Yes,Month-to-month,Yes,Mailed check,62.07,3501.0,Yes,Yes,49-72 Months
CUST10055,Male,0,Yes,No,3,Yes,No,Fiber optic,No,No,No,Yes,No,Yes,Month-to-month,Yes,Credit card,89.69,213.68,No,No,0-12 Months
CUST10056,Female,0,No,No,63,Yes,Yes,Fiber optic,No,No,Yes,No,No,Yes,One year,Yes,Electronic check,89.14,5670.86,No,No,49-72 Months
CUST10057,Female,0,No,Yes,21,Yes,No,No,No internet service,No internet service,No internet service,No internet service,No internet service,No internet service,Two year,No,Mailed check,25.76,587.78,No,No,13-24 Months
CUST10058,Male,0,No,No,23,Yes,No,DSL,No,No,No,No,Yes,No,Month-to-month,Yes,Bank transfer,52.4,1287.43,No,No,13-24 Months
CUST10059,Male,0,No,No,9,Yes,No,Fiber optic,Yes,No,Yes,No,No,Yes,Month-to-month,No,Credit card,77.52,709.02,No,No,0-12 Months
CUST10060,Male,1,No,No,55,Yes,No,DSL,Yes,Yes,Yes,Yes,No,Yes,Month-to-month,No,Electronic check,76.67,4096.36,No,Yes,49-72 Months
CUST10061,Male,0,No,No,19,Yes,Yes,Fiber optic,No,Yes,No,Yes,No,No,Month-to-month,Yes,Bank transfer,103.69,1870.38,Yes,No,13-24 Months
CUST10062,Male,0,Yes,No,62,Yes,No,Fiber optic,No,No,No,No,No,No,Month-to-month,Yes,Credit card,72.35,4523.8,No,No,49-72 Months
CUST10063,Male,0,No,Yes,39,Yes,No,DSL,Yes,No,No,Yes,Yes,No,Month-to-month,Yes,Mailed check,64.49,2523.23,No,No,25-48 Months
CUST10064,Male,0,Yes,No,27,Yes,No,Fiber optic,No,Yes,No,Yes,Yes,Yes,Month-to-month,Yes,Electronic check,97.15,2530.34,Yes,No,25-48 Months
CUST10065,Male,0,Yes,No,46,Yes,Yes,Fiber optic,Yes,No,No,No,Yes,Yes,Two year,Yes,Bank transfer,102.56,4690.28,No,No,25-48 Months
CUST10066,Female,0,No,No,34,Yes,No,No,No internet service,No internet service,No internet service,No internet service,No internet service,No internet service,Month-to-month,Yes,Electronic check,34.41,1321.83,No,No,25-48 Months
CUST10067,Female,0,Yes,No,33,Yes,No,DSL,No,Yes,No,No,Yes,Yes,Month-to-month,Yes,Mailed check,64.83,2213.84,No,No,25-48 Months
CUST10068,Male,0,Yes,Yes,50,Yes,No,No,No internet service,No internet service,No internet service,No internet service,No internet service,No internet service,Two year,Yes,Credit card,32.31,1735.53,No,No,49-72 Months
CUST10069,Female,0,Yes,No,20,Yes,Yes,No,No internet service,No internet service,No internet service,No internet service,No internet service,No internet service,One year,Yes,Bank transfer,36.57,637.09,No,No,13-24 Months
CUST10070,Female,0,No,Yes,40,Yes,Yes,No,No internet service,No internet service,No internet service,No internet service,No internet service,No internet service,Month-to-month,No,Electronic check,38.49,1673.41,Yes,No,25-48 Months
CUST10071,Female,0,No,No,58,Yes,No,Fiber optic,Yes,No,No,Yes,Yes,Yes,Month-to-month,Yes,Electronic check,101.26,5831.26,No,No,49-72 Months
CUST10072,Female,0,No,No,31,Yes,Yes,No,No internet service,No internet service,No internet service,No internet service,No internet service,No internet service,Two year,Yes,Bank transfer,32.13,1121.68,No,No,25-48 Months
CUST10073,Male,0,Yes,Yes,38,No,No phone service,Fiber optic,No,Yes,No,No,No,Yes,Month-to-month,Yes,Mailed check,74.37,2854.71,No,No,25-48 Months
CUST10074,Female,1,No,No,45,No,No phone service,DSL,Yes,No,No,No,Yes,Yes,One year,Yes,Bank transfer,61.31,2809.31,No,Yes,25-48 Months
CUST10075,Male,0,No,Yes,41,No,No phone service,Fiber optic,No,Yes,Yes,Yes,No,Yes,Two year,No,Bank transfer,86.3,3593.83,No,No,25-48 Months
CUST10076,Female,0,Yes,Yes,9,Yes,No,Fiber optic,Yes,No,No,No,No,No,Month-to-month,Yes,Mailed check,83.96,763.55,No,No,0-12 Months
CUST10077,Female,0,Yes,No,9,Yes,Yes,No,No internet service,No internet service,No internet service,No internet service,No internet service,No internet service,One year,Yes,Credit card,35.89,369.67,No,No,0-12 Months
CUST10078,Female,0,Yes,No,63,Yes,No,Fiber optic,Yes,No,No,No,Yes,Yes,Two year,Yes,Credit card,99.05,6158.8,No,No,49-72 Months
CUST10079,Male,0,No,No,22,Yes,No,DSL,No,No,No,No,No,Yes,One year,Yes,Electronic check,47.19,1027.8,No,No,13-24 Months
CUST10080,Female,0,No,No,16,Yes,No,Fiber optic,No,No,Yes,Yes,No,No,Month-to-month,Yes,Electronic check,86.62,1448.32,No,No,13-24 Months
CUST10081,Male,0,No,No,32,Yes,No,No,No internet service,No internet service,No internet service,No internet service,No internet service,No internet service,Two year,Yes,Electronic check,23.55,762.36,No,No,25-48 Months
CUST10082,Female,0,Yes,No,66,No,No phone service,DSL,Yes,Yes,Yes,No,No,No,One year,Yes,Electronic check,60.61,3971.99,No,No,49-72 Months
CUST10083,Male,0,No,Yes,14,Yes,Yes,DSL,Yes,Yes,Yes,No,No,No,One year,Yes,Electronic check,71.25,1016.25,No,No,13-24 Months
CUST10084,Female,0,No,Yes,38,Yes,No,Fiber optic,No,No,No,Yes,Yes,No,One year,No,Mailed check,85.3,3132.18,No,No,25-48 Months
CUST10085,Male,1,No,No,8,Yes,No,DSL,Yes,No,Yes,No,No,No,Month-to-month,Yes,Electronic check,55.87,530.64,Yes,Yes,0-12 Months
CUST10086,Male,0,No,No,21,Yes,No,DSL,No,Yes,Yes,Yes,No,No,Month-to-month,Yes,Electronic check,68.32,1268.37,No,No,13-24 Months
CUST10087,Female,0,Yes,No,56,Yes,No,DSL,No,No,Yes,Yes,Yes,No,Month-to-month,No,Electronic check,69.84,3909.08,No,No,49-72 Months
CUST10088,Male,0,Yes,No,46,Yes,Yes,No,No internet service,No internet service,No internet service,No internet service,No internet service,No internet service,Month-to-month,No,Electronic check,35.59,1698.06,No,No,25-48 Months
CUST10089,Female,0,No,No,43,Yes,No,DSL,Yes,Yes,Yes,Yes,No,No,Month-to-month,No,Mailed check,73.33,3159.59,No,No,25-48 Months
CUST10090,Female,0,No,Yes,46,Yes,No,Fiber optic,No,Yes,No,Yes,No,Yes,Month-to-month,No,Electronic check,93.1,4245.22,No,No,25-48 Months
CUST10091,Female,0,No,Yes,48,No,No phone service,Fiber optic,No,No,No,No,Yes,No,Month-to-month,Yes,Credit card,72.43,3564.6,No,No,25-48 Months
CUST10092,Female,1,Yes,No,70,Yes,No,No,No internet service,No internet service,No internet service,No internet service,No internet service,No internet service,Two year,Yes,Electronic check,33.91,2318.89,No,Yes,49-72 Months
CUST10093,Female,0,No,No,31,Yes,Yes,No,No internet service,No internet service,No internet service,No internet service,No internet service,No internet service,One year,No,Credit card,46.06,1562.54,No,No,25-48 Months
CUST10094,Female,0,Yes,No,33,Yes,No,Fiber optic,Yes,No,Yes,Yes,No,No,One year,No,Electronic check,91.41,2999.72,No,No,25-48 Months
CUST10095,Female,0,Yes,Yes,44,Yes,Yes,No,No internet service,No internet service,No internet service,No internet service,No internet service,No internet service,Month-to-month,Yes,Bank transfer,38.42,1670.73,No,No,25-48 Months
CUST10096,Female,0,No,No,71,Yes,No,DSL,No,No,No,No,Yes,No,Month-to-month,Yes,Electronic check,61.59,4431.36,No,No,49-72 Months
CUST10097,Female,0,No,Yes,8,Yes,Yes,Fiber optic,No,No,Yes,Yes,No,No,Month-to-month,No,Credit card,87.24,673.08,Yes,No,0-12 Months
CUST10098,Female,0,Yes,Yes,2,Yes,No,Fiber optic,No,No,Yes,No,Yes,No,One year,Yes,Electronic check,86.08,179.85,No,No,0-12 Months
CUST10099,Female,0,Yes,No,17,No,No phone service,DSL,No,Yes,No,No,Yes,No,One year,No,Credit card,50.07,896.89,No,No,13-24 Months
CUST10100,Male,1,Yes,Yes,52,Yes,Yes,Fiber optic,Yes,No,No,Yes,No,No,Month-to-month,Yes,Electronic check,93.5,4764.07,Yes,Yes,49-72 Months
CUST10101,Male,0,Yes,No,45,Yes,No,DSL,Yes,No,No,No,Yes,Yes,One year,No,Electronic check,70.08,3202.84,No,No,25-48 Months
CUST10102,Female,0,No,Yes,37,Yes,Yes,No,No internet service,No internet service,No internet service,No internet service,No internet service,No internet service,One year,Yes,Mailed check,45.79,1558.86,No,No,25-48 Months
CUST10103,Female,0,No,No,42,Yes,No,Fiber optic,Yes,Yes,No,No,Yes,Yes,One year,Yes,Bank transfer,106.5,4471.79,No,No,25-48 Months
CUST10104,Female,0,Yes,No,44,Yes,No,Fiber optic,Yes,Yes,No,No,No,No,Month-to-month,Yes,Credit card,77.43,3378.22,No,No,25-48 Months
CUST10105,Female,0,No,No,38,Yes,No,DSL,Yes,No,Yes,Yes,Yes,No,Month-to-month,Yes,Mailed check,73.79,2698.98,Yes,No,25-48 Months
CUST10106,Female,0,No,No,6,Yes,No,DSL,No,No,Yes,No,No,Yes,Month-to-month,Yes,Bank transfer,65.54,528.56,No,No,0-12 Months
CUST10107,Female,0,No,Yes,68,No,No phone service,No,No internet service,No internet service,No internet service,No internet service,No internet service,No internet service,Month-to-month,No,Bank transfer,20.42,1401.97,No,No,49-72 Months
CUST10108,Female,0,Yes,No,51,Yes,Yes,Fiber optic,Yes,Yes,Yes,Yes,Yes,No,Month-to-month,Yes,Bank transfer,106.42,5375.21,Yes,No,49-72 Months
CUST10109,Female,0,No,No,35,Yes,No,No,No internet service,No internet service,No internet service,No internet service,No internet service,No internet service,Month-to-month,Yes,Bank transfer,36.89,1302.63,No,No,25-48 Months
CUST10110,Male,0,Yes,Yes,58,Yes,Yes,DSL,Yes,Yes,No,Yes,No,No,Month-to-month,Yes,Electronic check,73.65,4470.69,No,No,49-72 Months
CUST10111,Female,1,Yes,No,57,Yes,No,DSL,No,Yes,Yes,No,Yes,Yes,Month-to-month,No,Mailed check,68.78,3841.0,No,Yes,49-72 Months
CUST10112,Male,0,Yes,Yes,6,Yes,Yes,Fiber optic,Yes,Yes,Yes,Yes,Yes,No,Month-to-month,Yes,Credit card,113.88,735.92,No,No,0-12 Months
CUST10113,Female,0,No,No,13,Yes,No,Fiber optic,Yes,No,No,No,Yes,No,Month-to-month,No,Mailed check,89.34,1088.24,Yes,No,13-24 Months
CUST10114,Female,0,Yes,No,59,Yes,Yes,DSL,Yes,No,Yes,No,No,No,Month-to-month,No,Credit card,63.78,3801.7,No,No,49-72 Months
CUST10115,Male,0,Yes,Yes,30,Yes,No,Fiber optic,Yes,No,Yes,No,Yes,No,Month-to-month,No,Credit card,88.18,2592.75,No,No,25-48 Months
CUST10116,Female,0,Yes,No,2,Yes,Yes,Fiber optic,No,Yes,Yes,Yes,No,Yes,One year,Yes,Credit card,100.02,186.95,No,No,0-12 Months
CUST10117,Male,1,No,No,58,Yes,Yes,DSL,No,No,Yes,No,Yes,No,Two year,No,Electronic check,74.92,4357.94,No,Yes,49-72 Months
CUST10118,Female,0,No,No,36,Yes,No,DSL,Yes,Yes,No,No,No,No,Month-to-month,Yes,Electronic check,62.95,2371.71,No,No,25-48 Months
CUST10119,Female,0,Yes,No,72,Yes,Yes,Fiber optic,Yes,Yes,No,Yes,Yes,No,Month-to-month,Yes,Electronic check,108.78,7714.33,No,No,49-72 Months
CUST10120,Male,0,No,No,45,Yes,No,Fiber optic,Yes,No,Yes,Yes,No,Yes,Two year,Yes,Credit card,98.02,4546.99,No,No,25-48 Months
CUST10121,Female,0,No,No,9,No,No phone service,Fiber optic,No,Yes,Yes,No,Yes,No,One year,Yes,Electronic check,78.59,553.87,Yes,No,0-12 Months
CUST10122,Male,0,No,No,65,Yes,Yes,Fiber optic,No,Yes,No,No,Yes,No,Month-to-month,Yes,Mailed check,90.03,5878.05,No,No,49-72 Months
CUST10123,Female,0,Yes,Yes,50,Yes,No,DSL,No,No,No,No,Yes,Yes,One year,Yes,Electronic check,69.37,3473.12,No,No,49-72 Months
CUST10124,Male,1,No,No,32,No,No phone service,No,No internet service,No internet service,No internet service,No internet service,No internet service,No internet service,Month-to-month,Yes,Electronic check,22.23,700.89,No,Yes,25-48 Months
CUST10125,Male,0,No,No,43,No,No phone service,No,No internet service,No internet service,No internet service,No internet service,No internet service,No internet service,One year,Yes,Electronic check,18.67,805.78,No,No,25-48 Months
CUST10126,Female,0,No,No,54,Yes,No,Fiber optic,Yes,Yes,No,No,Yes,No,Two year,No,Electronic check,92.11,5015.51,No,No,49-72 Months
CUST10127,Female,0,Yes,No,47,Yes,No,DSL,Yes,No,No,Yes,No,Yes,Month-to-month,No,Mailed check,71.99,2111.56,No,No,25-48 Months
CUST10128,Male,0,No,No,14,Yes,Yes,Fiber optic,No,Yes,Yes,Yes,No,No,Two year,No,Credit card,99.82,1383.06,No,No,13-24 Months
CUST10129,Female,0,No,No,48,Yes,Yes,Fiber optic,No,Yes,No,Yes,Yes,No,Month-to-month,Yes,Bank transfer,98.54,4786.12,No,No,25-48 Months
CUST10130,Female,0,No,No,55,Yes,No,No,No internet service,No internet service,No internet service,No internet service,No internet service,No internet service,Month-to-month,Yes,Bank transfer,29.77,1618.91,Yes,No,49-72 Months
CUST10131,Female,0,Yes,No,29,Yes,No,No,No internet service,No internet service,No internet service,No internet service,No internet service,No internet service,Month-to-month,Yes,Mailed check,27.05,791.85,No,No,25-48 Months
CUST10132,Male,0,Yes,No,47,Yes,Yes,No,No internet service,No internet service,No internet service,No internet service,No internet service,No internet service,One year,Yes,Credit card,37.12,1837.06,No,No,25-48 Months
CUST10133,Male,0,No,No,63,Yes,No,DSL,No,No,No,No,No,No,Month-to-month,No,Credit card,48.56,3154.26,No,No,49-72 Months
CUST10134,Male,0,No,No,19,Yes,No,No,No internet service,No internet service,No internet service,No internet service,No internet service,No internet service,One year,Yes,Credit card,29.75,649.06,No,No,13-24 Months
CUST10135,Male,1,Yes,No,9,Yes,Yes,Fiber optic,Yes,No,Yes,Yes,Yes,No,One year,No,Electronic check,101.29,829.63,Yes,Yes,0-12 Months
CUST10136,Male,0,No,Yes,37,Yes,Yes,No,No internet service,No internet service,No internet service,No internet service,No internet service,No internet service,Month-to-month,No,Credit card,30.3,1155.25,No,No,25-48 Months
CUST10137,Male,0,Yes,No,52,Yes,Yes,Fiber optic,No,No,No,Yes,Yes,No,Month-to-month,No,Electronic check,98.77,5172.91,No,No,49-72 Months
CUST10138,Male,0,No,No,57,Yes,Yes,DSL,No,No,Yes,Yes,Yes,No,Month-to-month,No,Mailed check,76.87,4522.75,No,No,49-72 Months
CUST10139,Male,1,No,Yes,28,Yes,Yes,Fiber optic,No,No,Yes,No,No,Yes,One year,Yes,Mailed check,92.67,2658.26,No,Yes,25-48 Months
CUST10140,Male,1,No,Yes,36,Yes,Yes,DSL,Yes,No,No,No,Yes,No,Two year,Yes,Bank transfer,67.39,2375.91,No,Yes,25-48 Months
CUST10141,Female,0,No,No,64,Yes,No,Fiber optic,No,Yes,No,Yes,No,No,Month-to-month,No,Bank transfer,78.06,4965.06,No,No,49-72 Months
CUST10142,Male,1,Yes,No,18,Yes,No,No,No internet service,No internet service,No internet service,No internet service,No internet service,No internet service,One year,Yes,Electronic check,35.33,432.53,No,Yes,13-24 Months
CUST10143,Female,0,No,No,35,Yes,Yes,DSL,Yes,No,Yes,No,Yes,Yes,Month-to-month,Yes,Credit card,87.27,3048.27,No,No,25-48 Months
CUST10144,Female,0,Yes,Yes,68,Yes,Yes,DSL,No,No,Yes,Yes,Yes,Yes,Month-to-month,Yes,Mailed check,80.56,5448.54,No,No,49-72 Months
CUST10145,Female,0,No,Yes,39,Yes,No,DSL,Yes,No,No,Yes,No,No,Month-to-month,No,Electronic check,61.63,2361.75,No,No,25-48 Months
CUST10146,Male,0,No,No,8,Yes,No,Fiber optic,No,No,Yes,Yes,Yes,Yes,One year,Yes,Mailed check,94.06,690.08,No,No,0-12 Months
CUST10147,Male,0,No,No,15,Yes,No,No,No internet service,No internet service,No internet service,No internet service,No internet service,No internet service,Two year,No,Mailed check,30.43,579.39,No,No,13-24 Months
CUST10148,Male,0,Yes,Yes,7,Yes,No,DSL,No,Yes,No,Yes,Yes,Yes,Two year,Yes,Electronic check,70.56,278.9,No,No,0-12 Months
CUST10149,Male,0,No,No,17,Yes,No,DSL,Yes,No,No,Yes,Yes,No,Month-to-month,No,Electronic check,63.58,979.3,Yes,No,13-24 Months
CUST10150,Female,0,Yes,No,64,Yes,Yes,No,No internet service,No internet service,No internet service,No internet service,No internet service,No internet service,One year,No,Credit card,35.56,2466.58,No,No,49-72 Months
CUST10151,Male,0,Yes,Yes,12,No,No phone service,No,No internet service,No internet service,No internet service,No internet service,No internet service,No internet service,Month-to-month,Yes,Credit card,18.0,294.73,No,No,0-12 Months
CUST10152,Male,0,No,Yes,56,Yes,No,DSL,No,No,No,No,Yes,No,Month-to-month,Yes,Electronic check,56.36,3180.56,No,No,49-72 Months
CUST10153,Male,0,Yes,Yes,46,Yes,No,Fiber optic,Yes,No,No,No,No,No,Month-to-month,No,Bank transfer,85.28,3922.65,Yes,No,25-48 Months
CUST10154,Male,0,No,No,47,No,No phone service,Fiber optic,No,No,No,No,Yes,Yes,Month-to-month,No,Mailed check,68.44,3169.87,No,No,25-48 Months
CUST10155,Male,0,Yes,No,16,Yes,Yes,Fiber optic,Yes,No,No,No,No,No,One year,No,Mailed check,84.33,1247.22,Yes,No,13-24 Months
CUST10156,Female,1,Yes,No,69,Yes,Yes,Fiber optic,Yes,No,Yes,No,Yes,No,Month-to-month,Yes,Mailed check,102.16,7078.37,No,Yes,49-72 Months
CUST10157,Male,0,No,No,2,Yes,No,No,No internet service,No internet service,No internet service,No internet service,No internet service,No internet service,Two year,Yes,Electronic check,30.97,125.92,No,No,0-12 Months
CUST10158,Female,0,No,No,54,Yes,No,DSL,No,No,No,Yes,No,No,Month-to-month,Yes,Electronic check,51.1,2704.03,No,No,49-72 Months
CUST10159,Male,0,Yes,No,27,Yes,No,DSL,Yes,No,Yes,No,No,Yes,Month-to-month,Yes,Electronic check,77.53,1947.86,No,No,25-48 Months
CUST10160,Female,0,No,No,31,Yes,No,Fiber optic,No,No,Yes,No,Yes,No,Month-to-month,No,Mailed check,100.48,3168.11,No,No,25-48 Months
CUST10161,Male,0,No,Yes,41,Yes,Yes,Fiber optic,No,No,Yes,No,No,No,Month-to-month,Yes,Credit card,86.92,3625.84,No,No,25-48 Months
CUST10162,Male,0,No,No,36,Yes,Yes,No,No internet service,No internet service,No internet service,No internet service,No internet service,No internet service,Two year,No,Credit card,32.04,1220.09,No,No,25-48 Months
CUST10163,Female,1,Yes,No,47,Yes,No,Fiber optic,No,No,No,Yes,Yes,No,Month-to-month,Yes,Credit card,85.74,4017.31,No,Yes,25-48 Months
CUST10164,Female,0,No,No,43,Yes,Yes,DSL,No,Yes,Yes,Yes,No,No,Two year,Yes,Credit card,66.36,2680.94,No,No,25-48 Months
CUST10165,Female,1,No,No,65,Yes,No,Fiber optic,Yes,No,No,No,No,Yes,Month-to-month,No,Electronic check,89.0,5687.2,Yes,Yes,49-72 Months
CUST10166,Male,1,No,Yes,50,Yes,Yes,Fiber optic,No,No,No,No,Yes,No,Month-to-month,No,Bank transfer,91.88,4696.76,No,Yes,49-72 Months
CUST10167,Female,0,Yes,No,1,Yes,No,No,No internet service,No internet service,No internet service,No internet service,No internet service,No internet service,Month-to-month,No,Electronic check,34.93,0.0,No,No,0-12 Months
CUST10168,Male,1,No,No,72,Yes,No,Fiber optic,Yes,No,Yes,Yes,No,No,Two year,No,Credit card,92.0,6679.79,No,Yes,49-72 Months
CUST10169,Male,0,No,No,57,Yes,No,Fiber optic,No,No,No,No,No,No,Month-to-month,No,Credit card,76.14,4258.5,No,No,49-72 Months
CUST10170,Female,0,No,No,16,Yes,Yes,Fiber optic,No,Yes,No,Yes,No,Yes,Two year,No,Mailed check,93.96,1413.65,No,No,13-24 Months
CUST10171,Female,0,Yes,No,28,No,No phone service,Fiber optic,No,Yes,No,No,No,No,Month-to-month,No,Mailed check,63.89,1934.92,No,No,25-48 Months
CUST10172,Male,1,No,No,22,Yes,No,Fiber optic,Yes,Yes,Yes,Yes,No,No,Month-to-month,No,Electronic check,84.9,2016.74,Yes,Yes,13-24 Months
CUST10173,Male,1,No,No,41,Yes,No,DSL,No,No,No,Yes,Yes,No,One year,Yes,Electronic check,62.4,2571.64,No,Yes,25-48 Months
CUST10174,Female,0,Yes,No,19,Yes,Yes,No,No internet service,No internet service,No internet service,No internet service,No internet service,No internet service,Month-to-month,No,Credit card,41.32,746.24,Yes,No,13-24 Months
CUST10175,Female,0,Yes,No,50,Yes,Yes,Fiber optic,No,Yes,No,Yes,No,No,Month-to-month,Yes,Credit card,97.76,4970.48,Yes,No,49-72 Months
CUST10176,Female,0,No,No,59,Yes,Yes,Fiber optic,No,No,Yes,No,Yes,Yes,Two year,Yes,Electronic check,105.19,6079.73,No,No,49-72 Months
CUST10177,Male,0,Yes,No,69,Yes,Yes,No,No internet service,No internet service,No internet service,No internet service,No internet service,No internet service,Month-to-month,Yes,Electronic check,35.16,2523.24,No,No,49-72 Months
CUST10178,Male,0,No,No,34,Yes,No,No,No internet service,No internet service,No internet service,No internet service,No internet service,No internet service,Month-to-month,No,Electronic check,39.3,1497.7,No,No,25-48 Months
CUST10179,Male,0,No,Yes,39,Yes,No,No,No internet service,No internet service,No internet service,No internet service,No internet service,No internet service,Month-to-month,Yes,Credit card,25.26,1031.44,No,No,25-48 Months
CUST10180,Male,0,No,Yes,7,Yes,Yes,No,No internet service,No internet service,No internet service,No internet service,No internet service,No internet service,Month-to-month,No,Credit card,32.02,131.13,Yes,No,0-12 Months
CUST10181,Male,0,Yes,No,52,Yes,Yes,DSL,Yes,Yes,Yes,Yes,Yes,No,Month-to-month,Yes,Mailed check,87.83,4689.31,No,No,49-72 Months
CUST10182,Male,1,Yes,No,60,No,No phone service,Fiber optic,No,No,No,No,No,No,Month-to-month,Yes,Bank transfer,72.03,4346.89,No,Yes,49-72 Months
CUST10183,Female,0,No,No,52,Yes,No,Fiber optic,Yes,Yes,No,No,No,No,One year,Yes,Bank transfer,93.96,4874.86,No,No,49-72 Months
CUST10184,Male,0,Yes,No,24,Yes,No,DSL,No,Yes,Yes,Yes,Yes,Yes,Month-to-month,Yes,Electronic check,83.99,1938.13,No,No,13-24 Months
CUST10185,Male,0,No,Yes,26,Yes,No,No,No internet service,No internet service,No internet service,No internet service,No internet service,No internet service,One year,No,Credit card,33.67,784.31,No,No,25-48 Months
CUST10186,Male,1,Yes,No,10,Yes,Yes,Fiber optic,No,No,Yes,No,No,Yes,Month-to-month,No,Mailed check,98.06,1072.91,No,Yes,0-12 Months
CUST10187,Female,1,Yes,No,17,Yes,No,Fiber optic,Yes,Yes,No,Yes,No,No,Month-to-month,Yes,Electronic check,88.61,1500.26,Yes,Yes,13-24 Months
CUST10188,Male,0,Yes,No,2,Yes,Yes,No,No internet service,No internet service,No internet service,No internet service,No internet service,No internet service,Month-to-month,Yes,Mailed check,32.99,59.06,No,No,0-12 Months
CUST10189,Male,0,No,No,27,Yes,Yes,DSL,Yes,No,Yes,Yes,Yes,Yes,One year,Yes,Bank transfer,87.37,2369.17,Yes,No,25-48 Months
CUST10190,Female,0,No,No,71,Yes,No,Fiber optic,No,Yes,No,Yes,No,No,One year,No,Mailed check,76.52,5276.85,No,No,49-72 Months
CUST10191,Male,0,Yes,Yes,48,Yes,No,Fiber optic,Yes,No,Yes,Yes,No,Yes,Month-to-month,Yes,Bank transfer,95.46,4580.24,No,No,25-48 Months
CUST10192,Male,0,Yes,No,9,Yes,Yes,DSL,Yes,No,No,No,Yes,No,Month-to-month,Yes,Credit card,66.35,596.6,Yes,No,0-12 Months
CUST10193,Male,0,Yes,Yes,23,No,No phone service,DSL,No,Yes,Yes,Yes,Yes,No,One year,Yes,Bank transfer,64.92,1612.69,No,No,13-24 Months
CUST10194,Male,0,No,No,71,No,No phone service,No,No internet service,No internet service,No internet service,No internet service,No internet service,No internet service,Two year,No,Bank transfer,21.1,1564.36,No,No,49-72 Months
CUST10195,Male,0,Yes,No,27,Yes,Yes,Fiber optic,No,Yes,No,No,Yes,No,One year,Yes,Mailed check,101.43,2641.53,No,No,25-48 Months
CUST10196,Female,0,No,No,71,Yes,No,No,No internet service,No internet service,No internet service,No internet service,No internet service,No internet service,Month-to-month,Yes,Electronic check,34.11,2390.44,No,No,49-72 Months
CUST10197,Female,0,No,No,43,Yes,No,Fiber optic,No,Yes,No,No,No,No,One year,No,Mailed check,76.8,3386.29,No,No,25-48 Months
CUST10198,Female,0,No,No,7,Yes,Yes,DSL,Yes,No,No,No,Yes,Yes,One year,No,Electronic check,79.36,451.32,No,No,0-12 Months
CUST10199,Male,1,Yes,No,63,Yes,Yes,DSL,Yes,Yes,No,No,Yes,Yes,Month-to-month,No,Credit card,72.36,4694.59,No,Yes,49-72 Months
CUST10200,Male,0,No,Yes,44,Yes,Yes,Fiber optic,No,No,Yes,No,No,No,Month-to-month,Yes,Credit card,90.66,3985.88,Yes,No,25-48 Months
CUST10201,Male,1,Yes,No,39,Yes,No,No,No internet service,No internet service,No internet service,No internet service,No internet service,No internet service,Month-to-month,Yes,Electronic check,26.27,1067.39,No,Yes,25-48 Months
CUST10202,Female,0,Yes,No,40,Yes,No,DSL,No,No,Yes,No,No,No,Month-to-month,No,Credit card,51.96,2043.09,No,No,25-48 Months
CUST10203,Male,0,No,No,7,Yes,No,No,No internet service,No internet service,No internet service,No internet service,No internet service,No internet service,Two year,Yes,Bank transfer,36.71,220.55,No,No,0-12 Months
CUST10204,Male,0,No,No,70,Yes,Yes,No,No internet service,No internet service,No internet service,No internet service,No internet service,No internet service,Two year,Yes,Credit card,38.95,2652.59,No,No,49-72 Months
CUST10205,Female,0,Yes,Yes,25,Yes,No,No,No internet service,No internet service,No internet service,No internet service,No internet service,No internet service,Month-to-month,Yes,Mailed check,29.03,848.81,No,No,25-48 Months
CUST10206,Male,0,Yes,Yes,59,Yes,No,Fiber optic,No,No,No,No,Yes,No,Month-to-month,No,Bank transfer,87.08,5185.18,No,No,49-72 Months
CUST10207,Female,0,No,No,13,Yes,No,No,No internet service,No internet service,No internet service,No internet service,No internet service,No internet service,One year,No,Mailed check,37.37,408.45,No,No,13-24 Months
CUST10208,Female,0,Yes,No,62,Yes,No,Fiber optic,No,Yes,No,Yes,No,Yes,Month-to-month,No,Electronic check,87.0,5450.53,No,No,49-72 Months
CUST10209,Female,0,No,No,8,Yes,No,DSL,No,Yes,No,No,No,No,Month-to-month,Yes,Electronic check,51.43,486.69,Yes,No,0-12 Months
CUST10210,Male,0,No,No,45,Yes,No,DSL,Yes,Yes,Yes,No,No,No,Month-to-month,Yes,Electronic check,69.06,3194.04,No,No,25-48 Months
CUST10211,Male,0,Yes,Yes,18,Yes,Yes,No,No internet service,No internet service,No internet service,No internet service,No internet service,No internet service,Month-to-month,Yes,Electronic check,38.53,716.11,Yes,No,13-24 Months
CUST10212,Male,0,Yes,No,60,Yes,Yes,DSL,No,No,No,No,Yes,Yes,Month-to-month,Yes,Electronic check,61.69,3715.34,Yes,No,49-72 Months
CUST10213,Male,0,Yes,Yes,60,Yes,Yes,Fiber optic,No,Yes,No,Yes,No,No,One year,No,Bank transfer,100.91,5980.29,Yes,No,49-72 Months
CUST10214,Male,0,No,No,2,Yes,No,DSL,No,No,Yes,Yes,No,Yes,Month-to-month,Yes,Bank transfer,64.59,235.71,No,No,0-12 Months
CUST10215,Male,0,No,Yes,66,No,No phone service,DSL,No,No,No,Yes,Yes,Yes,Two year,Yes,Credit card,53.98,3615.71,No,No,49-72 Months
CUST10216,Male,1,Yes,No,14,Yes,Yes,DSL,No,Yes,No,No,No,Yes,Two year,No,Electronic check,69.06,1045.92,No,Yes,13-24 Months
CUST10217,Female,0,No,Yes,48,Yes,No,No,No internet service,No internet service,No internet service,No internet service,No internet service,No internet service,One year,Yes,Credit card,34.51,1505.87,No,No,25-48 Months
CUST10218,Male,0,No,No,56,Yes,No,Fiber optic,No,No,No,Yes,Yes,Yes,Month-to-month,No,Bank transfer,99.67,5658.23,No,No,49-72 Months
CUST10219,Female,1,Yes,No,12,Yes,No,No,No internet service,No internet service,No internet service,No internet service,No internet service,No internet service,Month-to-month,No,Mailed check,30.29,365.44,No,Yes,0-12 Months
CUST10220,Male,0,No,No,55,Yes,No,Fiber optic,Yes,Yes,Yes,No,No,Yes,One year,No,Bank transfer,109.68,6098.56,No,No,49-72 Months
CUST10221,Male,0,Yes,No,28,Yes,No,No,No internet service,No internet service,No internet service,No internet service,No internet service,No internet service,Two year,No,Bank transfer,44.12,1139.39,No,No,25-48 Months
CUST10222,Male,0,Yes,No,4,Yes,Yes,Fiber optic,No,Yes,Yes,No,No,No,Month-to-month,No,Electronic check,94.24,522.01,No,No,0-12 Months
CUST10223,Female,0,Yes,Yes,36,Yes,Yes,Fiber optic,No,Yes,Yes,Yes,No,No,Month-to-month,Yes,Bank transfer,96.69,3428.67,No,No,25-48 Months
CUST10224,Female,0,Yes,No,50,Yes,No,Fiber optic,No,Yes,No,No,Yes,No,Month-to-month,Yes,Bank transfer,85.32,4357.94,Yes,No,49-72 Months
CUST10225,Female,0,Yes,No,3,Yes,Yes,Fiber optic,No,No,No,No,No,Yes,Month-to-month,No,Credit card,88.24,248.33,No,No,0-12 Months
CUST10226,Female,0,Yes,Yes,1,Yes,Yes,No,No internet service,No internet service,No internet service,No internet service,No internet service,No internet service,Month-to-month,Yes,Credit card,44.48,192.5,No,No,0-12 Months
CUST10227,Male,0,No,Yes,17,Yes,No,Fiber optic,No,No,Yes,Yes,Yes,No,Two year,No,Bank transfer,93.68,1616.36,No,No,13-24 Months
CUST10228,Female,1,No,No,71,Yes,No,No,No internet service,No internet service,No internet service,No internet service,No internet service,No internet service,Month-to-month,Yes,Bank transfer,34.35,2589.74,No,Yes,49-72 Months
CUST10229,Male,0,No,No,62,Yes,No,Fiber optic,No,Yes,No,No,No,No,Month-to-month,Yes,Credit card,83.47,5169.5,Yes,No,49-72 Months
CUST10230,Male,0,Yes,No,48,Yes,Yes,DSL,No,No,No,No,No,No,Two year,Yes,Credit card,60.03,2792.5,No,No,25-48 Months
CUST10231,Female,0,Yes,No,62,Yes,No,Fiber optic,No,No,No,No,Yes,Yes,Month-to-month,Yes,Credit card,94.45,5879.3,No,No,49-72 Months
CUST10232,Female,0,Yes,Yes,69,Yes,Yes,DSL,No,Yes,Yes,No,Yes,No,Two year,No,Bank transfer,78.14,5380.85,No,No,49-72 Months
CUST10233,Female,0,No,Yes,19,Yes,Yes,Fiber optic,No,Yes,Yes,No,No,Yes,Month-to-month,No,Electronic check,101.38,1877.96,Yes,No,13-24 Months
CUST10234,Female,0,No,No,34,Yes,No,Fiber optic,No,No,No,Yes,No,No,Two year,Yes,Credit card,89.22,3133.08,No,No,25-48 Months
CUST10235,Female,0,Yes,Yes,49,Yes,Yes,No,No internet service,No internet service,No internet service,No internet service,No internet service,No internet service,Month-to-month,No,Electronic check,30.4,1381.52,No,No,49-72 Months
CUST10236,Female,1,Yes,No,47,No,No phone service,DSL,No,No,Yes,No,No,Yes,Two year,Yes,Bank transfer,53.42,2663.44,No,Yes,25-48 Months
CUST10237,Female,0,No,No,50,Yes,No,DSL,Yes,No,No,Yes,Yes,Yes,Month-to-month,No,Mailed check,71.36,3553.29,No,No,49-72 Months
CUST10238,Female,0,Yes,Yes,26,Yes,Yes,DSL,Yes,No,No,No,No,No,Month-to-month,No,Mailed check,66.6,1622.59,No,No,25-48 Months
CUST10239,Male,0,Yes,No,56,Yes,No,Fiber optic,No,No,Yes,Yes,Yes,No,Month-to-month,Yes,Electronic check,83.83,4725.61,No,No,49-72 Months
CUST10240,Female,0,No,Yes,14,Yes,No,No,No internet service,No internet service,No internet service,No internet service,No internet service,No internet service,Month-to-month,Yes,Credit card,31.17,450.94,No,No,13-24 Months
CUST10241,Female,0,No,No,25,Yes,No,No,No internet service,No internet service,No internet service,No internet service,No internet service,No internet service,Month-to-month,No,Bank transfer,32.41,797.99,Yes,No,25-48 Months
CUST10242,Male,0,Yes,Yes,4,Yes,Yes,Fiber optic,No,No,Yes,Yes,No,No,Two year,No,Mailed check,98.11,342.07,Yes,No,0-12 Months
CUST10243,Female,0,Yes,No,32,No,No phone service,No,No internet service,No internet service,No internet service,No internet service,No internet service,No internet service,Month-to-month,No,Bank transfer,18.0,681.13,No,No,25-48 Months
CUST10244,Male,0,No,No,65,Yes,Yes,DSL,Yes,No,No,Yes,No,Yes,One year,No,Credit card,87.95,5759.98,No,No,49-72 Months
CUST10245,Male,0,Yes,No,61,Yes,No,DSL,Yes,No,Yes,No,No,No,Month-to-month,No,Mailed check,57.07,3442.3,No,No,49-72 Months
CUST10246,Female,0,Yes,No,20,Yes,Yes,DSL,Yes,Yes,Yes,No,Yes,No,Two year,Yes,Mailed check,73.31,1498.04,No,No,13-24 Months
CUST10247,Male,0,Yes,Yes,10,Yes,Yes,No,No internet service,No internet service,No internet service,No internet service,No internet service,No internet service,Month-to-month,No,Mailed check,40.03,337.89,No,No,0-12 Months
CUST10248,Male,0,Yes,No,34,Yes,No,Fiber optic,No,No,No,No,No,No,Two year,Yes,Credit card,74.36,2606.6,No,No,25-48 Months
CUST10249,Male,0,Yes,No,61,Yes,Yes,Fiber optic,No,Yes,No,Yes,Yes,No,Month-to-month,Yes,Mailed check,108.21,6768.35,No,No,49-72 Months
CUST10250,Male,0,No,No,27,Yes,Yes,DSL,Yes,No,No,No,No,No,Month-to-month,No,Credit card,54.05,1547.94,No,No,25-48 Months
CUST10251,Female,0,Yes,Yes,40,Yes,Yes,Fiber optic,No,No,No,Yes,No,Yes,Month-to-month,Yes,Electronic check,94.18,3714.29,Yes,No,25-48 Months
CUST10252,Male,0,Yes,No,65,Yes,No,No,No internet service,No internet service,No internet service,No internet service,No internet service,No internet service,One year,Yes,Electronic check,34.09,2138.91,No,No,49-72 Months
CUST10253,Female,0,No,Yes,33,Yes,Yes,DSL,Yes,No,Yes,Yes,Yes,Yes,One year,No,Electronic check,82.67,2735.92,No,No,25-48 Months
CUST10254,Male,0,No,No,68,Yes,No,Fiber optic,No,Yes,Yes,No,Yes,Yes,One year,Yes,Mailed check,92.04,6129.83,No,No,49-72 Months
CUST10255,Male,1,No,Yes,71,Yes,Yes,DSL,No,No,No,No,Yes,No,Month-to-month,No,Bank transfer,71.24,5131.29,No,Yes,49-72 Months
CUST10256,Male,0,No,No,9,Yes,No,DSL,No,No,No,Yes,No,No,One year,No,Mailed check,50.8,510.48,No,No,0-12 Months
CUST10257,Male,1,Yes,Yes,16,Yes,No,Fiber optic,Yes,No,No,No,No,No,Two year,Yes,Mailed check,85.22,1351.23,No,Yes,13-24 Months
CUST10258,Female,0,No,No,5,Yes,Yes,DSL,Yes,No,Yes,No,No,Yes,Month-to-month,Yes,Bank transfer,69.38,323.69,Yes,No,0-12 Months
CUST10259,Female,0,Yes,No,23,Yes,No,Fiber optic,No,No,Yes,No,Yes,No,Month-to-month,No,Credit card,85.41,1955.48,No,No,13-24 Months
CUST10260,Male,0,No,Yes,43,Yes,Yes,Fiber optic,Yes,Yes,Yes,Yes,No,Yes,One year,Yes,Credit card,112.79,4974.74,No,No,25-48 Months
CUST10261,Male,0,No,No,57,Yes,Yes,Fiber optic,No,No,No,No,No,No,Month-to-month,Yes,Bank transfer,83.77,4742.42,No,No,49-72 Months
CUST10262,Female,1,No,Yes,51,Yes,Yes,Fiber optic,No,No,Yes,Yes,No,Yes,One year,No,Credit card,94.34,4715.8,No,Yes,49-72 Months
CUST10263,Male,0,No,No,13,No,No phone service,Fiber optic,No,Yes,Yes,Yes,No,No,Month-to-month,No,Bank transfer,82.65,1011.95,Yes,No,13-24 Months
CUST10264,Male,0,Yes,No,24,Yes,No,DSL,No,Yes,No,Yes,Yes,No,Two year,Yes,Electronic check,56.14,1426.47,No,No,13-24 Months
CUST10265,Male,0,No,No,11,Yes,No,Fiber optic,Yes,Yes,No,No,No,Yes,Two year,No,Electronic check,86.0,869.12,No,No,0-12 Months
CUST10266,Female,0,No,No,52,Yes,Yes,Fiber optic,No,No,No,Yes,No,Yes,One year,No,Electronic check,102.73,5437.73,No,No,49-72 Months
CUST10267,Female,0,No,Yes,17,Yes,No,DSL,No,No,No,No,No,No,Month-to-month,Yes,Mailed check,49.15,819.45,No,No,13-24 Months
CUST10268,Female,0,Yes,No,37,Yes,No,No,No internet service,No internet service,No internet service,No internet service,No internet service,No internet service,Month-to-month,No,Credit card,33.59,1099.33,Yes,No,25-48 Months
CUST10269,Male,0,No,Yes,13,Yes,No,Fiber optic,Yes,No,No,Yes,No,Yes,Two year,Yes,Credit card,95.44,1300.68,No,No,13-24 Months
CUST10270,Male,0,Yes,No,62,Yes,No,No,No internet service,No internet service,No internet service,No internet service,No internet service,No internet service,One year,Yes,Electronic check,28.28,1731.62,No,No,49-72 Months
CUST10271,Female,0,Yes,No,8,Yes,Yes,No,No internet service,No internet service,No internet service,No internet service,No internet service,No internet service,One year,No,Mailed check,37.59,330.42,No,No,0-12 Months
CUST10272,Female,0,Yes,No,56,Yes,Yes,Fiber optic,No,No,Yes,No,Yes,No,Month-to-month,No,Bank transfer,88.14,4885.79,No,No,49-72 Months
CUST10273,Female,1,Yes,Yes,70,Yes,No,Fiber optic,No,Yes,No,No,No,No,Month-to-month,Yes,Credit card,80.65,5743.93,No,Yes,49-72 Months
CUST10274,Female,1,No,No,44,Yes,Yes,Fiber optic,No,No,Yes,Yes,Yes,Yes,Month-to-month,No,Electronic check,103.55,4591.75,No,Yes,25-48 Months
CUST10275,Male,0,Yes,No,60,Yes,Yes,Fiber optic,Yes,Yes,Yes,No,No,No,Month-to-month,Yes,Mailed check,107.46,6620.84,No,No,49-72 Months
CUST10276,Female,0,No,Yes,41,Yes,Yes,No,No internet service,No internet service,No internet service,No internet service,No internet service,No internet service,One year,Yes,Credit card,33.49,1430.1,No,No,25-48 Months
CUST10277,Male,0,Yes,No,21,Yes,Yes,Fiber optic,No,Yes,No,Yes,Yes,No,One year,Yes,Credit card,101.57,2114.28,No,No,13-24 Months
CUST10278,Female,0,Yes,No,42,Yes,No,DSL,No,No,No,Yes,Yes,No,Month-to-month,Yes,Electronic check,60.63,2477.4,No,No,25-48 Months
CUST10279,Male,0,Yes,No,29,Yes,Yes,Fiber optic,Yes,Yes,No,No,No,No,One year,Yes,Electronic check,96.07,2672.57,No,No,25-48 Months
CUST10280,Female,1,Yes,No,65,Yes,Yes,No,No internet service,No internet service,No internet service,No internet service,No internet service,No internet service,Two year,No,Bank transfer,30.22,1953.82,No,Yes,49-72 Months
CUST10281,Female,0,Yes,No,17,Yes,No,Fiber optic,No,No,No,No,Yes,Yes,One year,Yes,Credit card,88.34,1494.59,No,No,13-24 Months
CUST10282,Female,1,Yes,Yes,30,Yes,No,Fiber optic,No,No,No,No,No,No,Month-to-month,Yes,Electronic check,77.96,2466.14,Yes,Yes,25-48 Months
CUST10283,Female,0,No,No,26,Yes,No,Fiber optic,No,No,No,No,No,No,Month-to-month,No,Credit card,76.18,1947.69,No,No,25-48 Months
CUST10284,Male,0,Yes,Yes,53,Yes,Yes,Fiber optic,No,Yes,No,Yes,No,No,Two year,Yes,Electronic check,94.48,5088.55,No,No,49-72 Months
CUST10285,Female,0,Yes,No,19,Yes,No,Fiber optic,No,No,No,No,Yes,Yes,Month-to-month,No,Bank transfer,84.85,1603.69,No,No,13-24 Months
CUST10286,Male,1,Yes,No,53,No,No phone service,Fiber optic,Yes,No,Yes,No,Yes,Yes,Two year,Yes,Bank transfer,87.27,4776.51,No,Yes,49-72 Months
CUST10287,Male,0,No,No,17,Yes,No,Fiber optic,No,No,Yes,Yes,No,Yes,One year,Yes,Mailed check,91.91,2111.56,No,No,13-24 Months
CUST10288,Male,0,No,No,46,Yes,No,Fiber optic,No,No,No,Yes,Yes,No,Two year,No,Mailed check,90.9,4289.54,Yes,No,25-48 Months
CUST10289,Male,0,No,Yes,53,Yes,No,Fiber optic,Yes,No,Yes,No,No,No,Two year,Yes,Mailed check,91.98,4835.25,No,No,49-72 Months
CUST10290,Female,0,Yes,No,64,Yes,No,Fiber optic,No,No,No,No,No,No,One year,Yes,Credit card,65.71,4276.66,No,No,49-72 Months
CUST10291,Male,0,Yes,No,45,Yes,No,DSL,No,No,No,Yes,No,Yes,Month-to-month,Yes,Electronic check,60.4,2843.84,No,No,25-48 Months
CUST10292,Male,0,No,Yes,49,Yes,Yes,DSL,No,No,No,Yes,No,Yes,Month-to-month,Yes,Bank transfer,65.71,3191.47,No,No,49-72 Months
CUST10293,Male,0,Yes,No,19,Yes,Yes,DSL,No,No,No,No,Yes,Yes,Month-to-month,No,Bank transfer,67.13,1187.83,No,No,13-24 Months
CUST10294,Female,0,Yes,No,71,Yes,No,Fiber optic,No,No,Yes,No,No,No,Month-to-month,Yes,Mailed check,81.33,5679.21,No,No,49-72 Months
CUST10295,Female,0,Yes,No,65,Yes,No,DSL,Yes,No,No,Yes,No,No,Month-to-month,Yes,Credit card,60.16,3842.27,No,No,49-72 Months
CUST10296,Female,0,Yes,Yes,37,Yes,Yes,Fiber optic,No,Yes,Yes,No,Yes,Yes,Month-to-month,Yes,Bank transfer,100.39,3520.11,No,No,25-48 Months
CUST10297,Female,0,Yes,No,70,Yes,No,DSL,No,No,Yes,No,Yes,No,Month-to-month,Yes,Bank transfer,56.15,3911.96,No,No,49-72 Months
CUST10298,Male,0,No,Yes,26,Yes,No,Fiber optic,Yes,Yes,No,Yes,No,Yes,Month-to-month,No,Bank transfer,99.31,2634.02,Yes,No,25-48 Months
CUST10299,Male,0,Yes,Yes,2,Yes,No,Fiber optic,Yes,Yes,Yes,No,No,No,Two year,No,Bank transfer,84.54,188.76,No,No,0-12 Months
CUST10300,Female,0,No,Yes,59,No,No phone service,Fiber optic,No,Yes,Yes,Yes,No,No,One year,Yes,Electronic check,76.53,4484.8,Yes,No,49-72 Months
CUST10301,Male,1,Yes,Yes,5,Yes,Yes,Fiber optic,No,Yes,No,No,No,Yes,Two year,Yes,Credit card,98.62,422.14,No,Yes,0-12 Months
CUST10302,Male,0,Yes,Yes,37,Yes,No,DSL,Yes,No,No,Yes,No,Yes,Month-to-month,Yes,Electronic check,67.86,2465.21,No,No,25-48 Months
CUST10303,Male,0,No,No,31,No,No phone service,No,No internet service,No internet service,No internet service,No internet service,No internet service,No internet service,Month-to-month,Yes,Bank transfer,27.74,882.58,No,No,25-48 Months
CUST10304,Female,0,Yes,No,48,Yes,No,DSL,Yes,No,No,Yes,No,Yes,Month-to-month,Yes,Bank transfer,66.47,3256.34,No,No,25-48 Months
CUST10305,Female,0,No,Yes,6,Yes,Yes,Fiber optic,Yes,Yes,No,Yes,No,Yes,Month-to-month,Yes,Electronic check,115.16,571.36,No,No,0-12 Months
CUST10306,Male,0,No,Yes,15,No,No phone service,No,No internet service,No internet service,No internet service,No internet service,No internet service,No internet service,One year,No,Electronic check,19.08,298.81,No,No,13-24 Months
CUST10307,Female,0,Yes,No,15,Yes,Yes,Fiber optic,No,No,No,Yes,Yes,No,Month-to-month,Yes,Electronic check,99.99,1521.04,Yes,No,13-24 Months
CUST10308,Female,0,No,No,61,Yes,Yes,No,No internet service,No internet service,No internet service,No internet service,No internet service,No internet service,Month-to-month,No,Electronic check,32.8,1925.35,No,No,49-72 Months
CUST10309,Female,0,Yes,Yes,16,Yes,No,DSL,Yes,Yes,Yes,No,Yes,No,One year,Yes,Credit card,68.75,1143.74,No,No,13-24 Months
CUST10310,Female,0,No,Yes,20,Yes,No,Fiber optic,No,No,No,No,No,No,One year,No,Credit card,83.46,1743.85,No,No,13-24 Months
CUST10311,Female,0,Yes,Yes,44,Yes,No,Fiber optic,Yes,No,No,Yes,No,No,One year,No,Electronic check,81.52,3541.43,No,No,25-48 Months
CUST10312,Male,0,No,Yes,42,Yes,Yes,DSL,No,No,Yes,Yes,Yes,Yes,Month-to-month,Yes,Electronic check,79.91,3287.03,Yes,No,25-48 Months
CUST10313,Female,0,Yes,Yes,46,Yes,No,Fiber optic,No,Yes,No,No,No,Yes,Month-to-month,No,Credit card,83.69,4022.31,No,No,25-48 Months
CUST10314,Male,0,No,No,34,Yes,No,Fiber optic,No,No,No,Yes,Yes,No,Month-to-month,Yes,Electronic check,92.62,3213.18,Yes,No,25-48 Months
CUST10315,Male,0,No,Yes,64,Yes,No,Fiber optic,No,No,Yes,Yes,Yes,No,Two year,No,Credit card,85.95,5515.41,No,No,49-72 Months
CUST10316,Female,1,No,No,29,Yes,Yes,No,No internet service,No internet service,No internet service,No internet service,No internet service,No internet service,Two year,No,Electronic check,43.54,1208.65,No,Yes,25-48 Months
CUST10317,Male,0,No,Yes,3,No,No phone service,DSL,Yes,No,Yes,No,No,No,Month-to-month,Yes,Bank transfer,51.22,91.85,No,No,0-12 Months
CUST10318,Male,0,No,No,9,Yes,No,DSL,No,Yes,Yes,No,Yes,No,Month-to-month,No,Mailed check,67.93,657.24,No,No,0-12 Months
CUST10319,Male,0,No,No,25,Yes,Yes,Fiber optic,Yes,No,No,No,No,No,One year,Yes,Electronic check,86.71,2102.01,No,No,25-48 Months
CUST10320,Female,0,Yes,No,42,Yes,Yes,Fiber optic,No,Yes,No,No,No,Yes,Month-to-month,Yes,Electronic check,100.25,4141.4,Yes,No,25-48 Months
CUST10321,Female,0,Yes,No,46,No,No phone service,Fiber optic,Yes,No,No,Yes,No,No,Two year,Yes,Bank transfer,73.9,3388.78,No,No,25-48 Months
CUST10322,Male,0,Yes,No,59,Yes,No,Fiber optic,No,Yes,No,No,Yes,No,One year,Yes,Electronic check,83.45,4974.32,No,No,49-72 Months
CUST10323,Female,0,Yes,No,21,Yes,No,DSL,No,No,No,Yes,No,No,Month-to-month,No,Bank transfer,57.6,1350.76,Yes,No,13-24 Months
CUST10324,Female,0,Yes,No,22,Yes,No,Fiber optic,No,Yes,No,Yes,No,No,Month-to-month,Yes,Electronic check,84.57,1879.84,No,No,13-24 Months
CUST10325,Female,0,No,No,29,Yes,Yes,No,No internet service,No internet service,No internet service,No internet service,No internet service,No internet service,One year,No,Mailed check,46.8,1291.59,No,No,25-48 Months
CUST10326,Female,0,Yes,No,63,Yes,Yes,Fiber optic,No,No,No,No,Yes,Yes,Month-to-month,Yes,Mailed check,100.56,6313.81,No,No,49-72 Months
CUST10327,Male,0,No,No,61,Yes,Yes,Fiber optic,No,No,No,No,No,Yes,One year,No,Mailed check,90.73,5639.12,Yes,No,49-72 Months
CUST10328,Male,1,Yes,No,64,No,No phone service,DSL,No,No,No,Yes,No,No,Month-to-month,Yes,Electronic check,52.17,3435.18,No,Yes,49-72 Months
CUST10329,Female,0,Yes,No,69,Yes,No,DSL,No,No,No,Yes,Yes,No,Month-to-month,Yes,Mailed check,54.75,3877.22,No,No,49-72 Months
CUST10330,Female,0,No,Yes,40,Yes,Yes,DSL,Yes,Yes,No,No,No,No,One year,No,Bank transfer,69.81,2873.31,No,No,25-48 Months
CUST10331,Male,1,No,Yes,1,Yes,No,Fiber optic,No,Yes,No,No,No,No,Month-to-month,No,Credit card,80.51,233.64,Yes,Yes,0-12 Months
CUST10332,Male,0,No,No,65,Yes,No,No,No internet service,No internet service,No internet service,No internet service,No internet service,No internet service,Month-to-month,No,Credit card,28.98,1900.5,No,No,49-72 Months
CUST10333,Female,0,No,Yes,62,Yes,No,Fiber optic,No,Yes,No,No,Yes,No,Month-to-month,Yes,Electronic check,85.6,5367.04,No,No,49-72 Months
CUST10334,Male,0,Yes,No,54,Yes,No,DSL,Yes,No,No,No,No,Yes,One year,Yes,Electronic check,67.57,3584.05,Yes,No,49-72 Months
CUST10335,Female,0,No,Yes,60,Yes,Yes,DSL,No,No,No,No,Yes,Yes,One year,Yes,Electronic check,61.69,3720.16,No,No,49-72 Months
CUST10336,Female,0,Yes,No,46,Yes,No,Fiber optic,No,No,No,No,Yes,Yes,Month-to-month,Yes,Electronic check,91.36,4224.48,No,No,25-48 Months
CUST10337,Male,0,Yes,No,5,Yes,Yes,Fiber optic,No,Yes,No,No,No,Yes,One year,Yes,Electronic check,86.85,497.33,Yes,No,0-12 Months
CUST10338,Male,0,Yes,No,22,Yes,Yes,Fiber optic,No,No,No,Yes,No,No,Month-to-month,Yes,Electronic check,85.78,1837.09,Yes,No,13-24 Months
CUST10339,Female,1,Yes,No,53,Yes,No,Fiber optic,No,No,Yes,Yes,No,Yes,Month-to-month,Yes,Electronic check,91.75,4737.45,Yes,Yes,49-72 Months
CUST10340,Female,0,Yes,No,70,Yes,Yes,Fiber optic,Yes,No,Yes,No,Yes,Yes,One year,No,Electronic check,114.08,7939.3,No,No,49-72 Months
CUST10341,Male,0,No,No,32,Yes,No,DSL,Yes,No,No,Yes,No,Yes,One year,No,Electronic check,64.33,2143.58,No,No,25-48 Months
CUST10342,Female,0,No,No,11,Yes,No,DSL,No,Yes,Yes,Yes,No,Yes,Month-to-month,Yes,Electronic check,72.27,778.01,No,No,0-12 Months
CUST10343,Male,0,Yes,Yes,10,Yes,No,DSL,No,Yes,No,No,No,No,Month-to-month,Yes,Electronic check,48.86,526.11,No,No,0-12 Months
CUST10344,Female,0,Yes,No,39,No,No phone service,DSL,No,Yes,No,Yes,No,Yes,Month-to-month,Yes,Bank transfer,59.53,2273.75,No,No,25-48 Months
CUST10345,Male,1,Yes,No,31,Yes,No,DSL,No,No,No,No,Yes,No,Two year,Yes,Electronic check,50.34,1643.95,No,Yes,25-48 Months
CUST10346,Male,0,Yes,No,12,No,No phone service,DSL,Yes,No,No,Yes,Yes,Yes,Month-to-month,No,Electronic check,55.11,652.85,Yes,No,0-12 Months
CUST10347,Male,0,No,No,38,Yes,No,Fiber optic,No,Yes,No,No,No,No,Month-to-month,No,Electronic check,72.46,2743.72,Yes,No,25-48 Months
CUST10348,Female,0,Yes,No,67,Yes,Yes,Fiber optic,Yes,Yes,No,No,No,No,Month-to-month,No,Mailed check,90.58,6175.12,No,No,49-72 Months
CUST10349,Female,1,No,Yes,66,Yes,No,Fiber optic,Yes,Yes,No,No,Yes,No,Month-to-month,Yes,Credit card,90.83,6120.95,No,Yes,49-72 Months
CUST10350,Male,0,Yes,Yes,52,Yes,Yes,No,No internet service,No internet service,No internet service,No internet service,No internet service,No internet service,One year,No,Electronic check,42.67,2326.81,Yes,No,49-72 Months
CUST10351,Female,0,No,No,5,Yes,Yes,DSL,No,No,No,Yes,No,No,Month-to-month,Yes,Mailed check,69.61,321.82,Yes,No,0-12 Months
CUST10352,Male,0,Yes,No,11,Yes,No,No,No internet service,No internet service,No internet service,No internet service,No internet service,No internet service,Month-to-month,No,Bank transfer,37.49,364.81,No,No,0-12 Months
CUST10353,Male,1,No,No,25,Yes,Yes,Fiber optic,Yes,Yes,Yes,No,Yes,Yes,Month-to-month,Yes,Bank transfer,116.75,2845.9,No,Yes,25-48 Months
CUST10354,Female,1,Yes,Yes,35,Yes,No,Fiber optic,No,Yes,Yes,No,Yes,Yes,Month-to-month,Yes,Credit card,109.38,3709.09,No,Yes,25-48 Months
CUST10355,Female,1,No,No,35,Yes,Yes,Fiber optic,Yes,Yes,No,No,No,Yes,Month-to-month,Yes,Credit card,101.28,3470.06,No,Yes,25-48 Months
CUST10356,Male,0,Yes,No,22,Yes,Yes,DSL,Yes,No,No,No,Yes,Yes,Month-to-month,Yes,Electronic check,78.35,1655.8,No,No,13-24 Months
CUST10357,Female,0,Yes,No,37,Yes,No,No,No internet service,No internet service,No internet service,No internet service,No internet service,No internet service,Month-to-month,Yes,Mailed check,39.14,1347.05,Yes,No,25-48 Months
CUST10358,Female,0,No,Yes,55,Yes,Yes,DSL,No,No,No,No,No,Yes,One year,No,Bank transfer,58.43,3092.18,No,No,49-72 Months
CUST10359,Male,1,No,Yes,72,Yes,Yes,DSL,No,No,No,Yes,No,Yes,One year,Yes,Credit card,73.7,5202.05,No,Yes,49-72 Months
CUST10360,Male,0,No,Yes,64,Yes,No,DSL,Yes,Yes,Yes,No,No,No,Month-to-month,No,Credit card,64.76,4140.83,No,No,49-72 Months
CUST10361,Female,0,No,Yes,20,Yes,Yes,DSL,No,No,No,No,Yes,No,Month-to-month,No,Electronic check,70.67,1448.57,No,No,13-24 Months
CUST10362,Male,0,No,Yes,4,Yes,Yes,DSL,No,Yes,Yes,No,Yes,Yes,Month-to-month,No,Electronic check,86.91,375.82,Yes,No,0-12 Months
CUST10363,Male,0,Yes,Yes,18,Yes,Yes,DSL,No,No,No,No,Yes,Yes,Month-to-month,Yes,Bank transfer,70.18,1221.48,No,No,13-24 Months
CUST10364,Female,0,Yes,No,51,Yes,No,DSL,Yes,Yes,No,No,No,No,Two year,No,Mailed check,53.98,2724.88,No,No,49-72 Months
CUST10365,Male,1,Yes,No,68,Yes,No,No,No internet service,No internet service,No internet service,No internet service,No internet service,No internet service,Two year,Yes,Mailed check,36.75,2528.22,No,Yes,49-72 Months
CUST10366,Male,1,No,No,20,Yes,Yes,DSL,No,Yes,No,Yes,Yes,No,One year,Yes,Bank transfer,71.63,1448.08,No,Yes,13-24 Months
CUST10367,Female,0,Yes,Yes,9,Yes,No,DSL,No,No,No,No,No,Yes,Month-to-month,No,Electronic check,57.61,563.39,No,No,0-12 Months
CUST10368,Female,0,Yes,No,26,Yes,Yes,Fiber optic,Yes,Yes,No,No,No,Yes,One year,Yes,Credit card,93.41,2351.55,No,No,25-48 Months
CUST10369,Male,0,No,No,25,Yes,No,No,No internet service,No internet service,No internet service,No internet service,No internet service,No internet service,Month-to-month,No,Credit card,28.2,843.64,No,No,25-48 Months
CUST10370,Male,0,No,Yes,68,Yes,Yes,DSL,Yes,Yes,No,No,No,No,One year,Yes,Mailed check,72.08,4952.06,No,No,49-72 Months
CUST10371,Female,0,Yes,No,41,No,No phone service,DSL,No,No,No,No,No,Yes,Month-to-month,Yes,Bank transfer,48.93,2065.38,No,No,25-48 Months
CUST10372,Female,0,Yes,Yes,59,Yes,No,No,No internet service,No internet service,No internet service,No internet service,No internet service,No internet service,Month-to-month,Yes,Bank transfer,26.24,1463.5,No,No,49-72 Months
CUST10373,Female,0,Yes,No,45,Yes,No,DSL,Yes,No,No,No,No,No,Month-to-month,No,Electronic check,45.61,1965.55,No,No,25-48 Months
CUST10374,Female,1,Yes,No,41,Yes,No,Fiber optic,Yes,No,No,No,No,Yes,Month-to-month,No,Electronic check,90.44,3652.29,Yes,Yes,25-48 Months
CUST10375,Male,0,Yes,No,38,Yes,Yes,DSL,Yes,No,Yes,Yes,Yes,Yes,One year,Yes,Electronic check,83.92,3248.06,No,No,25-48 Months
CUST10376,Female,0,No,No,19,Yes,Yes,No,No internet service,No internet service,No internet service,No internet service,No internet service,No internet service,One year,Yes,Credit card,37.87,627.04,No,No,13-24 Months
CUST10377,Female,0,No,No,14,Yes,Yes,No,No internet service,No internet service,No internet service,No internet service,No internet service,No internet service,Two year,Yes,Mailed check,36.32,544.14,No,No,13-24 Months
CUST10378,Male,0,No,No,21,Yes,Yes,No,No internet service,No internet service,No internet service,No internet service,No internet service,No internet service,Two year,Yes,Electronic check,34.87,849.02,No,No,13-24 Months
CUST10379,Female,0,Yes,No,15,Yes,Yes,DSL,No,No,Yes,No,Yes,No,Month-to-month,No,Mailed check,72.1,1024.93,No,No,13-24 Months
CUST10380,Male,0,No,Yes,3,Yes,Yes,Fiber optic,No,No,No,No,No,No,Month-to-month,No,Electronic check,77.66,158.06,Yes,No,0-12 Months
CUST10381,Female,0,Yes,Yes,37,Yes,No,DSL,Yes,No,Yes,No,No,No,Month-to-month,No,Electronic check,60.75,2189.19,No,No,25-48 Months
CUST10382,Female,1,Yes,No,46,No,No phone service,No,No internet service,No internet service,No internet service,No internet service,No internet service,No internet service,Two year,Yes,Mailed check,22.07,1002.25,No,Yes,25-48 Months
CUST10383,Female,0,No,No,16,Yes,Yes,No,No internet service,No internet service,No internet service,No internet service,No internet service,No internet service,Month-to-month,Yes,Mailed check,43.74,775.82,Yes,No,13-24 Months
CUST10384,Male,0,Yes,No,14,Yes,Yes,Fiber optic,No,No,No,No,Yes,Yes,Month-to-month,Yes,Bank transfer,96.26,1428.58,No,No,13-24 Months
CUST10385,Male,0,Yes,Yes,9,Yes,No,Fiber optic,No,Yes,No,No,No,Yes,Month-to-month,Yes,Bank transfer,81.04,793.26,Yes,No,0-12 Months
CUST10386,Female,0,No,No,7,Yes,Yes,DSL,Yes,Yes,No,No,No,No,Two year,Yes,Bank transfer,70.37,337.12,No,No,0-12 Months
CUST10387,Male,0,Yes,Yes,14,Yes,No,Fiber optic,No,No,No,Yes,Yes,Yes,Two year,No,Mailed check,89.56,1238.84,No,No,13-24 Months
CUST10388,Male,0,No,No,6,Yes,No,Fiber optic,No,No,Yes,Yes,Yes,No,Month-to-month,Yes,Bank transfer,88.65,461.32,No,No,0-12 Months
CUST10389,Male,0,Yes,No,15,Yes,No,Fiber optic,No,No,Yes,No,No,No,Two year,Yes,Electronic check,77.5,1194.85,No,No,13-24 Months
CUST10390,Male,1,No,No,52,Yes,Yes,Fiber optic,Yes,Yes,No,No,No,Yes,Month-to-month,Yes,Mailed check,98.08,5171.96,Yes,Yes,49-72 Months
CUST10391,Male,0,Yes,Yes,72,No,No phone service,DSL,No,Yes,Yes,No,No,Yes,Month-to-month,No,Mailed check,63.46,4529.48,No,No,49-72 Months
CUST10392,Male,0,Yes,No,34,Yes,No,No,No internet service,No internet service,No internet service,No internet service,No internet service,No internet service,One year,No,Electronic check,33.26,1284.54,No,No,25-48 Months
CUST10393,Female,0,No,No,1,Yes,Yes,No,No internet service,No internet service,No internet service,No internet service,No internet service,No internet service,Month-to-month,Yes,Electronic check,31.5,0.0,No,No,0-12 Months
CUST10394,Female,0,Yes,No,69,Yes,Yes,No,No internet service,No internet service,No internet service,No internet service,No internet service,No internet service,Month-to-month,No,Electronic check,44.56,3117.42,No,No,49-72 Months
CUST10395,Male,0,Yes,No,20,Yes,Yes,Fiber optic,No,Yes,Yes,No,Yes,No,Two year,Yes,Mailed check,104.31,2257.67,No,No,13-24 Months
CUST10396,Female,0,Yes,No,7,Yes,No,Fiber optic,No,Yes,No,Yes,No,No,One year,Yes,Mailed check,87.08,683.03,No,No,0-12 Months
CUST10397,Female,0,Yes,No,7,No,No phone service,DSL,No,No,No,No,No,No,Two year,Yes,Electronic check,28.41,246.45,No,No,0-12 Months
CUST10398,Female,0,Yes,No,50,Yes,No,No,No internet service,No internet service,No internet service,No internet service,No internet service,No internet service,Month-to-month,Yes,Credit card,25.78,1275.35,No,No,49-72 Months
CUST10399,Female,0,Yes,Yes,2,Yes,No,Fiber optic,Yes,No,No,No,No,Yes,Month-to-month,Yes,Mailed check,87.05,223.01,No,No,0-12 Months
CUST10400,Male,0,No,No,47,Yes,No,Fiber optic,No,No,No,Yes,Yes,No,Month-to-month,No,Credit card,95.28,4433.86,No,No,25-48 Months
CUST10401,Female,0,Yes,No,14,Yes,No,Fiber optic,No,No,No,No,No,Yes,Two year,Yes,Bank transfer,88.63,1331.02,Yes,No,13-24 Months
CUST10402,Female,0,No,Yes,31,Yes,No,No,No internet service,No internet service,No internet service,No internet service,No internet service,No internet service,Month-to-month,Yes,Electronic check,25.17,722.43,Yes,No,25-48 Months
CUST10403,Male,0,Yes,Yes,50,No,No phone service,DSL,Yes,No,No,No,Yes,Yes,Month-to-month,Yes,Credit card,50.6,2510.06,Yes,No,49-72 Months
CUST10404,Male,0,Yes,No,61,Yes,No,DSL,Yes,No,No,Yes,Yes,No,Month-to-month,No,Credit card,66.09,3964.21,No,No,49-72 Months
CUST10405,Female,0,No,Yes,41,Yes,Yes,Fiber optic,Yes,No,No,Yes,Yes,No,One year,No,Mailed check,99.7,4060.3,No,No,25-48 Months
CUST10406,Female,0,Yes,No,14,Yes,Yes,No,No internet service,No internet service,No internet service,No internet service,No internet service,No internet service,Month-to-month,Yes,Electronic check,30.79,394.48,No,No,13-24 Months
CUST10407,Female,1,No,Yes,5,Yes,No,Fiber optic,No,No,Yes,Yes,Yes,Yes,Month-to-month,Yes,Electronic check,94.65,311.92,Yes,Yes,0-12 Months
CUST10408,Female,0,Yes,No,5,Yes,No,Fiber optic,No,No,No,Yes,No,No,Month-to-month,Yes,Credit card,90.58,455.57,No,No,0-12 Months
CUST10409,Female,0,No,No,64,Yes,No,Fiber optic,No,No,No,No,Yes,No,Month-to-month,Yes,Electronic check,80.13,5089.58,No,No,49-72 Months
CUST10410,Female,0,No,No,29,Yes,No,Fiber optic,Yes,No,No,Yes,No,Yes,Month-to-month,Yes,Bank transfer,90.5,2519.62,Yes,No,25-48 Months
CUST10411,Male,0,No,No,5,Yes,No,Fiber optic,No,No,No,No,Yes,No,Month-to-month,Yes,Bank transfer,96.13,425.9,No,No,0-12 Months
CUST10412,Female,1,No,No,36,Yes,No,Fiber optic,No,No,Yes,Yes,No,No,Two year,No,Electronic check,83.31,3027.96,No,Yes,25-48 Months
CUST10413,Female,1,No,No,19,Yes,No,DSL,Yes,No,Yes,No,Yes,No,Month-to-month,Yes,Bank transfer,61.94,1035.01,No,Yes,13-24 Months
CUST10414,Male,0,Yes,Yes,64,Yes,Yes,No,No internet service,No internet service,No internet service,No internet service,No internet service,No internet service,Month-to-month,No,Bank transfer,33.45,2128.21,No,No,49-72 Months
CUST10415,Male,0,Yes,Yes,22,Yes,No,Fiber optic,Yes,No,No,Yes,No,No,Month-to-month,No,Mailed check,86.46,1993.72,Yes,No,13-24 Months
CUST10416,Male,0,No,Yes,34,No,No phone service,Fiber optic,Yes,Yes,No,No,No,No,Two year,Yes,Mailed check,72.63,2434.68,No,No,25-48 Months
CUST10417,Male,1,Yes,No,56,Yes,No,DSL,No,Yes,No,No,No,No,Month-to-month,No,Credit card,54.35,3160.55,No,Yes,49-72 Months
CUST10418,Female,0,Yes,Yes,17,Yes,Yes,DSL,No,No,Yes,No,No,Yes,Two year,Yes,Mailed check,68.79,1255.41,No,No,13-24 Months
CUST10419,Female,0,No,Yes,56,Yes,Yes,No,No internet service,No internet service,No internet service,No internet service,No internet service,No internet service,Two year,No,Bank transfer,52.74,2982.53,No,No,49-72 Months
CUST10420,Female,0,Yes,No,17,Yes,Yes,DSL,No,Yes,No,No,Yes,Yes,Month-to-month,Yes,Mailed check,79.56,1350.64,No,No,13-24 Months
CUST10421,Female,0,No,No,18,Yes,No,Fiber optic,Yes,No,Yes,No,Yes,No,Month-to-month,Yes,Electronic check,87.24,1570.94,Yes,No,13-24 Months
CUST10422,Female,0,No,No,45,Yes,No,Fiber optic,No,Yes,No,No,No,No,One year,Yes,Credit card,79.13,3600.0,No,No,25-48 Months
CUST10423,Female,0,No,Yes,56,Yes,Yes,Fiber optic,No,Yes,Yes,Yes,Yes,Yes,One year,Yes,Mailed check,115.02,6600.77,No,No,49-72 Months
CUST10424,Male,0,No,Yes,50,Yes,No,DSL,No,No,No,No,No,Yes,One year,Yes,Electronic check,62.41,3160.78,No,No,49-72 Months
CUST10425,Female,0,Yes,No,58,Yes,No,DSL,Yes,No,No,Yes,No,No,Two year,Yes,Bank transfer,51.98,3133.8,No,No,49-72 Months
CUST10426,Male,0,Yes,Yes,18,Yes,Yes,No,No internet service,No internet service,No internet service,No internet service,No internet service,No internet service,Month-to-month,Yes,Bank transfer,29.91,445.73,Yes,No,13-24 Months
CUST10427,Male,0,Yes,No,7,Yes,No,Fiber optic,No,No,No,No,No,Yes,One year,No,Electronic check,84.35,547.23,No,No,0-12 Months
CUST10428,Female,0,Yes,No,10,Yes,No,DSL,No,Yes,Yes,No,No,No,Month-to-month,Yes,Credit card,56.81,569.44,Yes,No,0-12 Months
CUST10429,Male,0,No,No,69,Yes,No,DSL,Yes,No,Yes,No,No,Yes,Month-to-month,Yes,Electronic check,63.11,4462.0,No,No,49-72 Months
CUST10430,Female,0,No,Yes,3,Yes,No,No,No internet service,No internet service,No internet service,No internet service,No internet service,No internet service,One year,Yes,Bank transfer,30.94,0.0,No,No,0-12 Months
CUST10431,Male,0,Yes,No,44,Yes,No,DSL,Yes,No,No,Yes,No,No,Month-to-month,Yes,Mailed check,63.95,3055.39,No,No,25-48 Months
CUST10432,Female,0,Yes,No,70,Yes,No,Fiber optic,No,Yes,Yes,Yes,No,Yes,Month-to-month,No,Electronic check,95.81,6706.35,No,No,49-72 Months
CUST10433,Male,0,No,No,14,Yes,Yes,Fiber optic,No,Yes,No,Yes,Yes,No,Month-to-month,Yes,Credit card,89.28,1344.23,Yes,No,13-24 Months
CUST10434,Female,0,Yes,No,4,Yes,No,No,No internet service,No internet service,No internet service,No internet service,No internet service,No internet service,Month-to-month,No,Bank transfer,27.36,108.14,No,No,0-12 Months
CUST10435,Female,0,No,Yes,18,Yes,Yes,Fiber optic,No,No,Yes,Yes,No,No,Two year,Yes,Bank transfer,86.2,1486.31,No,No,13-24 Months
CUST10436,Female,0,Yes,Yes,52,Yes,Yes,Fiber optic,Yes,Yes,No,Yes,Yes,No,Month-to-month,Yes,Mailed check,106.81,5691.12,No,No,49-72 Months
CUST10437,Female,0,No,No,38,Yes,Yes,DSL,No,No,Yes,Yes,No,Yes,One year,No,Credit card,84.25,3186.13,No,No,25-48 Months
CUST10438,Female,0,No,No,20,Yes,Yes,No,No internet service,No internet service,No internet service,No internet service,No internet service,No internet service,Month-to-month,Yes,Mailed check,38.44,710.79,No,No,13-24 Months
CUST10439,Male,0,No,No,44,Yes,No,Fiber optic,Yes,Yes,No,No,Yes,Yes,Month-to-month,Yes,Mailed check,101.21,4483.79,No,No,25-48 Months
CUST10440,Male,0,No,No,51,Yes,No,No,No internet service,No internet service,No internet service,No internet service,No internet service,No internet service,Month-to-month,Yes,Credit card,34.07,1785.0,No,No,49-72 Months
CUST10441,Male,0,Yes,No,19,Yes,Yes,Fiber optic,No,No,No,No,Yes,Yes,Month-to-month,Yes,Electronic check,102.74,1978.85,Yes,No,13-24 Months
CUST10442,Female,0,Yes,No,68,Yes,No,Fiber optic,No,Yes,No,No,No,No,Month-to-month,Yes,Electronic check,77.09,5275.47,No,No,49-72 Months
CUST10443,Male,0,No,No,66,Yes,No,DSL,No,No,Yes,No,Yes,No,Two year,Yes,Credit card,61.74,4104.99,No,No,49-72 Months
CUST10444,Female,0,Yes,Yes,13,Yes,No,Fiber optic,Yes,No,No,No,No,Yes,Month-to-month,Yes,Credit card,91.74,1291.3,No,No,13-24 Months
CUST10445,Female,0,No,No,62,Yes,No,DSL,No,Yes,No,No,No,No,Month-to-month,No,Bank transfer,50.29,3122.6,No,No,49-72 Months
CUST10446,Male,0,No,Yes,61,Yes,Yes,Fiber optic,No,No,Yes,No,No,No,Month-to-month,No,Mailed check,79.45,4794.89,No,No,49-72 Months
CUST10447,Male,0,No,No,30,Yes,No,DSL,No,No,No,Yes,Yes,No,Month-to-month,No,Mailed check,59.67,1848.04,No,No,25-48 Months
CUST10448,Female,0,No,No,30,Yes,No,DSL,No,No,No,No,No,Yes,Month-to-month,No,Electronic check,63.28,1701.3,No,No,25-48 Months
CUST10449,Male,0,No,No,51,Yes,No,DSL,No,No,Yes,No,No,No,One year,No,Mailed check,55.7,2888.99,No,No,49-72 Months
CUST10450,Female,0,No,Yes,48,Yes,No,DSL,No,Yes,No,Yes,Yes,No,Month-to-month,No,Mailed check,64.67,3224.7,No,No,25-48 Months
CUST10451,Female,0,Yes,No,33,Yes,No,No,No internet service,No internet service,No internet service,No internet service,No internet service,No internet service,Month-to-month,Yes,Electronic check,35.08,1218.57,No,No,25-48 Months
CUST10452,Female,0,Yes,Yes,19,Yes,No,Fiber optic,Yes,No,No,No,No,No,One year,Yes,Mailed check,82.77,1445.48,No,No,13-24 Months
CUST10453,Female,0,Yes,No,71,Yes,No,Fiber optic,No,No,Yes,Yes,No,Yes,Month-to-month,Yes,Mailed check,88.12,6371.58,No,No,49-72 Months
CUST10454,Female,0,No,Yes,57,No,No phone service,DSL,Yes,No,Yes,Yes,No,No,Month-to-month,Yes,Bank transfer,54.05,3036.72,Yes,No,49-72 Months
CUST10455,Male,1,Yes,No,19,Yes,Yes,Fiber optic,No,No,No,No,No,Yes,One year,Yes,Mailed check,83.88,1609.65,No,Yes,13-24 Months
CUST10456,Male,1,No,No,41,Yes,Yes,Fiber optic,No,Yes,No,Yes,Yes,No,One year,Yes,Credit card,99.72,4191.64,Yes,Yes,25-48 Months
CUST10457,Female,0,Yes,No,42,Yes,Yes,No,No internet service,No internet service,No internet service,No internet service,No internet service,No internet service,Month-to-month,Yes,Mailed check,40.18,1638.2,No,No,25-48 Months
CUST10458,Female,0,No,No,52,No,No phone service,No,No internet service,No internet service,No internet service,No internet service,No internet service,No internet service,One year,No,Mailed check,18.0,947.12,No,No,49-72 Months
CUST10459,Male,0,Yes,Yes,4,Yes,No,Fiber optic,Yes,Yes,Yes,Yes,No,No,Month-to-month,No,Bank transfer,89.9,255.26,No,No,0-12 Months
CUST10460,Male,0,No,Yes,4,Yes,Yes,Fiber optic,No,No,No,Yes,No,No,One year,No,Electronic check,95.39,366.67,No,No,0-12 Months
CUST10461,Female,0,No,No,5,Yes,No,DSL,No,No,No,No,No,No,Two year,Yes,Mailed check,48.32,148.27,No,No,0-12 Months
CUST10462,Male,0,Yes,No,41,Yes,No,Fiber optic,No,Yes,Yes,Yes,No,Yes,Month-to-month,No,Bank transfer,105.29,4355.7,No,No,25-48 Months
CUST10463,Female,0,Yes,Yes,61,Yes,No,DSL,No,Yes,No,No,No,No,Month-to-month,No,Mailed check,48.62,2850.08,No,No,49-72 Months
CUST10464,Male,0,No,No,55,No,No phone service,DSL,No,No,No,Yes,No,No,Month-to-month,No,Credit card,42.34,2321.58,No,No,49-72 Months
CUST10465,Female,0,No,No,13,Yes,No,DSL,No,Yes,Yes,No,No,No,Month-to-month,No,Bank transfer,61.09,748.78,Yes,No,13-24 Months
CUST10466,Male,0,Yes,Yes,14,Yes,No,Fiber optic,Yes,Yes,No,No,No,Yes,Month-to-month,Yes,Electronic check,90.41,1208.44,No,No,13-24 Months
CUST10467,Female,0,No,Yes,60,Yes,No,Fiber optic,Yes,Yes,No,Yes,No,No,One year,Yes,Mailed check,96.33,5867.71,No,No,49-72 Months
CUST10468,Male,0,No,Yes,72,Yes,No,Fiber optic,No,No,Yes,Yes,No,No,Month-to-month,No,Bank transfer,84.41,5991.47,No,No,49-72 Months
CUST10469,Male,0,No,No,25,Yes,No,Fiber optic,No,No,Yes,Yes,No,No,Month-to-month,Yes,Bank transfer,88.56,2170.59,No,No,25-48 Months
CUST10470,Female,0,Yes,No,44,Yes,Yes,DSL,Yes,No,Yes,No,Yes,No,One year,Yes,Credit card,68.54,3031.12,Yes,No,25-48 Months
CUST10471,Male,0,Yes,No,10,Yes,No,Fiber optic,No,No,Yes,Yes,Yes,Yes,One year,Yes,Bank transfer,100.32,1054.62,No,No,0-12 Months
CUST10472,Female,0,No,No,71,No,No phone service,No,No internet service,No internet service,No internet service,No internet service,No internet service,No internet service,Month-to-month,Yes,Electronic check,18.43,1164.11,No,No,49-72 Months
CUST10473,Male,0,No,Yes,50,Yes,Yes,No,No internet service,No internet service,No internet service,No internet service,No internet service,No internet service,One year,No,Electronic check,31.99,1585.36,No,No,49-72 Months
CUST10474,Female,0,No,No,44,Yes,Yes,Fiber optic,Yes,Yes,Yes,Yes,No,Yes,Two year,Yes,Bank transfer,111.33,4959.18,No,No,25-48 Months
CUST10475,Male,0,Yes,No,14,Yes,Yes,Fiber optic,No,Yes,No,Yes,No,No,Month-to-month,Yes,Electronic check,98.81,1516.46,Yes,No,13-24 Months
CUST10476,Female,1,Yes,Yes,15,Yes,Yes,Fiber optic,Yes,No,No,Yes,Yes,No,Month-to-month,No,Bank transfer,96.02,1442.91,No,Yes,13-24 Months
CUST10477,Male,0,Yes,No,16,Yes,No,DSL,No,Yes,Yes,Yes,No,Yes,One year,Yes,Credit card,74.11,1073.78,No,No,13-24 Months
CUST10478,Female,0,Yes,No,2,No,No phone service,DSL,No,No,No,No,Yes,No,One year,No,Bank transfer,45.92,90.82,No,No,0-12 Months
CUST10479,Male,1,Yes,No,30,Yes,No,DSL,No,No,Yes,No,No,No,Month-to-month,Yes,Mailed check,55.54,1627.54,No,Yes,25-48 Months
CUST10480,Female,1,Yes,No,30,Yes,No,DSL,No,Yes,Yes,No,No,No,Month-to-month,No,Bank transfer,64.2,1953.19,No,Yes,25-48 Months
CUST10481,Female,0,No,Yes,31,Yes,Yes,Fiber optic,No,No,Yes,No,No,Yes,One year,Yes,Electronic check,101.21,3284.74,No,No,25-48 Months
CUST10482,Female,0,Yes,Yes,20,Yes,Yes,No,No internet service,No internet service,No internet service,No internet service,No internet service,No internet service,Two year,Yes,Bank transfer,43.21,770.4,No,No,13-24 Months
CUST10483,Male,0,No,No,49,Yes,No,Fiber optic,No,No,Yes,No,Yes,No,One year,Yes,Bank transfer,83.25,4167.11,No,No,49-72 Months
CUST10484,Female,0,No,Yes,35,Yes,No,Fiber optic,No,No,No,No,No,No,Two year,No,Mailed check,68.28,2462.0,No,No,25-48 Months
CUST10485,Male,0,No,No,23,No,No phone service,Fiber optic,Yes,Yes,Yes,No,No,No,One year,Yes,Electronic check,69.94,1661.04,No,No,13-24 Months
CUST10486,Female,0,Yes,No,61,Yes,Yes,DSL,No,Yes,No,No,No,No,Two year,Yes,Credit card,65.17,3996.02,No,No,49-72 Months
CUST10487,Male,0,No,No,55,Yes,No,DSL,No,No,Yes,No,No,No,One year,No,Mailed check,52.37,3046.24,No,No,49-72 Months
CUST10488,Female,0,No,No,67,Yes,No,Fiber optic,No,No,Yes,No,No,Yes,Two year,Yes,Electronic check,92.31,6288.1,Yes,No,49-72 Months
CUST10489,Male,0,No,No,8,Yes,No,Fiber optic,No,Yes,No,Yes,No,Yes,Month-to-month,No,Credit card,86.83,647.9,Yes,No,0-12 Months
CUST10490,Male,0,No,No,40,Yes,Yes,No,No internet service,No internet service,No internet service,No internet service,No internet service,No internet service,Two year,No,Bank transfer,39.23,1573.17,No,No,25-48 Months
CUST10491,Female,0,No,No,59,Yes,No,Fiber optic,No,No,Yes,Yes,No,Yes,Month-to-month,Yes,Bank transfer,83.15,4818.96,Yes,No,49-72 Months
CUST10492,Male,0,No,Yes,32,Yes,No,No,No internet service,No internet service,No internet service,No internet service,No internet service,No internet service,Month-to-month,Yes,Mailed check,32.52,1151.75,No,No,25-48 Months
CUST10493,Male,0,Yes,Yes,7,Yes,No,Fiber optic,No,No,No,Yes,Yes,Yes,Month-to-month,No,Credit card,95.96,675.47,No,No,0-12 Months
CUST10494,Female,0,No,No,2,Yes,Yes,Fiber optic,No,No,Yes,No,No,No,Month-to-month,Yes,Bank transfer,81.5,9.03,No,No,0-12 Months
CUST10495,Male,0,Yes,Yes,6,Yes,No,Fiber optic,Yes,Yes,No,Yes,No,No,Month-to-month,Yes,Mailed check,90.96,349.19,No,No,0-12 Months
CUST10496,Male,0,No,Yes,36,Yes,Yes,DSL,No,Yes,No,No,No,No,Two year,No,Bank transfer,72.35,2559.83,No,No,25-48 Months
CUST10497,Male,1,Yes,Yes,32,Yes,No,DSL,Yes,Yes,Yes,No,Yes,Yes,One year,Yes,Electronic check,82.44,2570.69,No,Yes,25-48 Months
CUST10498,Female,0,Yes,No,45,Yes,Yes,DSL,Yes,Yes,No,No,No,Yes,Two year,No,Electronic check,88.78,3959.46,No,No,25-48 Months
CUST10499,Male,0,No,No,42,Yes,Yes,Fiber optic,No,No,No,Yes,No,No,Two year,Yes,Electronic check,87.77,3669.62,No,No,25-48 Months
CUST10500,Female,0,No,Yes,53,Yes,No,Fiber optic,Yes,Yes,Yes,No,No,No,Month-to-month,No,Electronic check,92.89,5026.91,No,No,49-72 Months
CUST10501,Male,0,Yes,No,9,Yes,Yes,DSL,No,No,No,No,No,Yes,Month-to-month,Yes,Bank transfer,61.62,668.55,No,No,0-12 Months
CUST10502,Male,0,Yes,No,49,Yes,Yes,Fiber optic,No,Yes,Yes,Yes,Yes,No,Month-to-month,Yes,Electronic check,105.23,5334.97,Yes,No,49-72 Months
CUST10503,Male,1,No,Yes,2,Yes,Yes,DSL,No,No,Yes,No,Yes,Yes,Month-to-month,No,Bank transfer,71.12,278.91,Yes,Yes,0-12 Months
CUST10504,Female,0,Yes,No,67,Yes,Yes,Fiber optic,Yes,Yes,Yes,No,Yes,Yes,One year,Yes,Mailed check,115.53,7790.73,No,No,49-72 Months
CUST10505,Male,0,No,No,11,Yes,No,Fiber optic,Yes,Yes,No,Yes,Yes,Yes,Month-to-month,Yes,Mailed check,99.97,987.56,Yes,No,0-12 Months
CUST10506,Male,0,Yes,No,50,Yes,No,Fiber optic,No,Yes,Yes,No,Yes,No,Month-to-month,No,Electronic check,100.33,5080.72,No,No,49-72 Months
CUST10507,Female,0,No,No,35,Yes,No,Fiber optic,Yes,No,Yes,No,No,Yes,Month-to-month,No,Mailed check,85.27,2858.2,No,No,25-48 Months
CUST10508,Male,0,No,Yes,15,Yes,No,DSL,No,Yes,No,No,No,Yes,Month-to-month,Yes,Electronic check,60.48,933.67,Yes,No,13-24 Months
CUST10509,Female,0,Yes,No,31,Yes,No,No,No internet service,No internet service,No internet service,No internet service,No internet service,No internet service,Month-to-month,Yes,Mailed check,28.76,772.36,No,No,25-48 Months
CUST10510,Female,0,Yes,Yes,62,Yes,No,DSL,No,Yes,Yes,No,Yes,Yes,Two year,No,Bank transfer,68.41,4396.81,No,No,49-72 Months
CUST10511,Male,0,Yes,No,28,Yes,No,DSL,No,Yes,No,No,No,Yes,Month-to-month,Yes,Bank transfer,63.17,1799.58,Yes,No,25-48 Months
CUST10512,Female,0,No,No,25,Yes,No,DSL,No,No,Yes,No,No,No,Month-to-month,No,Bank transfer,52.33,1291.84,Yes,No,25-48 Months
CUST10513,Male,1,No,No,25,Yes,No,Fiber optic,Yes,No,No,No,No,Yes,Month-to-month,Yes,Bank transfer,94.02,2314.44,No,Yes,25-48 Months
CUST10514,Female,0,No,Yes,1,Yes,No,Fiber optic,No,No,No,Yes,No,No,One year,No,Credit card,75.94,73.12,No,No,0-12 Months
CUST10515,Female,0,Yes,No,59,No,No phone service,Fiber optic,Yes,No,Yes,Yes,Yes,Yes,Month-to-month,Yes,Electronic check,96.11,5612.03,No,No,49-72 Months
CUST10516,Male,0,Yes,No,69,Yes,Yes,Fiber optic,No,Yes,Yes,Yes,Yes,Yes,Month-to-month,Yes,Credit card,110.57,7603.08,No,No,49-72 Months
CUST10517,Female,0,Yes,No,42,Yes,No,DSL,No,No,No,No,Yes,Yes,Month-to-month,Yes,Mailed check,62.93,2482.87,No,No,25-48 Months
CUST10518,Female,1,Yes,No,34,Yes,No,No,No internet service,No internet service,No internet service,No internet service,No internet service,No internet service,Two year,Yes,Bank transfer,30.46,961.88,No,Yes,25-48 Months
CUST10519,Female,0,No,No,66,Yes,Yes,Fiber optic,Yes,Yes,No,Yes,No,Yes,Two year,Yes,Bank transfer,107.54,7004.73,No,No,49-72 Months
CUST10520,Female,0,No,No,18,Yes,Yes,Fiber optic,Yes,No,Yes,No,No,Yes,Month-to-month,Yes,Bank transfer,89.56,1653.82,Yes,No,13-24 Months
CUST10521,Female,1,No,No,5,Yes,No,Fiber optic,No,No,Yes,No,Yes,Yes,One year,No,Credit card,94.24,473.87,No,Yes,0-12 Months
CUST10522,Male,0,Yes,No,20,Yes,No,DSL,No,No,Yes,No,No,No,Month-to-month,Yes,Electronic check,50.87,1086.75,Yes,No,13-24 Months
CUST10523,Female,1,No,No,66,Yes,Yes,DSL,Yes,Yes,No,Yes,No,No,Month-to-month,No,Mailed check,68.25,4470.89,Yes,Yes,49-72 Months
CUST10524,Male,0,No,No,62,Yes,Yes,Fiber optic,No,Yes,No,Yes,No,No,Month-to-month,Yes,Electronic check,93.22,5788.56,Yes,No,49-72 Months
CUST10525,Female,0,No,Yes,32,Yes,No,DSL,No,No,Yes,Yes,Yes,Yes,Month-to-month,No,Electronic check,79.5,2381.33,No,No,25-48 Months
CUST10526,Male,0,No,No,58,Yes,No,DSL,No,No,Yes,Yes,Yes,No,One year,No,Bank transfer,74.76,4408.7,No,No,49-72 Months
CUST10527,Male,0,Yes,No,50,Yes,Yes,No,No internet service,No internet service,No internet service,No internet service,No internet service,No internet service,Two year,No,Electronic check,34.09,1805.87,No,No,49-72 Months
CUST10528,Female,1,Yes,Yes,38,Yes,No,Fiber optic,No,Yes,Yes,No,Yes,Yes,Month-to-month,Yes,Credit card,84.76,3272.82,Yes,Yes,25-48 Months
CUST10529,Female,0,No,No,55,Yes,No,Fiber optic,Yes,Yes,Yes,No,Yes,No,Month-to-month,No,Bank transfer,97.35,5283.86,Yes,No,49-72 Months
CUST10530,Female,0,Yes,No,28,Yes,No,Fiber optic,No,No,No,Yes,No,No,Month-to-month,Yes,Mailed check,70.91,2029.77,No,No,25-48 Months
CUST10531,Male,0,Yes,No,22,Yes,No,No,No internet service,No internet service,No internet service,No internet service,No internet service,No internet service,One year,Yes,Electronic check,32.21,722.58,No,No,13-24 Months
CUST10532,Female,0,No,No,43,Yes,No,DSL,No,No,No,No,Yes,No,Two year,No,Electronic check,52.5,2100.86,No,No,25-48 Months
CUST10533,Male,0,No,Yes,36,Yes,Yes,No,No internet service,No internet service,No internet service,No internet service,No internet service,No internet service,Two year,Yes,Credit card,38.71,1492.92,No,No,25-48 Months
CUST10534,Male,1,No,Yes,52,Yes,Yes,Fiber optic,No,No,Yes,No,No,Yes,One year,Yes,Bank transfer,89.73,4580.73,No,Yes,49-72 Months
CUST10535,Male,0,Yes,No,36,Yes,Yes,DSL,No,Yes,No,Yes,Yes,Yes,Month-to-month,Yes,Electronic check,75.18,2752.43,No,No,25-48 Months
CUST10536,Female,0,Yes,Yes,28,Yes,Yes,DSL,No,No,Yes,No,Yes,Yes,One year,Yes,Electronic check,70.3,1970.71,Yes,No,25-48 Months
CUST10537,Female,0,No,Yes,58,Yes,Yes,Fiber optic,Yes,Yes,No,Yes,No,Yes,Month-to-month,Yes,Electronic check,105.99,6254.94,No,No,49-72 Months
CUST10538,Male,0,No,No,36,Yes,Yes,Fiber optic,No,No,No,No,No,Yes,Two year,No,Electronic check,82.39,2896.98,No,No,25-48 Months
CUST10539,Male,0,No,No,70,Yes,No,DSL,No,Yes,Yes,No,No,Yes,Month-to-month,Yes,Credit card,69.73,4840.63,No,No,49-72 Months
CUST10540,Female,0,No,No,9,Yes,No,Fiber optic,Yes,Yes,No,Yes,No,Yes,One year,No,Bank transfer,105.89,1008.11,No,No,0-12 Months
CUST10541,Male,1,No,No,21,No,No phone service,Fiber optic,No,Yes,Yes,No,No,No,Month-to-month,No,Mailed check,83.36,1702.66,No,Yes,13-24 Months
CUST10542,Female,0,No,Yes,64,Yes,No,Fiber optic,Yes,No,No,Yes,No,No,Month-to-month,Yes,Credit card,77.02,5042.98,No,No,49-72 Months
CUST10543,Male,0,Yes,Yes,61,Yes,Yes,No,No internet service,No internet service,No internet service,No internet service,No internet service,No internet service,One year,No,Electronic check,30.26,1785.52,No,No,49-72 Months
CUST10544,Female,0,No,No,40,Yes,Yes,No,No internet service,No internet service,No internet service,No internet service,No internet service,No internet service,One year,No,Mailed check,39.41,1623.31,No,No,25-48 Months
CUST10545,Male,1,No,No,56,Yes,Yes,Fiber optic,No,No,No,No,No,No,One year,Yes,Bank transfer,76.66,4292.56,Yes,Yes,49-72 Months
CUST10546,Female,0,No,Yes,4,Yes,No,No,No internet service,No internet service,No internet service,No internet service,No internet service,No internet service,One year,Yes,Electronic check,33.09,79.8,No,No,0-12 Months
CUST10547,Male,0,No,No,31,Yes,Yes,DSL,No,No,Yes,No,Yes,Yes,Month-to-month,No,Mailed check,67.45,2196.3,No,No,25-48 Months
CUST10548,Female,0,No,Yes,27,Yes,No,DSL,No,No,No,No,Yes,Yes,Two year,No,Bank transfer,63.64,1634.1,No,No,25-48 Months
CUST10549,Female,0,Yes,No,58,Yes,No,Fiber optic,No,No,No,Yes,No,No,Two year,No,Mailed check,84.72,4956.3,No,No,49-72 Months
CUST10550,Male,0,No,Yes,25,Yes,Yes,Fiber optic,No,No,No,Yes,Yes,No,Month-to-month,Yes,Mailed check,86.24,1956.25,No,No,25-48 Months
CUST10551,Male,0,Yes,Yes,69,Yes,Yes,Fiber optic,No,No,No,No,Yes,Yes,Two year,Yes,Bank transfer,95.42,6609.49,No,No,49-72 Months
CUST10552,Female,0,No,Yes,70,Yes,No,Fiber optic,No,No,Yes,No,Yes,No,Two year,Yes,Mailed check,86.35,6142.16,No,No,49-72 Months
CUST10553,Male,0,Yes,No,5,Yes,No,DSL,Yes,Yes,No,No,No,Yes,One year,No,Electronic check,70.03,338.26,No,No,0-12 Months
CUST10554,Female,1,Yes,No,8,Yes,No,DSL,Yes,No,No,Yes,No,Yes,Month-to-month,No,Electronic check,63.66,526.23,Yes,Yes,0-12 Months
CUST10555,Male,1,Yes,No,9,Yes,Yes,No,No internet service,No internet service,No internet service,No internet service,No internet service,No internet service,One year,Yes,Mailed check,29.86,405.22,No,Yes,0-12 Months
CUST10556,Female,0,No,No,15,Yes,No,No,No internet service,No internet service,No internet service,No internet service,No internet service,No internet service,Month-to-month,No,Electronic check,18.0,354.59,Yes,No,13-24 Months
CUST10557,Female,0,Yes,No,7,Yes,Yes,Fiber optic,No,Yes,No,No,No,No,One year,Yes,Credit card,93.63,477.31,Yes,No,0-12 Months
CUST10558,Female,0,Yes,Yes,72,Yes,No,Fiber optic,No,No,No,No,No,Yes,Month-to-month,No,Credit card,86.17,6160.99,No,No,49-72 Months
CUST10559,Female,0,No,No,15,Yes,No,Fiber optic,No,Yes,Yes,Yes,No,No,Two year,Yes,Mailed check,89.88,1325.24,No,No,13-24 Months
CUST10560,Female,0,Yes,No,37,No,No phone service,DSL,No,No,Yes,No,No,Yes,One year,No,Credit card,51.74,1939.53,Yes,No,25-48 Months
CUST10561,Female,0,No,No,39,Yes,No,Fiber optic,No,No,No,Yes,No,Yes,Month-to-month,Yes,Mailed check,89.13,3470.81,Yes,No,25-48 Months
CUST10562,Male,0,No,Yes,6,Yes,No,Fiber optic,Yes,Yes,No,Yes,No,No,One year,Yes,Electronic check,94.83,527.08,Yes,No,0-12 Months
CUST10563,Male,0,No,No,57,Yes,Yes,Fiber optic,No,No,No,Yes,No,Yes,Month-to-month,Yes,Bank transfer,83.91,4735.98,Yes,No,49-72 Months
CUST10564,Male,0,Yes,Yes,19,Yes,Yes,DSL,No,No,No,No,No,No,Month-to-month,No,Bank transfer,48.1,798.77,Yes,No,13-24 Months
CUST10565,Female,0,No,No,63,Yes,Yes,No,No internet service,No internet service,No internet service,No internet service,No internet service,No internet service,Month-to-month,No,Electronic check,27.37,1643.64,No,No,49-72 Months
CUST10566,Female,0,Yes,Yes,31,No,No phone service,No,No internet service,No internet service,No internet service,No internet service,No internet service,No internet service,Month-to-month,Yes,Electronic check,18.27,633.63,No,No,25-48 Months
CUST10567,Female,0,Yes,No,10,Yes,No,DSL,No,Yes,No,No,No,Yes,Two year,No,Electronic check,62.91,545.24,No,No,0-12 Months
CUST10568,Female,0,Yes,No,67,Yes,Yes,Fiber optic,No,Yes,No,No,No,No,Month-to-month,No,Electronic check,92.06,6104.02,No,No,49-72 Months
CUST10569,Male,0,No,No,62,Yes,No,No,No internet service,No internet service,No internet service,No internet service,No internet service,No internet service,One year,No,Electronic check,18.0,999.36,No,No,49-72 Months
CUST10570,Male,0,Yes,No,3,Yes,Yes,DSL,No,Yes,No,Yes,Yes,Yes,Month-to-month,Yes,Bank transfer,74.31,253.66,No,No,0-12 Months
CUST10571,Female,0,No,No,18,Yes,Yes,Fiber optic,No,No,No,Yes,No,No,One year,Yes,Electronic check,87.65,1654.57,No,No,13-24 Months
CUST10572,Male,0,No,No,25,Yes,Yes,Fiber optic,No,No,No,No,Yes,No,One year,Yes,Electronic check,90.27,2349.86,No,No,25-48 Months
CUST10573,Male,0,No,No,20,No,No phone service,Fiber optic,No,No,No,No,Yes,Yes,Month-to-month,Yes,Electronic check,78.0,1528.89,No,No,13-24 Months
CUST10574,Female,1,Yes,No,58,Yes,No,No,No internet service,No internet service,No internet service,No internet service,No internet service,No internet service,Two year,No,Credit card,24.37,1408.53,No,Yes,49-72 Months
CUST10575,Male,1,No,No,50,Yes,No,Fiber optic,No,Yes,Yes,No,No,Yes,Month-to-month,Yes,Mailed check,88.5,4427.38,No,Yes,49-72 Months
CUST10576,Female,1,No,Yes,10,Yes,No,DSL,Yes,Yes,Yes,Yes,No,No,One year,Yes,Mailed check,69.32,2111.56,No,Yes,0-12 Months
CUST10577,Male,0,No,No,21,Yes,Yes,DSL,Yes,Yes,Yes,No,Yes,No,Month-to-month,Yes,Mailed check,70.42,1505.13,No,No,13-24 Months
CUST10578,Female,0,Yes,No,29,Yes,No,DSL,Yes,Yes,Yes,No,Yes,No,Month-to-month,Yes,Bank transfer,67.73,2054.8,No,No,25-48 Months
CUST10579,Female,1,No,No,10,Yes,Yes,Fiber optic,No,No,Yes,No,No,No,Two year,No,Mailed check,80.1,880.61,No,Yes,0-12 Months
CUST10580,Female,0,Yes,No,13,Yes,No,Fiber optic,Yes,No,No,No,No,No,One year,No,Electronic check,82.51,1059.22,No,No,13-24 Months
CUST10581,Female,0,Yes,No,47,Yes,No,DSL,No,Yes,No,No,Yes,Yes,Month-to-month,Yes,Electronic check,64.43,2985.35,Yes,No,25-48 Months
CUST10582,Male,0,Yes,Yes,23,No,No phone service,Fiber optic,No,No,Yes,No,Yes,No,Two year,No,Electronic check,70.46,1528.48,No,No,13-24 Months
CUST10583,Female,0,No,Yes,50,Yes,No,Fiber optic,No,Yes,No,No,No,No,Month-to-month,Yes,Mailed check,77.41,3731.65,Yes,No,49-72 Months
CUST10584,Female,1,Yes,Yes,4,Yes,No,DSL,Yes,No,No,No,No,No,One year,No,Electronic check,58.76,278.62,Yes,Yes,0-12 Months
CUST10585,Female,0,Yes,No,67,Yes,Yes,Fiber optic,Yes,Yes,Yes,Yes,Yes,Yes,Month-to-month,Yes,Electronic check,115.89,7764.24,No,No,49-72 Months
CUST10586,Male,0,No,No,53,No,No phone service,Fiber optic,Yes,No,No,No,Yes,No,One year,Yes,Bank transfer,82.51,4373.75,No,No,49-72 Months
CUST10587,Female,0,No,No,2,Yes,Yes,Fiber optic,No,Yes,Yes,No,No,No,Month-to-month,No,Mailed check,96.74,389.18,No,No,0-12 Months
CUST10588,Male,0,Yes,No,68,Yes,Yes,DSL,No,No,No,Yes,Yes,No,Month-to-month,No,Bank transfer,65.25,4564.02,No,No,49-72 Months
CUST10589,Female,0,No,Yes,65,Yes,No,Fiber optic,No,Yes,Yes,No,Yes,No,Two year,Yes,Mailed check,92.67,6027.2,No,No,49-72 Months
CUST10590,Male,0,Yes,No,57,Yes,No,No,No internet service,No internet service,No internet service,No internet service,No internet service,No internet service,Month-to-month,No,Credit card,35.49,2039.55,Yes,No,49-72 Months
CUST10591,Male,0,Yes,No,70,Yes,Yes,Fiber optic,No,Yes,No,No,No,No,Month-to-month,No,Credit card,84.59,5832.29,Yes,No,49-72 Months
CUST10592,Female,1,Yes,No,7,Yes,No,Fiber optic,No,No,No,No,No,No,Month-to-month,Yes,Credit card,76.2,585.05,No,Yes,0-12 Months
CUST10593,Male,0,No,No,19,Yes,No,Fiber optic,Yes,Yes,Yes,No,Yes,No,Month-to-month,Yes,Credit card,92.49,1775.65,Yes,No,13-24 Months
CUST10594,Female,0,Yes,No,44,No,No phone service,DSL,No,No,No,No,No,Yes,Month-to-month,Yes,Electronic check,45.87,1947.78,Yes,No,25-48 Months
CUST10595,Female,0,Yes,No,63,Yes,No,Fiber optic,No,No,Yes,No,Yes,No,Month-to-month,No,Bank transfer,85.71,5419.68,No,No,49-72 Months
CUST10596,Female,0,Yes,No,65,Yes,No,DSL,No,No,No,No,No,No,Month-to-month,No,Electronic check,53.14,3537.22,No,No,49-72 Months
CUST10597,Male,0,No,Yes,39,Yes,Yes,DSL,Yes,No,No,No,Yes,Yes,One year,Yes,Bank transfer,74.08,3054.64,No,No,25-48 Months
CUST10598,Male,0,Yes,Yes,26,Yes,No,Fiber optic,No,Yes,No,No,No,No,One year,No,Mailed check,81.08,1987.0,No,No,25-48 Months
CUST10599,Female,0,Yes,No,44,Yes,No,DSL,Yes,No,Yes,No,No,Yes,Two year,No,Electronic check,68.91,2940.29,Yes,No,25-48 Months
CUST10600,Female,0,Yes,No,12,Yes,No,Fiber optic,No,No,Yes,No,No,Yes,One year,Yes,Credit card,83.05,988.67,No,No,0-12 Months
CUST10601,Male,1,Yes,No,22,Yes,No,DSL,No,No,No,Yes,No,No,Month-to-month,Yes,Electronic check,52.99,1184.15,No,Yes,13-24 Months
CUST10602,Female,0,No,No,14,Yes,Yes,DSL,No,Yes,Yes,No,Yes,No,Month-to-month,Yes,Bank transfer,76.32,1202.9,Yes,No,13-24 Months
CUST10603,Female,0,No,No,30,Yes,Yes,No,No internet service,No internet service,No internet service,No internet service,No internet service,No internet service,One year,Yes,Bank transfer,46.19,1484.04,No,No,25-48 Months
CUST10604,Female,0,Yes,Yes,44,Yes,Yes,No,No internet service,No internet service,No internet service,No internet service,No internet service,No internet service,One year,No,Electronic check,30.71,1185.51,No,No,25-48 Months
CUST10605,Male,0,Yes,No,38,Yes,No,DSL,No,No,No,Yes,No,No,Month-to-month,Yes,Mailed check,57.63,2155.99,No,No,25-48 Months
CUST10606,Male,0,Yes,No,59,Yes,Yes,Fiber optic,Yes,Yes,No,No,Yes,No,Month-to-month,Yes,Electronic check,105.07,6077.66,No,No,49-72 Months
CUST10607,Male,1,Yes,Yes,42,Yes,Yes,DSL,No,Yes,No,No,No,Yes,One year,No,Credit card,69.48,2813.66,No,Yes,25-48 Months
CUST10608,Female,1,Yes,No,52,Yes,No,Fiber optic,Yes,Yes,Yes,No,No,Yes,One year,Yes,Credit card,92.48,4855.87,No,Yes,49-72 Months
CUST10609,Female,0,No,No,63,Yes,No,Fiber optic,No,Yes,No,No,No,No,One year,Yes,Bank transfer,79.74,5034.69,No,No,49-72 Months
CUST10610,Female,1,No,No,61,No,No phone service,DSL,No,Yes,No,Yes,No,No,Month-to-month,Yes,Credit card,45.16,2887.78,No,Yes,49-72 Months
CUST10611,Male,0,No,No,34,No,No phone service,Fiber optic,No,Yes,No,Yes,No,Yes,One year,Yes,Electronic check,79.49,2589.9,No,No,25-48 Months
CUST10612,Female,0,No,No,39,No,No phone service,DSL,No,No,No,No,No,No,One year,No,Mailed check,41.93,1633.12,No,No,25-48 Months
CUST10613,Female,0,No,No,41,Yes,Yes,DSL,No,Yes,Yes,No,No,No,Two year,Yes,Electronic check,66.7,2691.33,No,No,25-48 Months
CUST10614,Female,1,No,No,37,Yes,No,Fiber optic,No,No,Yes,Yes,No,No,One year,No,Bank transfer,85.98,3307.16,No,Yes,25-48 Months
CUST10615,Female,0,Yes,No,65,Yes,No,Fiber optic,Yes,Yes,Yes,Yes,No,No,One year,Yes,Electronic check,89.15,5723.16,No,No,49-72 Months
CUST10616,Male,0,No,Yes,32,Yes,No,Fiber optic,No,Yes,No,No,No,Yes,One year,Yes,Bank transfer,83.95,2703.55,No,No,25-48 Months
CUST10617,Male,0,Yes,No,8,Yes,Yes,Fiber optic,No,No,Yes,Yes,Yes,Yes,Month-to-month,Yes,Bank transfer,109.07,761.22,Yes,No,0-12 Months
CUST10618,Female,0,No,Yes,18,No,No phone service,Fiber optic,No,No,No,No,Yes,No,Month-to-month,No,Electronic check,63.63,1261.08,Yes,No,13-24 Months
CUST10619,Male,0,No,Yes,45,Yes,No,Fiber optic,No,No,No,No,No,No,Two year,Yes,Electronic check,68.37,3223.55,No,No,25-48 Months
CUST10620,Male,1,Yes,No,33,Yes,No,Fiber optic,No,No,No,No,Yes,Yes,Month-to-month,Yes,Electronic check,87.47,2830.8,Yes,Yes,25-48 Months
CUST10621,Female,0,Yes,Yes,5,Yes,No,Fiber optic,No,Yes,Yes,Yes,No,No,One year,No,Bank transfer,87.41,371.68,No,No,0-12 Months
CUST10622,Female,0,No,No,36,No,No phone service,Fiber optic,Yes,No,No,Yes,No,No,Two year,Yes,Electronic check,78.85,2859.6,No,No,25-48 Months
CUST10623,Male,1,Yes,Yes,23,Yes,No,Fiber optic,No,No,No,No,No,Yes,Two year,Yes,Electronic check,70.03,1545.18,Yes,Yes,13-24 Months
CUST10624,Female,0,No,No,40,Yes,No,Fiber optic,No,Yes,Yes,No,Yes,No,One year,Yes,Bank transfer,91.59,3755.22,No,No,25-48 Months
CUST10625,Male,1,No,Yes,5,Yes,No,Fiber optic,No,No,Yes,Yes,Yes,Yes,Month-to-month,No,Electronic check,105.85,565.77,Yes,Yes,0-12 Months
CUST10626,Female,0,No,Yes,34,Yes,No,Fiber optic,Yes,No,No,Yes,Yes,Yes,Month-to-month,No,Mailed check,100.64,3522.96,Yes,No,25-48 Months
CUST10627,Male,0,No,Yes,24,Yes,No,Fiber optic,No,Yes,Yes,Yes,Yes,No,Two year,Yes,Bank transfer,89.33,2057.49,No,No,13-24 Months
CUST10628,Female,0,Yes,No,17,Yes,No,Fiber optic,Yes,No,Yes,No,No,Yes,Month-to-month,Yes,Bank transfer,104.14,1660.28,Yes,No,13-24 Months
CUST10629,Male,1,Yes,No,71,Yes,No,Fiber optic,No,No,Yes,No,Yes,Yes,Two year,Yes,Mailed check,91.27,6509.09,No,Yes,49-72 Months
CUST10630,Male,0,No,Yes,22,Yes,Yes,No,No internet service,No internet service,No internet service,No internet service,No internet service,No internet service,Month-to-month,No,Electronic check,24.83,681.42,No,No,13-24 Months
CUST10631,Male,0,No,No,15,Yes,No,Fiber optic,Yes,No,Yes,Yes,Yes,No,One year,Yes,Electronic check,101.06,1441.04,No,No,13-24 Months
CUST10632,Female,0,No,No,15,No,No phone service,No,No internet service,No internet service,No internet service,No internet service,No internet service,No internet service,Month-to-month,Yes,Bank transfer,18.0,306.89,No,No,13-24 Months
CUST10633,Male,0,Yes,No,25,Yes,Yes,Fiber optic,No,Yes,No,No,Yes,No,Month-to-month,No,Electronic check,103.36,2530.88,Yes,No,25-48 Months
CUST10634,Male,0,Yes,No,53,Yes,No,No,No internet service,No internet service,No internet service,No internet service,No internet service,No internet service,Two year,Yes,Credit card,33.61,1865.93,No,No,49-72 Months
CUST10635,Female,0,No,No,21,Yes,Yes,Fiber optic,Yes,No,No,No,No,No,One year,Yes,Mailed check,97.66,1980.03,Yes,No,13-24 Months
CUST10636,Female,1,Yes,Yes,66,Yes,No,No,No internet service,No internet service,No internet service,No internet service,No internet service,No internet service,Month-to-month,No,Mailed check,24.73,1654.39,No,Yes,49-72 Months
CUST10637,Male,0,No,No,32,Yes,No,DSL,Yes,Yes,No,No,No,Yes,Month-to-month,No,Electronic check,73.39,2438.13,Yes,No,25-48 Months
CUST10638,Male,0,Yes,No,21,Yes,Yes,DSL,No,Yes,No,No,Yes,Yes,One year,Yes,Credit card,71.93,1403.07,No,No,13-24 Months
CUST10639,Female,0,No,No,68,Yes,No,Fiber optic,Yes,Yes,No,No,No,No,Month-to-month,Yes,Bank transfer,86.72,5944.99,No,No,49-72 Months
CUST10640,Female,1,No,Yes,44,Yes,No,No,No internet service,No internet service,No internet service,No internet service,No internet service,No internet service,Two year,Yes,Mailed check,30.86,1329.32,No,Yes,25-48 Months
CUST10641,Female,0,No,Yes,66,Yes,No,Fiber optic,Yes,No,No,No,No,Yes,Month-to-month,Yes,Bank transfer,93.94,6267.58,No,No,49-72 Months
CUST10642,Female,0,Yes,No,14,Yes,No,DSL,Yes,No,Yes,No,Yes,No,Month-to-month,No,Mailed check,71.05,1024.21,No,No,13-24 Months
CUST10643,Female,0,No,No,15,Yes,No,Fiber optic,No,No,No,No,No,No,Month-to-month,No,Mailed check,72.68,1056.72,No,No,13-24 Months
CUST10644,Male,0,No,No,20,Yes,No,Fiber optic,No,No,Yes,No,No,No,Month-to-month,No,Mailed check,85.44,1701.36,No,No,13-24 Months
CUST10645,Female,0,Yes,No,34,Yes,No,DSL,Yes,Yes,No,Yes,Yes,Yes,Month-to-month,Yes,Mailed check,78.54,2523.37,Yes,No,25-48 Months
CUST10646,Male,0,No,Yes,36,Yes,Yes,Fiber optic,No,Yes,Yes,Yes,No,Yes,Two year,Yes,Electronic check,107.47,3938.44,No,No,25-48 Months
CUST10647,Male,0,No,No,9,Yes,No,No,No internet service,No internet service,No internet service,No internet service,No internet service,No internet service,Month-to-month,Yes,Electronic check,31.48,435.29,Yes,No,0-12 Months
CUST10648,Male,0,No,No,71,Yes,Yes,No,No internet service,No internet service,No internet service,No internet service,No internet service,No internet service,Month-to-month,Yes,Electronic check,35.93,2507.86,No,No,49-72 Months
CUST10649,Female,0,No,No,30,No,No phone service,DSL,Yes,No,Yes,No,Yes,No,Month-to-month,Yes,Electronic check,50.38,1508.43,No,No,25-48 Months
CUST10650,Male,0,Yes,Yes,63,Yes,No,DSL,No,No,Yes,Yes,No,No,One year,Yes,Electronic check,61.02,3969.85,No,No,49-72 Months
CUST10651,Male,0,Yes,No,35,Yes,Yes,Fiber optic,No,No,Yes,No,No,No,One year,Yes,Credit card,83.62,2783.32,No,No,25-48 Months
CUST10652,Female,0,Yes,No,13,Yes,No,Fiber optic,No,Yes,No,Yes,No,No,One year,Yes,Bank transfer,78.85,1065.33,No,No,13-24 Months
CUST10653,Male,0,No,Yes,46,Yes,Yes,DSL,No,Yes,Yes,No,No,No,Month-to-month,Yes,Credit card,71.15,3406.9,No,No,25-48 Months
CUST10654,Male,0,No,No,56,Yes,No,Fiber optic,Yes,Yes,No,No,Yes,Yes,One year,Yes,Electronic check,95.85,5316.97,No,No,49-72 Months
CUST10655,Female,0,No,No,9,Yes,No,Fiber optic,Yes,Yes,No,No,Yes,Yes,One year,Yes,Mailed check,89.97,766.41,No,No,0-12 Months
CUST10656,Male,0,Yes,Yes,36,Yes,No,No,No internet service,No internet service,No internet service,No internet service,No internet service,No internet service,Month-to-month,Yes,Bank transfer,30.01,1186.68,No,No,25-48 Months
CUST10657,Male,0,Yes,No,3,Yes,No,No,No internet service,No internet service,No internet service,No internet service,No internet service,No internet service,Month-to-month,Yes,Bank transfer,29.24,0.42,Yes,No,0-12 Months
CUST10658,Male,0,No,No,19,Yes,No,DSL,No,Yes,No,Yes,No,Yes,One year,No,Mailed check,66.69,1336.09,No,No,13-24 Months
CUST10659,Female,0,Yes,No,28,Yes,No,No,No internet service,No internet service,No internet service,No internet service,No internet service,No internet service,Month-to-month,Yes,Bank transfer,29.69,861.23,No,No,25-48 Months
CUST10660,Female,0,Yes,No,23,Yes,No,Fiber optic,Yes,No,Yes,No,Yes,No,Month-to-month,No,Bank transfer,86.97,2091.14,No,No,13-24 Months
CUST10661,Female,0,No,No,7,No,No phone service,Fiber optic,Yes,No,No,Yes,Yes,No,Month-to-month,No,Bank transfer,80.0,549.82,Yes,No,0-12 Months
CUST10662,Male,0,Yes,Yes,14,Yes,No,Fiber optic,Yes,No,Yes,Yes,No,No,Month-to-month,Yes,Bank transfer,95.2,1455.61,Yes,No,13-24 Months
CUST10663,Male,0,Yes,No,46,Yes,No,Fiber optic,No,Yes,No,Yes,Yes,No,Month-to-month,Yes,Credit card,96.27,4397.85,No,No,25-48 Months
CUST10664,Female,1,Yes,No,15,Yes,Yes,DSL,No,Yes,No,No,Yes,No,One year,Yes,Credit card,67.23,890.6,Yes,Yes,13-24 Months
CUST10665,Male,0,Yes,No,67,Yes,Yes,Fiber optic,Yes,No,No,No,Yes,No,Two year,Yes,Mailed check,96.93,6370.76,No,No,49-72 Months
CUST10666,Male,1,No,No,15,No,No phone service,DSL,Yes,No,Yes,No,Yes,No,One year,Yes,Electronic check,57.47,774.64,No,Yes,13-24 Months
CUST10667,Female,0,Yes,Yes,51,Yes,No,Fiber optic,No,No,No,No,No,Yes,Month-to-month,No,Electronic check,80.35,4152.02,No,No,49-72 Months
CUST10668,Female,0,Yes,No,8,Yes,Yes,DSL,Yes,No,No,No,Yes,Yes,One year,Yes,Electronic check,82.23,597.78,No,No,0-12 Months
CUST10669,Male,0,Yes,No,69,Yes,No,DSL,No,No,No,No,No,No,One year,No,Electronic check,45.53,3139.76,No,No,49-72 Months
CUST10670,Male,0,No,Yes,62,Yes,No,Fiber optic,Yes,Yes,No,No,Yes,No,Month-to-month,No,Mailed check,93.53,5806.29,No,No,49-72 Months
CUST10671,Male,0,Yes,No,51,Yes,No,Fiber optic,No,Yes,Yes,No,No,Yes,One year,Yes,Electronic check,83.68,4205.85,No,No,49-72 Months
CUST10672,Female,0,No,No,63,Yes,Yes,Fiber optic,No,No,Yes,No,No,No,One year,Yes,Bank transfer,88.8,5607.07,No,No,49-72 Months
CUST10673,Female,0,Yes,No,68,Yes,No,DSL,Yes,No,Yes,Yes,Yes,No,Month-to-month,Yes,Electronic check,68.7,4746.86,No,No,49-72 Months
CUST10674,Female,1,Yes,Yes,16,Yes,No,No,No internet service,No internet service,No internet service,No internet service,No internet service,No internet service,Month-to-month,Yes,Mailed check,28.09,452.32,Yes,Yes,13-24 Months
CUST10675,Female,0,Yes,No,24,Yes,No,Fiber optic,No,Yes,No,Yes,No,No,Month-to-month,Yes,Electronic check,83.54,2078.54,No,No,13-24 Months
CUST10676,Male,0,No,Yes,6,Yes,No,DSL,No,No,Yes,Yes,No,No,Two year,No,Credit card,48.91,263.27,No,No,0-12 Months
CUST10677,Female,0,No,Yes,57,Yes,Yes,Fiber optic,No,No,No,Yes,Yes,No,Month-to-month,Yes,Bank transfer,85.93,4919.23,No,No,49-72 Months
CUST10678,Female,0,Yes,No,31,Yes,No,Fiber optic,No,No,No,No,No,Yes,Month-to-month,Yes,Mailed check,86.15,2678.44,No,No,25-48 Months
CUST10679,Female,0,No,Yes,6,Yes,No,DSL,Yes,Yes,No,No,Yes,Yes,Month-to-month,No,Credit card,74.52,533.04,Yes,No,0-12 Months
CUST10680,Female,0,No,Yes,29,Yes,Yes,Fiber optic,Yes,Yes,No,No,Yes,No,Two year,Yes,Electronic check,106.29,3116.43,No,No,25-48 Months
CUST10681,Female,0,Yes,Yes,67,Yes,Yes,No,No internet service,No internet service,No internet service,No internet service,No internet service,No internet service,Month-to-month,Yes,Credit card,30.16,1969.39,No,No,49-72 Months
CUST10682,Male,0,No,Yes,3,No,No phone service,Fiber optic,Yes,No,Yes,Yes,No,No,One year,Yes,Mailed check,84.26,291.8,No,No,0-12 Months
CUST10683,Male,0,Yes,Yes,28,Yes,Yes,DSL,Yes,No,No,No,Yes,No,One year,Yes,Electronic check,71.3,1919.99,No,No,25-48 Months
CUST10684,Female,0,No,No,48,No,No phone service,No,No internet service,No internet service,No internet service,No internet service,No internet service,No internet service,One year,No,Electronic check,25.82,1271.79,No,No,25-48 Months
CUST10685,Male,0,No,Yes,10,Yes,No,DSL,No,No,No,No,No,No,Two year,No,Electronic check,49.46,492.17,No,No,0-12 Months
CUST10686,Female,1,No,Yes,33,Yes,No,No,No internet service,No internet service,No internet service,No internet service,No internet service,No internet service,Month-to-month,Yes,Credit card,30.57,1020.91,No,Yes,25-48 Months
CUST10687,Female,1,No,Yes,67,Yes,No,DSL,No,No,No,Yes,No,Yes,Two year,Yes,Bank transfer,57.61,3856.84,No,Yes,49-72 Months
CUST10688,Male,0,Yes,No,69,No,No phone service,Fiber optic,No,No,Yes,No,No,No,Two year,Yes,Electronic check,68.65,4687.93,No,No,49-72 Months
CUST10689,Male,0,No,No,12,Yes,No,Fiber optic,No,No,Yes,No,No,No,Two year,No,Mailed check,77.54,871.9,No,No,0-12 Months
CUST10690,Female,0,Yes,No,57,Yes,No,DSL,No,Yes,Yes,Yes,No,Yes,One year,No,Electronic check,65.37,3812.68,No,No,49-72 Months
CUST10691,Female,0,Yes,No,44,Yes,No,Fiber optic,No,No,No,No,No,Yes,Two year,Yes,Electronic check,82.68,3788.53,No,No,25-48 Months
CUST10692,Female,1,No,No,13,Yes,No,Fiber optic,Yes,No,Yes,Yes,Yes,No,Month-to-month,Yes,Credit card,101.71,1343.89,Yes,Yes,13-24 Months
CUST10693,Male,0,No,No,24,Yes,No,DSL,No,No,No,Yes,No,Yes,Month-to-month,No,Mailed check,67.9,1632.13,No,No,13-24 Months
CUST10694,Female,0,No,Yes,44,Yes,No,Fiber optic,No,No,No,No,No,Yes,Month-to-month,Yes,Mailed check,77.95,3331.43,No,No,25-48 Months
CUST10695,Female,0,Yes,No,57,Yes,Yes,Fiber optic,Yes,No,No,No,No,No,Month-to-month,No,Credit card,86.82,4807.88,No,No,49-72 Months
CUST10696,Female,0,No,No,16,Yes,No,DSL,Yes,No,Yes,No,No,Yes,One year,No,Mailed check,66.33,932.6,No,No,13-24 Months
CUST10697,Male,0,No,No,21,Yes,No,No,No internet service,No internet service,No internet service,No internet service,No internet service,No internet service,Month-to-month,Yes,Electronic check,37.37,827.28,No,No,13-24 Months
CUST10698,Female,1,Yes,Yes,51,Yes,No,No,No internet service,No internet service,No internet service,No internet service,No internet service,No internet service,Month-to-month,No,Electronic check,38.93,1843.47,No,Yes,49-72 Months
CUST10699,Female,0,Yes,No,21,Yes,Yes,DSL,No,Yes,No,No,No,No,One year,Yes,Bank transfer,55.48,1217.66,No,No,13-24 Months
CUST10700,Male,0,Yes,Yes,60,Yes,No,Fiber optic,No,Yes,No,No,No,Yes,Two year,No,Mailed check,89.43,5278.16,No,No,49-72 Months
CUST10701,Female,1,Yes,Yes,51,Yes,Yes,DSL,Yes,Yes,Yes,Yes,No,No,One year,Yes,Electronic check,79.66,4075.2,No,Yes,49-72 Months
CUST10702,Female,0,No,No,21,Yes,Yes,Fiber optic,No,Yes,No,No,No,Yes,Two year,Yes,Bank transfer,93.0,1920.33,No,No,13-24 Months
CUST10703,Male,0,No,No,6,Yes,Yes,No,No internet service,No internet service,No internet service,No internet service,No internet service,No internet service,One year,Yes,Credit card,30.69,99.26,No,No,0-12 Months
CUST10704,Female,0,No,No,65,Yes,No,Fiber optic,No,No,Yes,No,Yes,No,Two year,No,Bank transfer,90.53,5773.51,No,No,49-72 Months
CUST10705,Male,0,No,No,58,Yes,No,No,No internet service,No internet service,No internet service,No internet service,No internet service,No internet service,Month-to-month,Yes,Credit card,36.08,1954.86,No,No,49-72 Months
CUST10706,Male,1,Yes,Yes,6,Yes,Yes,Fiber optic,No,Yes,No,No,No,No,Two year,Yes,Electronic check,84.27,419.03,No,Yes,0-12 Months
CUST10707,Female,0,No,Yes,65,Yes,No,Fiber optic,Yes,No,Yes,No,Yes,Yes,Month-to-month,Yes,Electronic check,104.98,7001.74,No,No,49-72 Months
CUST10708,Female,1,Yes,Yes,34,No,No phone service,No,No internet service,No internet service,No internet service,No internet service,No internet service,No internet service,Two year,Yes,Bank transfer,20.02,785.01,No,Yes,25-48 Months
CUST10709,Female,0,No,No,56,Yes,Yes,Fiber optic,Yes,No,No,No,No,No,One year,No,Electronic check,94.11,5284.69,No,No,49-72 Months
CUST10710,Female,1,Yes,Yes,3,Yes,No,Fiber optic,No,No,No,Yes,Yes,Yes,One year,Yes,Electronic check,101.1,273.99,No,Yes,0-12 Months
CUST10711,Male,0,No,Yes,42,Yes,Yes,Fiber optic,No,No,Yes,No,Yes,No,One year,No,Electronic check,93.88,3896.12,No,No,25-48 Months
CUST10712,Female,0,Yes,No,62,Yes,No,DSL,No,Yes,No,No,Yes,No,Two year,No,Bank transfer,64.09,3982.16,No,No,49-72 Months
CUST10713,Male,0,Yes,Yes,6,Yes,Yes,DSL,Yes,No,No,No,Yes,No,Two year,No,Electronic check,65.49,347.26,No,No,0-12 Months
CUST10714,Female,1,No,No,6,Yes,Yes,No,No internet service,No internet service,No internet service,No internet service,No internet service,No internet service,Month-to-month,No,Electronic check,28.88,127.09,No,Yes,0-12 Months
CUST10715,Female,0,Yes,No,63,Yes,No,Fiber optic,No,Yes,No,No,No,No,Month-to-month,Yes,Electronic check,81.25,5157.92,No,No,49-72 Months
CUST10716,Female,0,No,No,20,Yes,No,No,No internet service,No internet service,No internet service,No internet service,No internet service,No internet service,Month-to-month,Yes,Bank transfer,22.67,372.62,No,No,13-24 Months
CUST10717,Male,0,Yes,No,21,Yes,Yes,DSL,Yes,No,Yes,Yes,Yes,Yes,Month-to-month,No,Mailed check,96.47,1827.33,Yes,No,13-24 Months
CUST10718,Female,0,No,No,2,Yes,No,Fiber optic,No,Yes,Yes,Yes,No,Yes,Month-to-month,No,Electronic check,102.69,158.59,Yes,No,0-12 Months
CUST10719,Female,1,Yes,Yes,56,No,No phone service,No,No internet service,No internet service,No internet service,No internet service,No internet service,No internet service,One year,Yes,Bank transfer,19.24,1193.72,No,Yes,49-72 Months
CUST10720,Female,0,Yes,No,10,Yes,No,DSL,No,No,No,Yes,No,Yes,Month-to-month,No,Bank transfer,75.34,623.1,No,No,0-12 Months
CUST10721,Female,0,Yes,No,70,Yes,Yes,DSL,No,Yes,Yes,No,Yes,No,One year,No,Mailed check,70.85,4860.31,No,No,49-72 Months
CUST10722,Male,0,Yes,Yes,23,No,No phone service,Fiber optic,Yes,Yes,No,No,No,No,Month-to-month,No,Electronic check,73.04,1628.94,Yes,No,13-24 Months
CUST10723,Female,0,Yes,Yes,30,Yes,No,Fiber optic,Yes,No,Yes,Yes,No,Yes,One year,No,Bank transfer,94.98,2721.49,No,No,25-48 Months
CUST10724,Male,0,Yes,No,37,Yes,Yes,DSL,No,No,Yes,No,No,Yes,Month-to-month,No,Credit card,68.68,2661.45,No,No,25-48 Months
CUST10725,Male,0,Yes,No,55,Yes,No,No,No internet service,No internet service,No internet service,No internet service,No internet service,No internet service,One year,No,Electronic check,28.45,1572.57,No,No,49-72 Months
CUST10726,Male,0,Yes,No,49,Yes,No,No,No internet service,No internet service,No internet service,No internet service,No internet service,No internet service,One year,Yes,Electronic check,32.28,1439.58,No,No,49-72 Months
CUST10727,Male,0,No,No,34,Yes,No,Fiber optic,No,Yes,No,Yes,No,Yes,Month-to-month,No,Electronic check,87.01,2947.97,No,No,25-48 Months
CUST10728,Male,0,No,Yes,44,Yes,No,Fiber optic,No,No,No,No,Yes,Yes,Month-to-month,Yes,Bank transfer,89.64,3941.01,Yes,No,25-48 Months
CUST10729,Male,0,Yes,No,22,Yes,No,No,No internet service,No internet service,No internet service,No internet service,No internet service,No internet service,Month-to-month,Yes,Bank transfer,27.29,581.02,No,No,13-24 Months
CUST10730,Female,0,No,No,31,Yes,No,Fiber optic,No,Yes,No,Yes,No,Yes,Two year,No,Electronic check,92.31,2848.47,No,No,25-48 Months
CUST10731,Male,0,No,Yes,7,Yes,No,DSL,No,Yes,No,No,Yes,No,One year,No,Electronic check,56.59,385.76,No,No,0-12 Months
CUST10732,Male,0,Yes,No,21,Yes,No,DSL,No,No,No,No,No,No,One year,No,Credit card,45.68,984.01,No,No,13-24 Months
CUST10733,Male,1,No,No,16,Yes,No,DSL,No,No,No,Yes,No,No,Month-to-month,Yes,Bank transfer,65.63,1079.89,No,Yes,13-24 Months
CUST10734,Female,1,Yes,No,20,Yes,Yes,DSL,Yes,No,No,No,Yes,No,Month-to-month,Yes,Credit card,64.39,1168.12,No,Yes,13-24 Months
CUST10735,Female,0,No,Yes,43,Yes,Yes,DSL,No,Yes,No,Yes,No,No,Month-to-month,Yes,Credit card,69.62,2998.36,No,No,25-48 Months
CUST10736,Male,0,Yes,No,44,Yes,No,Fiber optic,Yes,Yes,No,Yes,Yes,No,Month-to-month,Yes,Mailed check,94.32,4164.42,Yes,No,25-48 Months
CUST10737,Female,1,No,No,47,Yes,Yes,DSL,No,No,No,Yes,Yes,No,Month-to-month,No,Electronic check,63.91,2955.1,Yes,Yes,25-48 Months
CUST10738,Male,0,No,No,19,No,No phone service,DSL,Yes,Yes,No,Yes,No,Yes,Month-to-month,Yes,Bank transfer,62.32,1320.57,No,No,13-24 Months
CUST10739,Male,0,Yes,No,48,Yes,No,Fiber optic,No,No,Yes,No,No,Yes,One year,Yes,Mailed check,82.66,3960.81,No,No,25-48 Months
CUST10740,Female,0,Yes,Yes,69,Yes,No,DSL,No,Yes,Yes,No,No,No,Month-to-month,Yes,Mailed check,62.59,4359.03,No,No,49-72 Months
CUST10741,Male,0,No,No,11,Yes,No,Fiber optic,No,No,Yes,Yes,Yes,No,Month-to-month,No,Mailed check,91.38,969.22,No,No,0-12 Months
CUST10742,Female,0,Yes,No,29,Yes,No,DSL,No,Yes,Yes,Yes,No,No,One year,Yes,Credit card,71.68,2054.4,No,No,25-48 Months
CUST10743,Female,0,No,Yes,45,Yes,Yes,No,No internet service,No internet service,No internet service,No internet service,No internet service,No internet service,One year,No,Electronic check,30.47,1398.64,No,No,25-48 Months
CUST10744,Male,1,No,No,68,Yes,No,No,No internet service,No internet service,No internet service,No internet service,No internet service,No internet service,One year,Yes,Electronic check,31.38,2023.11,No,Yes,49-72 Months
CUST10745,Male,1,No,No,36,Yes,Yes,Fiber optic,Yes,Yes,Yes,Yes,Yes,No,Month-to-month,Yes,Bank transfer,110.85,4050.26,Yes,Yes,25-48 Months
CUST10746,Female,0,No,No,48,Yes,No,Fiber optic,No,No,No,Yes,Yes,Yes,Two year,No,Credit card,89.02,4174.33,No,No,25-48 Months
CUST10747,Male,0,No,Yes,15,Yes,Yes,No,No internet service,No internet service,No internet service,No internet service,No internet service,No internet service,Two year,Yes,Credit card,33.68,575.7,No,No,13-24 Months
CUST10748,Male,0,No,No,44,Yes,Yes,DSL,Yes,No,No,No,No,No,Month-to-month,Yes,Mailed check,54.88,2393.37,No,No,25-48 Months
CUST10749,Male,0,Yes,No,67,Yes,No,No,No internet service,No internet service,No internet service,No internet service,No internet service,No internet service,Month-to-month,No,Electronic check,22.2,1652.24,No,No,49-72 Months
CUST10750,Female,0,Yes,No,40,Yes,Yes,Fiber optic,Yes,No,Yes,Yes,No,No,Two year,No,Mailed check,96.41,3934.92,No,No,25-48 Months
CUST10751,Female,0,Yes,No,14,Yes,No,Fiber optic,Yes,No,No,No,No,No,Two year,No,Credit card,84.03,1255.51,No,No,13-24 Months
CUST10752,Male,1,No,No,63,Yes,No,Fiber optic,Yes,No,No,No,No,No,Month-to-month,No,Mailed check,79.34,5010.14,No,Yes,49-72 Months
CUST10753,Female,0,No,Yes,51,Yes,Yes,Fiber optic,No,No,No,Yes,Yes,No,Month-to-month,Yes,Bank transfer,93.55,4851.86,No,No,49-72 Months
CUST10754,Female,0,Yes,No,58,Yes,Yes,Fiber optic,No,No,Yes,No,Yes,Yes,Two year,Yes,Electronic check,94.51,5542.29,No,No,49-72 Months
CUST10755,Female,1,No,No,15,Yes,No,Fiber optic,No,No,No,Yes,No,Yes,Month-to-month,Yes,Electronic check,76.49,992.44,Yes,Yes,13-24 Months
CUST10756,Female,0,No,No,65,Yes,No,Fiber optic,Yes,No,Yes,Yes,No,No,Two year,No,Bank transfer,91.71,5891.5,No,No,49-72 Months
CUST10757,Female,0,Yes,Yes,55,Yes,No,DSL,Yes,No,Yes,Yes,Yes,No,Month-to-month,No,Credit card,68.7,3703.89,Yes,No,49-72 Months
CUST10758,Male,0,No,No,10,Yes,Yes,Fiber optic,Yes,No,Yes,Yes,Yes,Yes,Two year,Yes,Credit card,102.0,957.73,No,No,0-12 Months
CUST10759,Male,0,Yes,No,42,Yes,No,Fiber optic,Yes,No,No,Yes,Yes,No,Month-to-month,Yes,Credit card,89.28,3729.2,No,No,25-48 Months
CUST10760,Male,0,No,No,11,Yes,No,DSL,Yes,No,No,Yes,Yes,No,Month-to-month,Yes,Mailed check,68.25,792.04,No,No,0-12 Months
CUST10761,Female,0,Yes,Yes,16,Yes,No,DSL,Yes,Yes,Yes,No,No,Yes,Two year,No,Bank transfer,74.01,1278.19,Yes,No,13-24 Months
CUST10762,Female,0,No,Yes,19,Yes,Yes,DSL,No,Yes,Yes,No,No,Yes,Month-to-month,Yes,Credit card,74.99,1473.37,No,No,13-24 Months
CUST10763,Male,1,No,No,31,Yes,No,Fiber optic,No,No,No,No,No,Yes,Month-to-month,No,Electronic check,78.52,2533.46,No,Yes,25-48 Months
CUST10764,Female,0,Yes,Yes,53,Yes,Yes,Fiber optic,No,Yes,No,No,No,Yes,Two year,No,Credit card,96.97,5055.02,No,No,49-72 Months
CUST10765,Male,0,No,No,8,No,No phone service,DSL,Yes,No,Yes,No,No,Yes,Month-to-month,No,Mailed check,56.9,414.89,No,No,0-12 Months
CUST10766,Male,0,No,Yes,24,Yes,No,No,No internet service,No internet service,No internet service,No internet service,No internet service,No internet service,Month-to-month,Yes,Credit card,25.62,594.02,No,No,13-24 Months
CUST10767,Male,0,Yes,No,8,Yes,No,Fiber optic,No,No,No,Yes,Yes,Yes,Month-to-month,No,Bank transfer,88.41,653.92,Yes,No,0-12 Months
CUST10768,Female,0,Yes,No,48,Yes,No,Fiber optic,No,No,No,Yes,No,Yes,One year,No,Electronic check,87.98,4133.3,No,No,25-48 Months
CUST10769,Female,0,No,No,30,Yes,No,DSL,Yes,No,Yes,Yes,No,No,One year,Yes,Electronic check,69.34,2111.56,No,No,25-48 Months
CUST10770,Male,0,Yes,No,58,Yes,No,Fiber optic,Yes,Yes,No,No,Yes,No,Two year,Yes,Mailed check,94.97,5451.91,No,No,49-72 Months
CUST10771,Male,0,Yes,No,55,No,No phone service,Fiber optic,Yes,No,Yes,Yes,No,No,Month-to-month,No,Electronic check,80.82,4509.43,No,No,49-72 Months
CUST10772,Male,0,Yes,Yes,62,Yes,No,No,No internet service,No internet service,No internet service,No internet service,No internet service,No internet service,Month-to-month,No,Mailed check,33.17,1958.56,No,No,49-72 Months
CUST10773,Male,0,Yes,Yes,48,Yes,No,Fiber optic,Yes,No,No,Yes,No,No,Month-to-month,Yes,Bank transfer,96.86,4718.24,Yes,No,25-48 Months
CUST10774,Female,0,No,No,4,Yes,Yes,Fiber optic,No,Yes,No,Yes,Yes,No,Two year,Yes,Mailed check,100.44,418.95,No,No,0-12 Months
CUST10775,Female,1,Yes,No,37,Yes,Yes,No,No internet service,No internet service,No internet service,No internet service,No internet service,No internet service,One year,Yes,Electronic check,37.79,1415.33,No,Yes,25-48 Months
CUST10776,Male,0,Yes,No,8,Yes,No,DSL,Yes,No,Yes,Yes,Yes,No,Two year,No,Credit card,74.72,617.29,No,No,0-12 Months
CUST10777,Male,0,Yes,No,1,Yes,No,DSL,No,No,No,Yes,No,No,Two year,No,Mailed check,58.75,52.25,No,No,0-12 Months
CUST10778,Female,0,Yes,No,70,Yes,Yes,Fiber optic,Yes,Yes,No,Yes,No,Yes,Month-to-month,Yes,Credit card,97.32,6807.34,No,No,49-72 Months
CUST10779,Female,0,No,No,47,No,No phone service,DSL,No,No,Yes,Yes,No,No,Month-to-month,Yes,Electronic check,50.89,2370.01,Yes,No,25-48 Months
CUST10780,Male,0,Yes,Yes,5,Yes,No,DSL,Yes,No,Yes,Yes,Yes,No,One year,No,Credit card,77.02,409.02,No,No,0-12 Months
CUST10781,Male,0,No,No,50,Yes,No,Fiber optic,No,Yes,Yes,Yes,No,Yes,Month-to-month,No,Electronic check,105.73,5330.55,No,No,49-72 Months
CUST10782,Male,0,No,No,24,Yes,Yes,DSL,Yes,No,No,Yes,Yes,Yes,Month-to-month,No,Bank transfer,81.1,1910.22,No,No,13-24 Months
CUST10783,Female,0,Yes,No,47,Yes,Yes,Fiber optic,Yes,No,No,Yes,Yes,No,Two year,No,Bank transfer,96.73,4657.31,No,No,25-48 Months
CUST10784,Female,0,No,No,18,No,No phone service,No,No internet service,No internet service,No internet service,No internet service,No internet service,No internet service,Month-to-month,Yes,Credit card,20.82,345.55,Yes,No,13-24 Months
CUST10785,Female,0,Yes,No,28,Yes,No,DSL,No,Yes,No,No,Yes,Yes,One year,No,Electronic check,65.78,1785.67,Yes,No,25-48 Months
CUST10786,Male,0,No,No,5,Yes,Yes,DSL,No,No,No,Yes,No,Yes,One year,Yes,Electronic check,76.85,372.12,No,No,0-12 Months
CUST10787,Male,1,No,No,30,Yes,Yes,DSL,Yes,Yes,No,Yes,Yes,No,One year,No,Credit card,81.4,2380.87,No,Yes,25-48 Months
CUST10788,Female,0,Yes,Yes,1,Yes,No,DSL,No,No,No,Yes,Yes,No,Month-to-month,No,Electronic check,61.74,99.04,Yes,No,0-12 Months
CUST10789,Female,0,Yes,Yes,46,Yes,Yes,DSL,No,Yes,No,Yes,Yes,No,One year,No,Electronic check,79.57,3648.82,No,No,25-48 Months
CUST10790,Male,0,No,No,69,Yes,No,DSL,No,Yes,No,Yes,Yes,No,Month-to-month,No,Mailed check,61.23,4283.76,No,No,49-72 Months
CUST10791,Female,0,Yes,No,31,Yes,No,Fiber optic,No,No,No,No,Yes,No,Two year,Yes,Electronic check,71.64,2215.98,No,No,25-48 Months
CUST10792,Female,0,Yes,No,70,No,No phone service,DSL,No,Yes,Yes,No,No,Yes,Month-to-month,Yes,Electronic check,59.11,4130.11,No,No,49-72 Months
CUST10793,Male,0,Yes,Yes,56,Yes,Yes,Fiber optic,Yes,Yes,Yes,Yes,No,No,Two year,Yes,Mailed check,107.37,5980.07,No,No,49-72 Months
CUST10794,Female,0,Yes,Yes,28,Yes,No,No,No internet service,No internet service,No internet service,No internet service,No internet service,No internet service,Month-to-month,No,Electronic check,29.29,886.22,No,No,25-48 Months
CUST10795,Male,0,No,No,16,Yes,Yes,Fiber optic,Yes,No,Yes,No,No,No,Two year,No,Mailed check,88.6,1398.21,No,No,13-24 Months
CUST10796,Male,0,Yes,No,54,Yes,No,Fiber optic,Yes,No,No,Yes,No,No,Two year,No,Mailed check,80.22,4352.82,No,No,49-72 Months
CUST10797,Male,0,Yes,No,53,Yes,No,DSL,No,No,No,Yes,Yes,Yes,One year,No,Bank transfer,62.83,3413.55,No,No,49-72 Months
CUST10798,Male,0,No,No,12,Yes,No,Fiber optic,No,No,Yes,No,No,No,Month-to-month,Yes,Credit card,83.33,992.88,Yes,No,0-12 Months
CUST10799,Male,0,Yes,Yes,20,Yes,Yes,Fiber optic,No,No,No,Yes,Yes,No,Month-to-month,Yes,Electronic check,98.09,1953.81,Yes,No,13-24 Months
CUST10800,Male,0,Yes,No,34,Yes,Yes,DSL,No,No,No,No,No,No,One year,Yes,Credit card,61.59,2075.65,No,No,25-48 Months
CUST10801,Male,0,No,No,53,Yes,No,No,No internet service,No internet service,No internet service,No internet service,No internet service,No internet service,One year,No,Credit card,30.04,1607.13,No,No,49-72 Months
CUST10802,Female,0,Yes,Yes,64,Yes,No,DSL,No,No,No,No,No,No,Month-to-month,No,Bank transfer,44.22,2894.61,Yes,No,49-72 Months
CUST10803,Male,0,No,No,23,Yes,Yes,DSL,No,Yes,Yes,No,No,Yes,One year,Yes,Credit card,70.43,1681.97,No,No,13-24 Months
CUST10804,Male,0,No,Yes,27,No,No phone service,No,No internet service,No internet service,No internet service,No internet service,No internet service,No internet service,One year,No,Electronic check,22.99,660.12,Yes,No,25-48 Months
CUST10805,Female,1,Yes,Yes,17,Yes,No,No,No internet service,No internet service,No internet service,No internet service,No internet service,No internet service,Month-to-month,Yes,Credit card,24.81,518.62,No,Yes,13-24 Months
CUST10806,Female,0,No,Yes,48,Yes,No,DSL,No,Yes,No,No,Yes,No,Month-to-month,Yes,Bank transfer,61.49,2958.17,Yes,No,25-48 Months
CUST10807,Female,0,Yes,Yes,21,Yes,Yes,Fiber optic,No,No,Yes,No,Yes,No,Month-to-month,Yes,Electronic check,88.91,1979.54,Yes,No,13-24 Months
CUST10808,Male,0,Yes,No,50,Yes,No,Fiber optic,Yes,No,Yes,No,Yes,No,Month-to-month,Yes,Bank transfer,88.52,4509.79,No,No,49-72 Months
CUST10809,Female,0,No,No,40,Yes,No,Fiber optic,No,No,Yes,Yes,No,No,Month-to-month,No,Mailed check,79.24,3117.32,Yes,No,25-48 Months
CUST10810,Male,0,No,No,3,Yes,No,DSL,No,No,No,Yes,No,Yes,Two year,Yes,Electronic check,62.08,249.24,No,No,0-12 Months
CUST10811,Male,0,Yes,No,17,Yes,No,Fiber optic,No,Yes,Yes,No,No,Yes,Month-to-month,Yes,Electronic check,84.68,1291.12,No,No,13-24 Months
CUST10812,Male,1,No,Yes,61,Yes,Yes,No,No internet service,No internet service,No internet service,No internet service,No internet service,No internet service,Month-to-month,No,Bank transfer,33.2,2121.26,No,Yes,49-72 Months
CUST10813,Male,0,No,Yes,50,Yes,Yes,DSL,No,Yes,No,No,Yes,No,Month-to-month,No,Bank transfer,73.26,3657.08,No,No,49-72 Months
CUST10814,Female,0,No,No,6,Yes,Yes,No,No internet service,No internet service,No internet service,No internet service,No internet service,No internet service,Two year,No,Mailed check,42.24,191.3,No,No,0-12 Months
CUST10815,Female,1,No,No,28,Yes,No,No,No internet service,No internet service,No internet service,No internet service,No internet service,No internet service,Month-to-month,Yes,Mailed check,33.35,794.11,No,Yes,25-48 Months
CUST10816,Male,0,Yes,Yes,72,Yes,No,DSL,No,No,No,No,No,No,Two year,Yes,Electronic check,57.08,4098.74,No,No,49-72 Months
CUST10817,Male,0,Yes,No,55,Yes,Yes,Fiber optic,No,No,Yes,No,No,Yes,Month-to-month,Yes,Mailed check,87.4,4904.34,Yes,No,49-72 Months
CUST10818,Male,0,No,No,58,Yes,Yes,DSL,No,Yes,Yes,Yes,Yes,Yes,Month-to-month,Yes,Credit card,85.54,4980.92,No,No,49-72 Months
CUST10819,Female,0,Yes,No,45,No,No phone service,Fiber optic,Yes,No,Yes,Yes,Yes,No,One year,No,Credit card,87.38,3900.3,No,No,25-48 Months
CUST10820,Male,0,No,No,72,Yes,Yes,Fiber optic,Yes,Yes,No,Yes,No,No,Month-to-month,Yes,Bank transfer,106.76,7671.47,No,No,49-72 Months
CUST10821,Male,1,Yes,Yes,19,Yes,No,DSL,No,No,Yes,No,No,No,One year,Yes,Credit card,53.81,1128.84,No,Yes,13-24 Months
CUST10822,Female,0,Yes,No,29,Yes,Yes,Fiber optic,No,No,No,No,Yes,No,Two year,No,Credit card,93.01,2753.1,No,No,25-48 Months
CUST10823,Female,0,Yes,Yes,23,Yes,Yes,No,No internet service,No internet service,No internet service,No internet service,No internet service,No internet service,Month-to-month,No,Electronic check,45.47,1042.43,No,No,13-24 Months
CUST10824,Male,0,No,No,32,Yes,No,Fiber optic,No,No,Yes,Yes,Yes,No,One year,Yes,Mailed check,92.65,3039.61,No,No,25-48 Months
CUST10825,Female,0,Yes,Yes,10,Yes,No,DSL,No,Yes,No,No,No,Yes,One year,Yes,Electronic check,59.65,660.02,No,No,0-12 Months
CUST10826,Female,1,No,No,49,Yes,No,DSL,No,Yes,Yes,No,Yes,No,Two year,Yes,Mailed check,65.09,3118.15,No,Yes,49-72 Months
CUST10827,Male,0,Yes,Yes,65,Yes,Yes,Fiber optic,Yes,Yes,No,No,Yes,Yes,Month-to-month,Yes,Bank transfer,97.44,6306.09,No,No,49-72 Months
CUST10828,Female,0,Yes,No,29,Yes,Yes,No,No internet service,No internet service,No internet service,No internet service,No internet service,No internet service,Month-to-month,Yes,Electronic check,34.7,1119.97,No,No,25-48 Months
CUST10829,Male,0,Yes,No,59,Yes,No,No,No internet service,No internet service,No internet service,No internet service,No internet service,No internet service,One year,Yes,Credit card,22.89,1404.79,No,No,49-72 Months
CUST10830,Female,0,No,No,45,Yes,Yes,Fiber optic,No,No,No,No,No,No,Two year,Yes,Bank transfer,85.91,4007.8,No,No,25-48 Months
CUST10831,Male,0,Yes,No,67,No,No phone service,Fiber optic,No,Yes,No,Yes,No,No,Month-to-month,Yes,Bank transfer,67.19,4549.61,No,No,49-72 Months
CUST10832,Male,0,Yes,No,51,Yes,No,DSL,No,Yes,Yes,No,No,No,Month-to-month,Yes,Electronic check,61.96,3103.23,No,No,49-72 Months
CUST10833,Male,0,Yes,No,11,Yes,No,DSL,No,No,No,Yes,No,No,Month-to-month,No,Electronic check,60.69,665.9,No,No,0-12 Months
CUST10834,Female,0,Yes,No,6,Yes,Yes,Fiber optic,No,No,Yes,Yes,No,No,One year,Yes,Bank transfer,95.64,636.86,No,No,0-12 Months
CUST10835,Male,0,No,No,67,Yes,Yes,Fiber optic,No,No,No,No,No,No,Month-to-month,No,Credit card,79.58,5331.48,No,No,49-72 Months
CUST10836,Female,0,No,No,62,No,No phone service,Fiber optic,Yes,No,No,No,No,Yes,Month-to-month,Yes,Credit card,80.82,5015.64,No,No,49-72 Months
CUST10837,Male,0,Yes,No,5,Yes,Yes,No,No internet service,No internet service,No internet service,No internet service,No internet service,No internet service,One year,No,Bank transfer,37.05,348.04,No,No,0-12 Months
CUST10838,Male,0,No,No,9,No,No phone service,Fiber optic,Yes,No,No,No,Yes,No,Month-to-month,Yes,Electronic check,74.71,653.45,No,No,0-12 Months
CUST10839,Female,0,No,No,28,Yes,No,Fiber optic,Yes,No,No,No,Yes,Yes,Month-to-month,Yes,Electronic check,92.18,2606.88,No,No,25-48 Months
CUST10840,Male,0,Yes,No,38,No,No phone service,DSL,Yes,No,Yes,No,Yes,No,Month-to-month,No,Credit card,59.21,2270.99,No,No,25-48 Months
CUST10841,Male,0,No,No,43,Yes,No,No,No internet service,No internet service,No internet service,No internet service,No internet service,No internet service,Month-to-month,No,Electronic check,22.22,1028.37,No,No,25-48 Months
CUST10842,Female,0,No,No,21,Yes,Yes,Fiber optic,Yes,Yes,Yes,Yes,No,Yes,Month-to-month,No,Bank transfer,106.48,2256.93,Yes,No,13-24 Months
CUST10843,Male,0,Yes,Yes,62,Yes,Yes,No,No internet service,No internet service,No internet service,No internet service,No internet service,No internet service,Month-to-month,No,Mailed check,38.87,2420.53,No,No,49-72 Months
CUST10844,Male,0,Yes,No,46,Yes,No,Fiber optic,Yes,No,No,No,No,Yes,Month-to-month,Yes,Mailed check,84.44,4045.33,No,No,25-48 Months
CUST10845,Male,1,No,No,70,Yes,No,Fiber optic,No,No,No,No,Yes,No,One year,Yes,Mailed check,75.54,5279.68,No,Yes,49-72 Months
CUST10846,Male,0,No,No,38,Yes,No,Fiber optic,No,No,Yes,Yes,Yes,Yes,Month-to-month,Yes,Credit card,94.54,3651.3,No,No,25-48 Months
CUST10847,Female,0,Yes,No,49,Yes,No,DSL,No,No,No,Yes,Yes,Yes,One year,Yes,Credit card,69.86,3320.2,No,No,49-72 Months
CUST10848,Female,0,Yes,Yes,39,No,No phone service,Fiber optic,No,No,Yes,Yes,Yes,No,Month-to-month,No,Credit card,84.41,3292.34,No,No,25-48 Months
CUST10849,Male,0,Yes,No,71,Yes,No,No,No internet service,No internet service,No internet service,No internet service,No internet service,No internet service,Month-to-month,Yes,Mailed check,35.42,2507.32,No,No,49-72 Months
CUST10850,Female,0,No,No,30,Yes,No,DSL,No,Yes,No,Yes,No,No,Two year,No,Electronic check,63.9,1911.35,No,No,25-48 Months
CUST10851,Male,0,No,No,21,Yes,No,DSL,No,No,Yes,Yes,No,Yes,Month-to-month,Yes,Credit card,70.85,1350.1,No,No,13-24 Months
CUST10852,Female,1,No,Yes,1,No,No phone service,Fiber optic,No,No,Yes,Yes,Yes,No,Month-to-month,Yes,Electronic check,72.39,44.03,Yes,Yes,0-12 Months
CUST10853,Male,0,Yes,No,32,No,No phone service,DSL,Yes,No,No,No,Yes,No,Two year,Yes,Mailed check,55.76,1715.0,No,No,25-48 Months
CUST10854,Male,1,No,No,8,Yes,No,Fiber optic,No,Yes,No,No,Yes,No,One year,Yes,Electronic check,84.41,762.23,Yes,Yes,0-12 Months
CUST10855,Male,0,No,Yes,69,Yes,No,Fiber optic,No,No,No,No,No,No,One year,No,Mailed check,67.79,4608.46,No,No,49-72 Months
CUST10856,Male,0,Yes,No,30,Yes,Yes,DSL,No,Yes,No,Yes,No,Yes,One year,No,Electronic check,76.79,2353.94,Yes,No,25-48 Months
CUST10857,Male,1,Yes,Yes,8,Yes,No,No,No internet service,No internet service,No internet service,No internet service,No internet service,No internet service,Month-to-month,Yes,Credit card,30.89,301.19,No,Yes,0-12 Months
CUST10858,Male,0,No,No,19,Yes,No,Fiber optic,Yes,Yes,No,No,No,Yes,Two year,No,Credit card,96.42,1784.4,No,No,13-24 Months
CUST10859,Female,0,No,Yes,59,Yes,No,No,No internet service,No internet service,No internet service,No internet service,No internet service,No internet service,Two year,No,Mailed check,27.33,1544.31,No,No,49-72 Months
CUST10860,Male,0,No,Yes,55,Yes,Yes,Fiber optic,No,Yes,Yes,Yes,No,Yes,Month-to-month,No,Electronic check,103.97,5695.84,No,No,49-72 Months
CUST10861,Female,0,No,No,30,Yes,No,No,No internet service,No internet service,No internet service,No internet service,No internet service,No internet service,Two year,Yes,Bank transfer,21.0,598.03,No,No,25-48 Months
CUST10862,Male,0,Yes,Yes,36,Yes,Yes,DSL,Yes,Yes,Yes,No,No,Yes,Month-to-month,Yes,Mailed check,88.8,3118.31,No,No,25-48 Months
CUST10863,Female,0,No,Yes,55,Yes,No,DSL,Yes,No,Yes,Yes,No,Yes,One year,Yes,Credit card,65.31,3568.29,No,No,49-72 Months
CUST10864,Female,0,No,No,44,Yes,Yes,DSL,No,No,No,No,No,Yes,Month-to-month,Yes,Electronic check,59.95,2662.69,No,No,25-48 Months
CUST10865,Female,0,No,No,27,Yes,No,Fiber optic,No,No,No,Yes,Yes,No,Month-to-month,Yes,Electronic check,81.85,2114.58,No,No,25-48 Months
CUST10866,Male,0,No,No,54,Yes,No,No,No internet service,No internet service,No internet service,No internet service,No internet service,No internet service,Month-to-month,Yes,Bank transfer,31.03,1660.15,No,No,49-72 Months
CUST10867,Male,0,No,No,48,Yes,Yes,Fiber optic,No,No,No,No,No,No,Month-to-month,No,Bank transfer,77.76,3690.45,No,No,25-48 Months
CUST10868,Female,0,Yes,No,30,Yes,No,No,No internet service,No internet service,No internet service,No internet service,No internet service,No internet service,Month-to-month,Yes,Mailed check,35.39,1069.2,No,No,25-48 Months
CUST10869,Male,0,No,No,39,Yes,No,DSL,No,No,No,No,No,No,Month-to-month,No,Electronic check,51.57,2162.15,No,No,25-48 Months
CUST10870,Female,0,Yes,Yes,13,No,No phone service,DSL,No,No,Yes,No,No,Yes,One year,No,Electronic check,44.55,457.91,No,No,13-24 Months
CUST10871,Male,0,Yes,Yes,16,Yes,Yes,No,No internet service,No internet service,No internet service,No internet service,No internet service,No internet service,Two year,No,Electronic check,40.9,645.9,No,No,13-24 Months
CUST10872,Female,1,Yes,No,44,Yes,Yes,Fiber optic,No,No,No,Yes,Yes,Yes,Month-to-month,Yes,Electronic check,105.56,4666.98,No,Yes,25-48 Months
CUST10873,Female,0,Yes,No,71,Yes,Yes,Fiber optic,Yes,No,Yes,Yes,Yes,No,Two year,Yes,Credit card,100.36,7084.58,No,No,49-72 Months
CUST10874,Male,0,No,No,27,Yes,No,DSL,Yes,No,No,No,Yes,Yes,Month-to-month,Yes,Electronic check,63.28,1737.95,No,No,25-48 Months
CUST10875,Female,0,No,No,45,Yes,No,No,No internet service,No internet service,No internet service,No internet service,No internet service,No internet service,Two year,Yes,Mailed check,31.99,1322.95,No,No,25-48 Months
CUST10876,Male,0,No,No,35,Yes,Yes,Fiber optic,No,No,Yes,No,Yes,No,Month-to-month,No,Bank transfer,97.29,3377.26,No,No,25-48 Months
CUST10877,Female,0,No,Yes,28,Yes,No,Fiber optic,No,No,No,No,No,No,Two year,Yes,Electronic check,69.98,1746.07,No,No,25-48 Months
CUST10878,Female,0,Yes,Yes,7,Yes,No,DSL,Yes,Yes,No,Yes,No,No,One year,Yes,Credit card,69.62,467.9,Yes,No,0-12 Months
CUST10879,Male,0,No,No,62,Yes,Yes,Fiber optic,Yes,No,No,No,No,Yes,Month-to-month,Yes,Bank transfer,91.13,5551.57,No,No,49-72 Months
CUST10880,Male,0,Yes,No,51,Yes,Yes,No,No internet service,No internet service,No internet service,No internet service,No internet service,No internet service,Month-to-month,Yes,Electronic check,42.92,2213.77,No,No,49-72 Months
CUST10881,Male,0,Yes,No,46,Yes,Yes,No,No internet service,No internet service,No internet service,No internet service,No internet service,No internet service,Two year,No,Credit card,29.1,1451.77,No,No,25-48 Months
CUST10882,Female,1,No,Yes,20,No,No phone service,DSL,No,No,No,No,No,Yes,Two year,No,Mailed check,43.33,888.73,No,Yes,13-24 Months
CUST10883,Male,1,Yes,No,38,Yes,No,DSL,No,No,Yes,No,No,No,Month-to-month,Yes,Bank transfer,53.96,2044.46,No,Yes,25-48 Months
CUST10884,Female,0,Yes,No,61,Yes,No,Fiber optic,No,Yes,Yes,Yes,No,Yes,Month-to-month,Yes,Credit card,92.04,5573.08,No,No,49-72 Months
CUST10885,Female,0,No,Yes,32,Yes,Yes,DSL,No,No,No,No,Yes,Yes,One year,No,Credit card,70.84,2244.54,No,No,25-48 Months
CUST10886,Male,0,No,No,26,Yes,No,Fiber optic,Yes,No,No,No,No,No,Two year,No,Mailed check,78.27,2013.72,Yes,No,25-48 Months
CUST10887,Male,0,Yes,No,58,Yes,No,DSL,No,No,Yes,No,Yes,Yes,Month-to-month,No,Electronic check,67.95,3942.49,No,No,49-72 Months
CUST10888,Female,0,No,No,39,Yes,No,DSL,No,Yes,Yes,Yes,No,No,Two year,Yes,Electronic check,62.98,2494.38,No,No,25-48 Months
CUST10889,Female,0,No,No,20,Yes,No,Fiber optic,Yes,Yes,No,Yes,No,Yes,Month-to-month,Yes,Bank transfer,90.55,1749.5,No,No,13-24 Months
CUST10890,Male,0,No,Yes,50,Yes,No,Fiber optic,No,No,No,No,No,Yes,Two year,Yes,Credit card,81.89,4186.05,No,No,49-72 Months
CUST10891,Male,0,Yes,No,52,No,No phone service,Fiber optic,No,No,No,No,Yes,Yes,One year,No,Electronic check,78.37,4058.17,No,No,49-72 Months
CUST10892,Male,0,No,Yes,22,Yes,No,No,No internet service,No internet service,No internet service,No internet service,No internet service,No internet service,Month-to-month,No,Electronic check,24.96,550.16,Yes,No,13-24 Months
CUST10893,Male,0,No,No,53,Yes,Yes,DSL,No,Yes,No,No,Yes,Yes,Month-to-month,Yes,Credit card,82.25,4461.88,No,No,49-72 Months
CUST10894,Male,0,No,No,66,Yes,No,Fiber optic,Yes,Yes,No,No,Yes,Yes,One year,Yes,Mailed check,100.57,6467.64,No,No,49-72 Months
CUST10895,Female,1,No,No,43,No,No phone service,DSL,No,No,Yes,No,No,Yes,One year,No,Electronic check,55.6,2187.09,No,Yes,25-48 Months
CUST10896,Female,0,Yes,No,23,Yes,No,Fiber optic,No,No,Yes,Yes,No,Yes,Two year,No,Electronic check,87.96,2054.16,No,No,13-24 Months
CUST10897,Female,0,Yes,No,64,No,No phone service,DSL,No,No,No,Yes,Yes,Yes,One year,No,Mailed check,47.46,3037.8,No,No,49-72 Months
CUST10898,Female,0,Yes,No,9,Yes,No,DSL,Yes,No,No,Yes,No,No,Month-to-month,No,Credit card,68.72,737.35,Yes,No,0-12 Months
CUST10899,Male,0,Yes,No,7,Yes,Yes,DSL,No,No,Yes,No,Yes,No,Two year,Yes,Credit card,69.84,398.89,Yes,No,0-12 Months
CUST10900,Male,0,No,No,41,Yes,Yes,DSL,No,Yes,No,No,No,Yes,One year,Yes,Electronic check,70.82,2942.39,No,No,25-48 Months
CUST10901,Male,0,Yes,No,54,Yes,No,No,No internet service,No internet service,No internet service,No internet service,No internet service,No internet service,Two year,No,Credit card,31.6,1677.78,No,No,49-72 Months
CUST10902,Female,0,No,No,65,No,No phone service,Fiber optic,Yes,No,Yes,Yes,Yes,Yes,Two year,No,Electronic check,96.0,6315.54,No,No,49-72 Months
CUST10903,Female,0,No,No,2,Yes,Yes,No,No internet service,No internet service,No internet service,No internet service,No internet service,No internet service,Two year,Yes,Credit card,31.68,0.0,No,No,0-12 Months
CUST10904,Male,0,Yes,No,4,No,No phone service,Fiber optic,Yes,Yes,No,Yes,Yes,No,Month-to-month,Yes,Electronic check,81.86,306.26,Yes,No,0-12 Months
CUST10905,Male,0,Yes,No,32,Yes,No,DSL,No,No,Yes,Yes,No,No,One year,No,Credit card,54.87,1814.09,No,No,25-48 Months
CUST10906,Female,0,No,Yes,2,Yes,Yes,DSL,Yes,Yes,No,No,No,No,Month-to-month,Yes,Mailed check,69.76,75.96,No,No,0-12 Months
CUST10907,Female,0,No,Yes,64,Yes,Yes,DSL,No,No,No,No,Yes,Yes,Month-to-month,Yes,Electronic check,64.93,4151.38,Yes,No,49-72 Months
CUST10908,Male,0,Yes,Yes,14,Yes,No,DSL,Yes,No,Yes,No,No,No,Month-to-month,No,Credit card,52.36,736.97,No,No,13-24 Months
CUST10909,Male,1,Yes,No,20,Yes,Yes,Fiber optic,Yes,Yes,No,Yes,No,No,Two year,No,Electronic check,93.79,1902.65,No,Yes,13-24 Months
CUST10910,Female,0,No,No,49,Yes,No,Fiber optic,No,Yes,Yes,No,No,No,Month-to-month,No,Credit card,83.64,4011.15,No,No,49-72 Months
CUST10911,Male,0,No,No,8,Yes,Yes,Fiber optic,Yes,Yes,No,Yes,No,Yes,Month-to-month,Yes,Electronic check,103.75,791.23,Yes,No,0-12 Months
CUST10912,Male,0,Yes,No,63,Yes,No,DSL,No,No,No,No,No,No,Month-to-month,Yes,Electronic check,47.57,3036.4,Yes,No,49-72 Months
CUST10913,Male,0,No,No,46,Yes,No,DSL,No,Yes,No,Yes,No,Yes,Month-to-month,Yes,Credit card,69.42,3252.93,No,No,25-48 Months
CUST10914,Female,0,Yes,No,21,Yes,No,DSL,No,Yes,No,Yes,No,Yes,One year,No,Bank transfer,72.83,1543.33,No,No,13-24 Months
CUST10915,Female,0,Yes,Yes,32,Yes,Yes,DSL,No,No,No,Yes,No,No,Month-to-month,No,Mailed check,62.25,1964.41,No,No,25-48 Months
CUST10916,Female,1,Yes,Yes,8,Yes,No,Fiber optic,No,No,No,No,No,Yes,Month-to-month,Yes,Electronic check,87.81,709.99,No,Yes,0-12 Months
CUST10917,Female,0,Yes,No,16,Yes,No,DSL,Yes,Yes,Yes,No,No,No,Month-to-month,Yes,Bank transfer,67.75,1151.41,Yes,No,13-24 Months
CUST10918,Female,0,Yes,No,40,Yes,Yes,Fiber optic,No,No,Yes,Yes,No,No,Month-to-month,Yes,Mailed check,87.22,3505.13,Yes,No,25-48 Months
CUST10919,Female,0,No,No,27,Yes,No,Fiber optic,Yes,No,No,Yes,Yes,No,Month-to-month,Yes,Mailed check,87.77,2275.25,Yes,No,25-48 Months
CUST10920,Female,0,Yes,Yes,18,Yes,No,DSL,No,No,No,No,No,Yes,Two year,Yes,Bank transfer,52.51,855.33,No,No,13-24 Months
CUST10921,Male,0,Yes,No,35,Yes,No,No,No internet service,No internet service,No internet service,No internet service,No internet service,No internet service,Two year,No,Bank transfer,29.05,1019.52,No,No,25-48 Months
CUST10922,Male,0,Yes,Yes,52,Yes,Yes,Fiber optic,No,Yes,No,Yes,No,Yes,Month-to-month,No,Credit card,97.61,4942.78,No,No,49-72 Months
CUST10923,Male,0,No,Yes,15,Yes,Yes,DSL,No,No,Yes,Yes,Yes,Yes,Month-to-month,No,Bank transfer,83.97,1322.99,No,No,13-24 Months
CUST10924,Male,0,Yes,Yes,63,Yes,No,No,No internet service,No internet service,No internet service,No internet service,No internet service,No internet service,Two year,No,Electronic check,29.22,1766.36,No,No,49-72 Months
CUST10925,Male,0,Yes,Yes,53,Yes,No,DSL,Yes,No,No,No,Yes,No,Month-to-month,Yes,Electronic check,63.24,3259.14,No,No,49-72 Months
CUST10926,Male,1,No,No,66,Yes,No,DSL,Yes,No,No,No,No,No,One year,No,Mailed check,49.16,3379.64,No,Yes,49-72 Months
CUST10927,Male,0,No,Yes,31,Yes,No,Fiber optic,No,No,No,Yes,No,Yes,One year,Yes,Electronic check,88.21,2693.55,No,No,25-48 Months
CUST10928,Female,1,Yes,No,61,Yes,Yes,Fiber optic,Yes,No,Yes,No,Yes,No,One year,Yes,Mailed check,96.61,5915.76,Yes,Yes,49-72 Months
CUST10929,Female,0,No,No,64,Yes,No,DSL,No,No,Yes,Yes,Yes,No,Two year,Yes,Credit card,64.24,4159.48,No,No,49-72 Months
CUST10930,Male,1,No,Yes,34,Yes,Yes,DSL,No,No,Yes,Yes,No,Yes,Month-to-month,Yes,Credit card,70.77,2522.24,Yes,Yes,25-48 Months
CUST10931,Male,0,No,Yes,55,Yes,No,No,No internet service,No internet service,No internet service,No internet service,No internet service,No internet service,Month-to-month,Yes,Bank transfer,37.56,2018.17,No,No,49-72 Months
CUST10932,Female,0,Yes,No,59,Yes,No,DSL,Yes,No,No,Yes,Yes,No,One year,Yes,Bank transfer,61.1,3619.16,No,No,49-72 Months
CUST10933,Male,1,No,Yes,3,Yes,No,DSL,Yes,Yes,No,No,No,No,Two year,Yes,Mailed check,63.38,180.6,No,Yes,0-12 Months
CUST10934,Male,0,Yes,No,17,No,No phone service,Fiber optic,No,Yes,Yes,Yes,No,No,Two year,No,Bank transfer,79.77,1547.9,No,No,13-24 Months
CUST10935,Female,1,No,No,46,Yes,Yes,No,No internet service,No internet service,No internet service,No internet service,No internet service,No internet service,One year,Yes,Credit card,30.2,1227.41,No,Yes,25-48 Months
CUST10936,Male,0,No,Yes,38,Yes,No,DSL,No,No,No,No,No,No,Two year,Yes,Bank transfer,48.51,1830.63,No,No,25-48 Months
CUST10937,Female,0,Yes,No,35,Yes,Yes,Fiber optic,Yes,No,No,Yes,Yes,Yes,Month-to-month,No,Electronic check,94.32,3299.71,No,No,25-48 Months
CUST10938,Male,0,No,Yes,1,Yes,Yes,Fiber optic,Yes,No,Yes,Yes,Yes,No,Month-to-month,No,Bank transfer,112.6,103.72,No,No,0-12 Months
CUST10939,Female,0,Yes,No,29,Yes,Yes,Fiber optic,Yes,No,No,No,No,No,Month-to-month,Yes,Bank transfer,85.16,2354.06,Yes,No,25-48 Months
CUST10940,Female,0,No,No,4,Yes,No,Fiber optic,Yes,No,No,No,No,Yes,Month-to-month,Yes,Electronic check,92.58,221.96,No,No,0-12 Months
CUST10941,Female,0,Yes,Yes,61,Yes,Yes,No,No internet service,No internet service,No internet service,No internet service,No internet service,No internet service,One year,No,Electronic check,43.73,2544.18,No,No,49-72 Months
CUST10942,Male,0,Yes,Yes,17,Yes,No,DSL,No,Yes,No,Yes,Yes,No,Two year,Yes,Credit card,64.16,1159.71,No,No,13-24 Months
CUST10943,Female,0,Yes,No,28,Yes,No,DSL,No,Yes,No,No,Yes,Yes,One year,Yes,Mailed check,69.15,1934.75,No,No,25-48 Months
CUST10944,Male,0,No,No,50,Yes,No,No,No internet service,No internet service,No internet service,No internet service,No internet service,No internet service,One year,Yes,Credit card,30.93,1405.61,No,No,49-72 Months
CUST10945,Male,0,Yes,Yes,8,No,No phone service,Fiber optic,No,No,No,No,No,No,Month-to-month,No,Electronic check,74.5,710.56,No,No,0-12 Months
CUST10946,Male,0,Yes,No,34,Yes,Yes,Fiber optic,No,No,Yes,Yes,No,No,One year,Yes,Electronic check,91.04,3252.54,No,No,25-48 Months
CUST10947,Male,0,Yes,No,59,No,No phone service,Fiber optic,Yes,Yes,Yes,No,No,No,Month-to-month,Yes,Electronic check,79.73,4728.24,No,No,49-72 Months
CUST10948,Female,0,No,No,18,Yes,No,Fiber optic,No,No,Yes,Yes,Yes,No,One year,Yes,Mailed check,85.0,1564.25,No,No,13-24 Months
CUST10949,Female,0,No,Yes,59,Yes,Yes,Fiber optic,No,Yes,Yes,No,Yes,Yes,Month-to-month,No,Mailed check,101.53,5997.37,No,No,49-72 Months
CUST10950,Male,0,Yes,No,27,Yes,No,No,No internet service,No internet service,No internet service,No internet service,No internet service,No internet service,One year,No,Credit card,27.5,692.37,No,No,25-48 Months
CUST10951,Male,0,Yes,No,16,Yes,No,Fiber optic,No,Yes,Yes,No,Yes,Yes,Month-to-month,No,Bank transfer,105.51,1541.68,No,No,13-24 Months
CUST10952,Female,1,Yes,Yes,10,No,No phone service,DSL,No,Yes,Yes,Yes,Yes,No,One year,Yes,Credit card,71.47,628.05,No,Yes,0-12 Months
CUST10953,Male,0,Yes,No,22,Yes,No,Fiber optic,No,No,No,Yes,No,No,Month-to-month,No,Electronic check,82.51,1810.78,Yes,No,13-24 Months
CUST10954,Female,0,Yes,No,16,Yes,No,Fiber optic,No,Yes,No,Yes,No,Yes,Month-to-month,Yes,Electronic check,93.75,1546.11,No,No,13-24 Months
CUST10955,Male,0,No,No,12,Yes,No,Fiber optic,Yes,Yes,Yes,No,Yes,No,Month-to-month,Yes,Electronic check,100.42,1186.53,No,No,0-12 Months
CUST10956,Male,0,Yes,Yes,51,Yes,Yes,Fiber optic,No,No,Yes,No,No,Yes,One year,No,Mailed check,90.58,4611.82,No,No,49-72 Months
CUST10957,Female,0,Yes,No,1,Yes,No,DSL,No,No,No,Yes,No,No,One year,No,Electronic check,61.95,65.48,No,No,0-12 Months
CUST10958,Male,0,Yes,No,27,Yes,No,Fiber optic,No,Yes,Yes,No,No,No,Two year,No,Bank transfer,77.84,2110.29,No,No,25-48 Months
CUST10959,Female,0,No,No,67,No,No phone service,Fiber optic,No,No,No,Yes,No,No,One year,No,Electronic check,67.73,4490.69,No,No,49-72 Months
CUST10960,Male,0,No,No,12,Yes,No,Fiber optic,No,Yes,No,No,No,No,Month-to-month,Yes,Electronic check,83.27,1032.24,No,No,0-12 Months
CUST10961,Male,1,No,No,30,Yes,Yes,Fiber optic,No,No,Yes,No,No,Yes,One year,Yes,Mailed check,91.59,2658.84,Yes,Yes,25-48 Months
CUST10962,Male,1,Yes,No,9,Yes,Yes,DSL,No,No,Yes,No,Yes,No,Month-to-month,Yes,Mailed check,81.34,756.6,No,Yes,0-12 Months
CUST10963,Female,0,Yes,Yes,53,Yes,Yes,Fiber optic,No,No,Yes,Yes,Yes,No,Month-to-month,Yes,Credit card,102.34,5302.45,No,No,49-72 Months
CUST10964,Male,0,Yes,No,61,Yes,No,Fiber optic,No,Yes,Yes,No,No,No,One year,No,Credit card,89.92,5389.46,Yes,No,49-72 Months
CUST10965,Male,0,Yes,No,54,Yes,No,Fiber optic,No,No,No,No,No,No,Month-to-month,Yes,Electronic check,71.21,3787.69,Yes,No,49-72 Months
CUST10966,Male,0,No,Yes,37,Yes,No,Fiber optic,Yes,No,Yes,No,Yes,Yes,Month-to-month,No,Credit card,103.82,3857.08,Yes,No,25-48 Months
CUST10967,Male,0,No,No,65,Yes,No,Fiber optic,No,Yes,No,No,No,No,One year,Yes,Bank transfer,84.05,5482.13,No,No,49-72 Months
CUST10968,Female,0,No,No,42,No,No phone service,DSL,No,Yes,No,No,Yes,No,One year,Yes,Mailed check,59.82,2444.5,No,No,25-48 Months
CUST10969,Female,0,No,Yes,49,Yes,No,Fiber optic,No,No,Yes,Yes,No,No,One year,Yes,Electronic check,74.04,3514.43,No,No,49-72 Months
CUST10970,Male,0,Yes,Yes,4,Yes,No,DSL,Yes,No,Yes,No,No,No,Month-to-month,No,Bank transfer,56.1,320.87,No,No,0-12 Months
CUST10971,Female,0,No,Yes,64,Yes,No,Fiber optic,No,Yes,No,No,No,No,Two year,No,Electronic check,81.68,5232.97,No,No,49-72 Months
CUST10972,Male,1,Yes,Yes,51,Yes,No,DSL,Yes,No,No,No,No,Yes,One year,No,Electronic check,63.83,3244.42,Yes,Yes,49-72 Months
CUST10973,Male,1,Yes,No,72,Yes,Yes,DSL,No,Yes,Yes,No,No,No,Two year,No,Electronic check,66.77,4836.91,No,Yes,49-72 Months
CUST10974,Male,0,No,Yes,60,Yes,No,Fiber optic,Yes,Yes,Yes,Yes,Yes,Yes,One year,No,Mailed check,101.36,6005.31,No,No,49-72 Months
CUST10975,Female,0,Yes,No,31,Yes,No,Fiber optic,No,No,No,No,No,No,One year,No,Bank transfer,75.98,2441.13,No,No,25-48 Months
CUST10976,Female,1,Yes,No,72,No,No phone service,Fiber optic,Yes,Yes,Yes,Yes,Yes,Yes,Month-to-month,Yes,Credit card,100.54,7285.14,No,Yes,49-72 Months
CUST10977,Female,0,Yes,Yes,58,Yes,No,Fiber optic,Yes,No,Yes,Yes,No,Yes,One year,Yes,Bank transfer,96.98,5602.46,No,No,49-72 Months
CUST10978,Female,0,No,No,4,Yes,No,Fiber optic,No,Yes,Yes,No,No,Yes,One year,Yes,Credit card,91.82,362.29,No,No,0-12 Months
CUST10979,Female,0,No,No,22,No,No phone service,Fiber optic,Yes,No,Yes,Yes,No,Yes,Month-to-month,No,Bank transfer,91.71,1998.46,No,No,13-24 Months
CUST10980,Female,0,Yes,No,3,Yes,No,Fiber optic,No,No,Yes,No,No,Yes,One year,No,Electronic check,86.23,365.35,Yes,No,0-12 Months
CUST10981,Female,0,No,Yes,47,Yes,No,Fiber optic,No,No,No,No,No,No,One year,No,Mailed check,68.75,3265.73,No,No,25-48 Months
CUST10982,Female,1,Yes,Yes,38,Yes,No,Fiber optic,No,Yes,No,No,Yes,Yes,One year,Yes,Mailed check,101.02,3882.05,No,Yes,25-48 Months
CUST10983,Female,1,Yes,No,33,No,No phone service,Fiber optic,Yes,No,No,No,No,No,Month-to-month,Yes,Bank transfer,76.74,2537.8,No,Yes,25-48 Months
CUST10984,Male,0,No,No,48,Yes,Yes,No,No internet service,No internet service,No internet service,No internet service,No internet service,No internet service,Month-to-month,Yes,Bank transfer,36.8,1766.46,No,No,25-48 Months
CUST10985,Female,0,No,No,65,Yes,Yes,DSL,No,Yes,Yes,No,Yes,Yes,Month-to-month,Yes,Bank transfer,85.38,5699.73,Yes,No,49-72 Months
CUST10986,Female,1,No,No,26,Yes,No,No,No internet service,No internet service,No internet service,No internet service,No internet service,No internet service,One year,Yes,Electronic check,22.38,552.86,No,Yes,25-48 Months
CUST10987,Female,0,Yes,Yes,8,Yes,No,DSL,Yes,No,No,No,Yes,Yes,Month-to-month,Yes,Bank transfer,68.28,563.77,No,No,0-12 Months
CUST10988,Female,1,No,No,50,Yes,No,DSL,No,No,No,Yes,Yes,No,Month-to-month,No,Electronic check,53.43,2836.36,No,Yes,49-72 Months
CUST10989,Female,0,No,Yes,38,Yes,Yes,DSL,No,Yes,Yes,No,No,Yes,Two year,Yes,Electronic check,79.62,2111.56,No,No,25-48 Months
CUST10990,Female,0,No,Yes,10,Yes,Yes,Fiber optic,Yes,No,Yes,Yes,No,Yes,Month-to-month,No,Mailed check,96.52,995.54,No,No,0-12 Months
CUST10991,Female,0,Yes,No,42,Yes,No,DSL,No,Yes,Yes,Yes,Yes,No,One year,No,Bank transfer,69.94,2816.84,No,No,25-48 Months
CUST10992,Female,0,No,Yes,37,Yes,No,No,No internet service,No internet service,No internet service,No internet service,No internet service,No internet service,Two year,Yes,Electronic check,31.08,1323.41,No,No,25-48 Months
CUST10993,Female,0,No,No,26,Yes,No,No,No internet service,No internet service,No internet service,No internet service,No internet service,No internet service,One year,Yes,Mailed check,34.12,867.87,No,No,25-48 Months
CUST10994,Female,0,Yes,No,12,Yes,No,Fiber optic,Yes,Yes,Yes,No,Yes,Yes,One year,No,Mailed check,106.64,1286.35,No,No,0-12 Months
CUST10995,Female,0,Yes,Yes,49,Yes,No,Fiber optic,No,Yes,No,Yes,No,No,Two year,No,Electronic check,90.71,4527.58,No,No,49-72 Months
CUST10996,Male,0,Yes,No,14,Yes,No,No,No internet service,No internet service,No internet service,No internet service,No internet service,No internet service,Two year,Yes,Bank transfer,34.02,459.79,No,No,13-24 Months
CUST10997,Male,0,No,No,46,Yes,No,No,No internet service,No internet service,No internet service,No internet service,No internet service,No internet service,One year,Yes,Electronic check,36.54,1697.97,No,No,25-48 Months
CUST10998,Female,1,No,No,35,Yes,No,Fiber optic,No,No,No,No,No,Yes,Month-to-month,No,Credit card,73.22,2568.02,No,Yes,25-48 Months
CUST10999,Female,1,No,Yes,29,Yes,No,Fiber optic,No,No,Yes,No,No,No,Month-to-month,Yes,Electronic check,77.58,2220.64,No,Yes,25-48 Months
CUST11000,Male,0,No,No,12,Yes,No,Fiber optic,No,Yes,No,No,No,Yes,Two year,Yes,Mailed check,89.26,1099.19,No,No,0-12 Months
CUST11001,Female,0,No,No,44,Yes,Yes,Fiber optic,No,No,Yes,Yes,No,No,Two year,No,Credit card,99.87,4343.49,No,No,25-48 Months
CUST11002,Male,0,Yes,No,66,Yes,Yes,DSL,No,Yes,Yes,No,No,Yes,Two year,No,Credit card,71.47,4626.43,No,No,49-72 Months
CUST11003,Male,0,Yes,Yes,2,Yes,Yes,Fiber optic,No,Yes,Yes,Yes,No,Yes,One year,Yes,Credit card,113.83,270.92,No,No,0-12 Months
CUST11004,Male,1,No,No,59,No,No phone service,DSL,No,No,No,Yes,No,No,Month-to-month,No,Electronic check,46.77,2859.29,No,Yes,49-72 Months
CUST11005,Male,0,Yes,Yes,17,Yes,Yes,Fiber optic,No,No,Yes,Yes,No,No,Month-to-month,No,Electronic check,88.44,1444.11,No,No,13-24 Months
CUST11006,Male,0,Yes,No,10,Yes,Yes,Fiber optic,No,Yes,Yes,No,No,Yes,Month-to-month,No,Bank transfer,93.23,890.14,Yes,No,0-12 Months
CUST11007,Female,1,No,Yes,18,Yes,No,No,No internet service,No internet service,No internet service,No internet service,No internet service,No internet service,One year,Yes,Mailed check,33.68,606.6,No,Yes,13-24 Months
CUST11008,Male,0,Yes,No,22,Yes,Yes,No,No internet service,No internet service,No internet service,No internet service,No internet service,No internet service,Month-to-month,Yes,Credit card,33.8,744.06,No,No,13-24 Months
CUST11009,Female,1,Yes,No,58,Yes,No,Fiber optic,Yes,Yes,Yes,Yes,No,Yes,Month-to-month,Yes,Mailed check,100.64,5679.29,No,Yes,49-72 Months
CUST11010,Female,1,Yes,Yes,53,Yes,No,Fiber optic,Yes,No,Yes,No,Yes,No,Two year,Yes,Mailed check,92.81,4885.02,No,Yes,49-72 Months
CUST11011,Male,0,Yes,Yes,1,Yes,No,DSL,Yes,Yes,No,Yes,No,Yes,Month-to-month,No,Mailed check,73.0,216.62,No,No,0-12 Months
CUST11012,Male,1,No,No,61,Yes,Yes,Fiber optic,No,Yes,No,Yes,No,No,Two year,No,Credit card,101.56,6307.11,No,Yes,49-72 Months
CUST11013,Female,0,No,No,31,Yes,Yes,DSL,Yes,No,No,No,No,No,Month-to-month,No,Electronic check,63.97,2119.39,No,No,25-48 Months
CUST11014,Male,0,No,No,31,Yes,Yes,DSL,No,No,No,Yes,No,No,Two year,Yes,Credit card,58.98,1877.67,No,No,25-48 Months
CUST11015,Male,0,Yes,No,66,Yes,No,Fiber optic,No,No,No,No,No,Yes,Month-to-month,No,Mailed check,78.27,5123.13,No,No,49-72 Months
CUST11016,Female,1,No,Yes,19,Yes,No,DSL,No,No,Yes,No,Yes,No,Month-to-month,Yes,Credit card,70.34,1356.9,No,Yes,13-24 Months
CUST11017,Female,0,No,No,53,Yes,Yes,DSL,No,Yes,Yes,No,Yes,Yes,One year,Yes,Mailed check,78.42,4204.27,No,No,49-72 Months
CUST11018,Male,0,No,No,22,Yes,No,No,No internet service,No internet service,No internet service,No internet service,No internet service,No internet service,Two year,Yes,Bank transfer,32.92,697.99,No,No,13-24 Months
CUST11019,Female,0,Yes,No,23,Yes,Yes,DSL,Yes,No,No,Yes,No,Yes,Month-to-month,Yes,Electronic check,74.96,1586.14,No,No,13-24 Months
CUST11020,Male,0,No,No,15,Yes,No,DSL,No,Yes,Yes,No,No,No,One year,Yes,Credit card,62.1,1003.98,No,No,13-24 Months
CUST11021,Male,0,No,No,26,Yes,No,DSL,No,No,No,No,No,No,Two year,Yes,Mailed check,56.99,1445.89,No,No,25-48 Months
CUST11022,Male,0,No,No,3,Yes,No,DSL,No,No,Yes,No,No,Yes,Month-to-month,Yes,Mailed check,63.41,240.35,Yes,No,0-12 Months
CUST11023,Female,0,No,Yes,20,Yes,No,DSL,No,No,Yes,Yes,No,Yes,Two year,No,Electronic check,71.09,1295.26,No,No,13-24 Months
CUST11024,Female,0,Yes,No,40,Yes,No,Fiber optic,Yes,No,No,No,No,No,Month-to-month,Yes,Bank transfer,81.53,3209.82,No,No,25-48 Months
CUST11025,Female,0,No,No,39,Yes,No,DSL,No,No,No,No,Yes,Yes,Month-to-month,No,Electronic check,61.73,2438.59,Yes,No,25-48 Months
CUST11026,Female,0,Yes,Yes,72,Yes,No,No,No internet service,No internet service,No internet service,No internet service,No internet service,No internet service,Month-to-month,Yes,Electronic check,32.47,2388.34,No,No,49-72 Months
CUST11027,Female,0,No,No,18,Yes,No,DSL,Yes,Yes,Yes,Yes,No,No,Month-to-month,Yes,Electronic check,66.75,1261.31,No,No,13-24 Months
CUST11028,Male,1,Yes,No,41,Yes,No,Fiber optic,No,No,Yes,No,No,No,Month-to-month,No,Electronic check,74.18,3035.95,No,Yes,25-48 Months
CUST11029,Male,0,Yes,No,70,Yes,No,Fiber optic,Yes,No,No,No,No,No,Month-to-month,Yes,Bank transfer,82.91,5818.97,No,No,49-72 Months
CUST11030,Male,1,Yes,No,27,Yes,No,Fiber optic,No,No,Yes,No,Yes,Yes,Month-to-month,Yes,Electronic check,96.32,2631.82,No,Yes,25-48 Months
CUST11031,Male,0,No,No,15,Yes,No,Fiber optic,Yes,Yes,Yes,Yes,Yes,No,One year,No,Electronic check,103.81,1582.68,No,No,13-24 Months
CUST11032,Female,0,Yes,Yes,37,Yes,No,No,No internet service,No internet service,No internet service,No internet service,No internet service,No internet service,One year,Yes,Electronic check,29.89,1151.44,No,No,25-48 Months
CUST11033,Male,0,No,No,58,Yes,Yes,DSL,No,Yes,Yes,No,Yes,No,One year,No,Mailed check,73.64,4178.95,Yes,No,49-72 Months
CUST11034,Female,0,No,No,5,Yes,Yes,Fiber optic,Yes,Yes,No,Yes,No,Yes,Month-to-month,Yes,Mailed check,98.58,641.97,No,No,0-12 Months
CUST11035,Male,0,Yes,No,7,Yes,Yes,No,No internet service,No internet service,No internet service,No internet service,No internet service,No internet service,Two year,Yes,Mailed check,27.69,179.08,Yes,No,0-12 Months
CUST11036,Female,0,Yes,No,41,Yes,No,DSL,No,Yes,No,No,No,No,Month-to-month,No,Mailed check,59.44,2429.41,No,No,25-48 Months
CUST11037,Female,0,Yes,Yes,10,Yes,No,DSL,No,No,No,Yes,No,Yes,Month-to-month,Yes,Mailed check,66.37,640.43,Yes,No,0-12 Months
CUST11038,Male,0,No,No,62,Yes,No,DSL,Yes,Yes,Yes,Yes,Yes,Yes,One year,Yes,Credit card,82.75,5148.76,No,No,49-72 Months
CUST11039,Male,0,No,No,26,Yes,No,Fiber optic,Yes,Yes,Yes,Yes,Yes,No,One year,Yes,Electronic check,109.36,2727.95,No,No,25-48 Months
CUST11040,Male,0,Yes,No,68,Yes,No,DSL,No,No,Yes,No,Yes,No,Month-to-month,Yes,Credit card,64.5,4347.0,No,No,49-72 Months
CUST11041,Male,0,Yes,No,24,Yes,Yes,DSL,Yes,No,No,No,Yes,Yes,Month-to-month,No,Electronic check,77.69,1711.9,No,No,13-24 Months
CUST11042,Female,0,No,No,41,Yes,No,Fiber optic,No,No,No,Yes,No,No,Two year,No,Bank transfer,90.09,3656.15,No,No,25-48 Months
CUST11043,Male,1,No,No,65,Yes,No,Fiber optic,No,No,Yes,Yes,No,No,Month-to-month,No,Mailed check,78.73,5129.76,Yes,Yes,49-72 Months
CUST11044,Male,0,No,No,17,Yes,No,DSL,Yes,Yes,No,Yes,Yes,No,Month-to-month,Yes,Electronic check,71.76,1265.55,No,No,13-24 Months
CUST11045,Female,0,No,No,24,Yes,Yes,DSL,Yes,Yes,No,No,Yes,Yes,Two year,No,Bank transfer,76.74,1837.01,No,No,13-24 Months
CUST11046,Male,0,Yes,No,27,Yes,No,Fiber optic,No,Yes,No,No,Yes,Yes,Month-to-month,Yes,Bank transfer,92.16,2511.24,Yes,No,25-48 Months
CUST11047,Male,0,Yes,No,7,Yes,No,No,No internet service,No internet service,No internet service,No internet service,No internet service,No internet service,One year,No,Mailed check,29.66,72.77,No,No,0-12 Months
CUST11048,Male,0,Yes,No,12,Yes,No,Fiber optic,Yes,No,No,Yes,Yes,Yes,Month-to-month,No,Mailed check,98.78,1197.81,No,No,0-12 Months
CUST11049,Male,0,Yes,No,3,Yes,No,Fiber optic,Yes,Yes,Yes,No,No,No,Month-to-month,Yes,Electronic check,84.63,354.46,Yes,No,0-12 Months
CUST11050,Male,0,Yes,Yes,10,Yes,No,Fiber optic,Yes,No,No,Yes,No,Yes,Month-to-month,No,Credit card,92.34,960.51,No,No,0-12 Months
CUST11051,Female,0,Yes,No,33,Yes,No,DSL,Yes,Yes,No,No,No,Yes,One year,No,Credit card,62.88,2015.18,No,No,25-48 Months
CUST11052,Male,0,Yes,Yes,46,Yes,No,Fiber optic,Yes,No,Yes,Yes,No,No,Month-to-month,No,Mailed check,95.98,4428.75,Yes,No,25-48 Months
CUST11053,Male,0,No,No,59,Yes,No,No,No internet service,No internet service,No internet service,No internet service,No internet service,No internet service,One year,No,Bank transfer,33.82,2104.73,No,No,49-72 Months
CUST11054,Male,1,No,No,52,Yes,No,Fiber optic,No,No,No,No,Yes,No,Two year,No,Electronic check,83.72,4398.98,No,Yes,49-72 Months
CUST11055,Male,0,No,No,6,Yes,Yes,No,No internet service,No internet service,No internet service,No internet service,No internet service,No internet service,One year,No,Bank transfer,34.62,255.46,No,No,0-12 Months
CUST11056,Male,1,No,No,2,Yes,No,No,No internet service,No internet service,No internet service,No internet service,No internet service,No internet service,Month-to-month,No,Mailed check,30.77,0.0,Yes,Yes,0-12 Months
CUST11057,Female,0,Yes,Yes,29,Yes,Yes,DSL,No,No,No,No,Yes,No,Month-to-month,Yes,Mailed check,67.53,1929.5,No,No,25-48 Months
CUST11058,Male,0,No,No,40,Yes,Yes,DSL,No,No,Yes,No,Yes,No,Month-to-month,No,Electronic check,67.3,2686.43,Yes,No,25-48 Months
CUST11059,Female,0,Yes,No,61,Yes,Yes,DSL,Yes,No,No,No,No,No,Month-to-month,Yes,Credit card,54.05,3441.6,No,No,49-72 Months
CUST11060,Female,0,No,No,68,No,No phone service,Fiber optic,Yes,No,No,No,No,No,Two year,No,Credit card,73.6,4931.49,No,No,49-72 Months
CUST11061,Male,0,Yes,Yes,68,Yes,No,DSL,No,No,Yes,Yes,No,No,Two year,No,Credit card,62.65,4280.86,No,No,49-72 Months
CUST11062,Male,0,No,No,29,Yes,No,No,No internet service,No internet service,No internet service,No internet service,No internet service,No internet service,Month-to-month,Yes,Electronic check,31.61,970.43,No,No,25-48 Months
CUST11063,Male,0,Yes,No,62,Yes,Yes,DSL,No,No,Yes,No,Yes,No,Month-to-month,No,Electronic check,65.21,4102.12,No,No,49-72 Months
CUST11064,Male,0,Yes,No,60,Yes,No,DSL,Yes,No,No,No,No,No,Two year,No,Bank transfer,59.8,3568.09,No,No,49-72 Months
CUST11065,Female,0,No,No,41,Yes,No,DSL,No,Yes,Yes,No,Yes,Yes,One year,Yes,Credit card,79.74,3243.43,No,No,25-48 Months
CUST11066,Male,0,Yes,No,65,Yes,No,No,No internet service,No internet service,No internet service,No internet service,No internet service,No internet service,Month-to-month,Yes,Credit card,31.41,2195.71,No,No,49-72 Months
CUST11067,Male,0,No,No,64,Yes,No,Fiber optic,No,No,No,Yes,Yes,Yes,Month-to-month,Yes,Electronic check,92.02,5867.76,No,No,49-72 Months
CUST11068,Male,0,No,No,63,Yes,No,No,No internet service,No internet service,No internet service,No internet service,No internet service,No internet service,Month-to-month,No,Bank transfer,28.12,1738.33,No,No,49-72 Months
CUST11069,Male,0,No,No,48,Yes,Yes,No,No internet service,No internet service,No internet service,No internet service,No internet service,No internet service,Two year,Yes,Bank transfer,35.02,1755.44,No,No,25-48 Months
CUST11070,Male,1,No,Yes,20,Yes,Yes,Fiber optic,No,Yes,Yes,No,No,No,Month-to-month,No,Electronic check,89.79,1806.17,Yes,Yes,13-24 Months
CUST11071,Male,0,No,No,37,Yes,Yes,DSL,Yes,Yes,Yes,No,No,No,Two year,Yes,Mailed check,70.23,2494.45,No,No,25-48 Months
CUST11072,Female,1,Yes,No,64,Yes,Yes,DSL,No,No,Yes,Yes,No,No,Month-to-month,Yes,Electronic check,68.62,4469.78,No,Yes,49-72 Months
CUST11073,Female,0,No,Yes,5,No,No phone service,DSL,No,Yes,No,No,No,No,Two year,Yes,Bank transfer,49.48,215.6,No,No,0-12 Months
CUST11074,Male,0,No,Yes,34,Yes,Yes,Fiber optic,No,Yes,No,No,Yes,No,Month-to-month,Yes,Credit card,101.26,3410.01,Yes,No,25-48 Months
CUST11075,Male,0,No,No,39,Yes,Yes,DSL,No,Yes,No,No,Yes,Yes,Month-to-month,Yes,Credit card,71.43,2998.76,No,No,25-48 Months
CUST11076,Male,0,Yes,Yes,67,Yes,Yes,DSL,Yes,No,Yes,No,Yes,No,Month-to-month,Yes,Bank transfer,70.25,4688.12,No,No,49-72 Months
CUST11077,Female,1,No,No,62,Yes,No,Fiber optic,No,No,No,Yes,Yes,Yes,One year,No,Mailed check,98.22,6095.09,No,Yes,49-72 Months
CUST11078,Male,0,No,Yes,24,Yes,Yes,Fiber optic,No,No,Yes,No,Yes,No,Month-to-month,Yes,Bank transfer,89.44,2219.5,Yes,No,13-24 Months
CUST11079,Female,0,No,No,3,Yes,No,Fiber optic,No,No,Yes,No,No,No,One year,No,Credit card,74.21,148.06,No,No,0-12 Months
CUST11080,Male,0,Yes,Yes,71,Yes,Yes,Fiber optic,No,No,Yes,Yes,Yes,No,Month-to-month,Yes,Bank transfer,94.29,6739.01,No,No,49-72 Months
CUST11081,Male,0,Yes,Yes,67,Yes,Yes,No,No internet service,No internet service,No internet service,No internet service,No internet service,No internet service,Month-to-month,Yes,Mailed check,36.12,2493.91,No,No,49-72 Months
CUST11082,Male,1,Yes,No,50,Yes,Yes,Fiber optic,No,Yes,Yes,Yes,No,No,Month-to-month,Yes,Credit card,105.18,5365.04,No,Yes,49-72 Months
CUST11083,Male,0,No,No,29,Yes,No,DSL,Yes,Yes,Yes,Yes,No,Yes,One year,No,Credit card,76.36,2267.22,No,No,25-48 Months
CUST11084,Female,0,No,Yes,32,Yes,Yes,Fiber optic,Yes,No,Yes,Yes,Yes,No,Month-to-month,Yes,Credit card,105.37,3283.48,No,No,25-48 Months
CUST11085,Female,0,Yes,No,39,Yes,No,No,No internet service,No internet service,No internet service,No internet service,No internet service,No internet service,Month-to-month,Yes,Credit card,24.01,971.26,No,No,25-48 Months
CUST11086,Male,0,Yes,No,9,Yes,No,DSL,No,Yes,Yes,No,No,Yes,One year,No,Mailed check,72.37,543.74,No,No,0-12 Months
CUST11087,Male,0,Yes,No,14,Yes,No,Fiber optic,Yes,Yes,No,Yes,No,No,Month-to-month,No,Credit card,94.36,1419.41,No,No,13-24 Months
CUST11088,Female,0,Yes,No,68,Yes,Yes,Fiber optic,Yes,No,Yes,Yes,No,No,Month-to-month,Yes,Bank transfer,94.66,6522.54,No,No,49-72 Months
CUST11089,Female,0,No,No,64,Yes,Yes,DSL,No,No,No,Yes,Yes,No,Month-to-month,No,Electronic check,65.56,4214.08,No,No,49-72 Months
CUST11090,Female,0,No,No,20,Yes,Yes,No,No internet service,No internet service,No internet service,No internet service,No internet service,No internet service,Month-to-month,No,Bank transfer,41.79,850.52,No,No,13-24 Months
CUST11091,Female,0,Yes,No,28,Yes,No,DSL,No,Yes,No,No,No,Yes,One year,No,Mailed check,60.87,1703.78,No,No,25-48 Months
CUST11092,Male,0,No,Yes,14,Yes,No,Fiber optic,Yes,No,Yes,Yes,Yes,Yes,Month-to-month,Yes,Electronic check,100.68,1407.41,No,No,13-24 Months
CUST11093,Female,0,Yes,No,44,Yes,No,Fiber optic,No,No,No,Yes,No,No,Month-to-month,Yes,Credit card,78.17,3516.79,No,No,25-48 Months
CUST11094,Male,0,No,No,39,No,No phone service,Fiber optic,Yes,No,No,Yes,Yes,No,One year,No,Electronic check,83.19,3219.62,No,No,25-48 Months
CUST11095,Female,0,Yes,No,28,Yes,No,DSL,Yes,No,Yes,No,No,No,Month-to-month,Yes,Credit card,63.66,1957.8,No,No,25-48 Months
CUST11096,Female,0,Yes,No,64,Yes,No,DSL,Yes,Yes,No,Yes,No,No,One year,No,Electronic check,66.62,4277.25,No,No,49-72 Months
CUST11097,Female,0,Yes,No,32,No,No phone service,DSL,Yes,No,No,No,No,No,Month-to-month,Yes,Mailed check,46.36,1582.76,No,No,25-48 Months
CUST11098,Female,0,No,No,9,Yes,No,DSL,No,No,No,Yes,Yes,No,One year,Yes,Mailed check,60.8,414.79,No,No,0-12 Months
CUST11099,Female,0,No,No,28,Yes,Yes,DSL,No,No,No,Yes,Yes,Yes,One year,No,Bank transfer,76.73,2102.2,No,No,25-48 Months
CUST11100,Male,0,No,No,17,Yes,No,No,No internet service,No internet service,No internet service,No internet service,No internet service,No internet service,Two year,Yes,Electronic check,28.04,550.04,No,No,13-24 Months
CUST11101,Male,0,Yes,No,55,Yes,Yes,Fiber optic,No,No,Yes,Yes,No,Yes,Two year,Yes,Credit card,97.65,5396.62,No,No,49-72 Months
CUST11102,Female,0,Yes,No,10,Yes,Yes,Fiber optic,Yes,No,Yes,Yes,No,No,One year,No,Bank transfer,104.11,1043.36,No,No,0-12 Months
CUST11103,Female,0,Yes,No,6,Yes,No,Fiber optic,No,No,Yes,Yes,No,Yes,Two year,Yes,Credit card,92.21,638.04,No,No,0-12 Months
CUST11104,Male,0,No,Yes,48,Yes,No,Fiber optic,Yes,Yes,No,Yes,Yes,Yes,Month-to-month,No,Electronic check,102.16,5073.41,No,No,25-48 Months
CUST11105,Female,0,Yes,No,67,Yes,Yes,No,No internet service,No internet service,No internet service,No internet service,No internet service,No internet service,Month-to-month,Yes,Mailed check,33.63,2160.74,No,No,49-72 Months
CUST11106,Female,0,No,No,41,Yes,Yes,DSL,Yes,No,No,Yes,Yes,Yes,Two year,Yes,Credit card,70.0,2949.92,No,No,25-48 Months
CUST11107,Male,0,No,No,60,No,No phone service,No,No internet service,No internet service,No internet service,No internet service,No internet service,No internet service,Two year,Yes,Electronic check,30.43,1790.6,No,No,49-72 Months
CUST11108,Female,0,No,Yes,42,Yes,No,Fiber optic,No,No,No,No,No,Yes,Month-to-month,No,Electronic check,92.98,3973.48,No,No,25-48 Months
CUST11109,Female,0,Yes,No,71,Yes,No,No,No internet service,No internet service,No internet service,No internet service,No internet service,No internet service,Month-to-month,Yes,Mailed check,33.14,2316.51,No,No,49-72 Months
CUST11110,Male,0,Yes,No,28,Yes,No,Fiber optic,No,No,Yes,Yes,Yes,No,Two year,Yes,Credit card,86.82,2473.42,No,No,25-48 Months
CUST11111,Male,0,Yes,No,13,Yes,Yes,Fiber optic,Yes,No,Yes,No,Yes,Yes,Month-to-month,No,Mailed check,119.67,1605.37,No,No,13-24 Months
CUST11112,Male,0,No,No,15,Yes,No,DSL,Yes,Yes,No,No,No,Yes,Month-to-month,No,Mailed check,59.98,843.98,No,No,13-24 Months
CUST11113,Female,0,No,No,36,Yes,No,DSL,No,Yes,No,No,No,No,One year,No,Bank transfer,56.97,2012.77,No,No,25-48 Months
CUST11114,Male,0,Yes,Yes,15,Yes,No,Fiber optic,No,No,Yes,Yes,Yes,No,Month-to-month,Yes,Credit card,83.43,1236.4,Yes,No,13-24 Months
CUST11115,Male,0,Yes,Yes,56,Yes,Yes,No,No internet service,No internet service,No internet service,No internet service,No internet service,No internet service,Month-to-month,Yes,Electronic check,26.14,1333.75,No,No,49-72 Months
CUST11116,Male,0,No,No,4,Yes,No,Fiber optic,No,Yes,Yes,No,Yes,No,Two year,No,Electronic check,93.16,408.94,No,No,0-12 Months
CUST11117,Male,0,No,No,52,Yes,No,DSL,No,Yes,Yes,Yes,No,Yes,Month-to-month,No,Electronic check,73.8,3955.17,Yes,No,49-72 Months
CUST11118,Male,0,Yes,Yes,10,Yes,No,No,No internet service,No internet service,No internet service,No internet service,No internet service,No internet service,Two year,No,Electronic check,30.59,205.21,No,No,0-12 Months
CUST11119,Male,1,No,Yes,45,Yes,No,Fiber optic,No,No,Yes,Yes,Yes,Yes,Two year,No,Electronic check,106.47,4843.6,No,Yes,25-48 Months
CUST11120,Female,0,Yes,Yes,29,No,No phone service,DSL,Yes,No,No,Yes,No,Yes,Two year,No,Electronic check,56.76,1673.49,No,No,25-48 Months
CUST11121,Female,0,Yes,No,53,No,No phone service,DSL,No,No,No,No,Yes,Yes,Two year,Yes,Mailed check,58.06,3022.12,No,No,49-72 Months
CUST11122,Male,1,No,Yes,29,No,No phone service,DSL,Yes,No,No,Yes,Yes,Yes,Month-to-month,No,Electronic check,60.09,1905.78,No,Yes,25-48 Months
CUST11123,Male,0,No,No,23,Yes,Yes,No,No internet service,No internet service,No internet service,No internet service,No internet service,No internet service,One year,No,Mailed check,43.48,1091.97,No,No,13-24 Months
CUST11124,Male,1,No,No,57,Yes,No,No,No internet service,No internet service,No internet service,No internet service,No internet service,No internet service,Two year,No,Credit card,36.9,2202.49,No,Yes,49-72 Months
CUST11125,Female,0,Yes,Yes,50,Yes,No,DSL,Yes,No,No,No,No,No,Month-to-month,No,Electronic check,53.73,2689.6,No,No,49-72 Months
CUST11126,Female,1,No,No,21,Yes,Yes,DSL,No,No,Yes,Yes,No,No,Month-to-month,Yes,Mailed check,68.88,1325.4,No,Yes,13-24 Months
CUST11127,Female,0,Yes,Yes,43,Yes,No,Fiber optic,No,Yes,Yes,No,Yes,No,One year,No,Electronic check,88.51,3819.46,No,No,25-48 Months
CUST11128,Female,0,Yes,No,10,Yes,Yes,No,No internet service,No internet service,No internet service,No internet service,No internet service,No internet service,One year,Yes,Mailed check,35.9,348.96,No,No,0-12 Months
CUST11129,Female,0,No,Yes,30,Yes,Yes,Fiber optic,Yes,Yes,No,No,No,No,One year,Yes,Bank transfer,95.69,2952.34,No,No,25-48 Months
CUST11130,Female,0,Yes,No,51,Yes,No,Fiber optic,No,No,No,No,Yes,No,One year,Yes,Credit card,84.42,4258.33,No,No,49-72 Months
CUST11131,Female,0,No,No,33,Yes,No,DSL,No,No,Yes,No,No,No,One year,No,Mailed check,46.35,1636.44,No,No,25-48 Months
CUST11132,Female,0,No,Yes,18,Yes,Yes,Fiber optic,Yes,Yes,Yes,No,Yes,No,One year,No,Credit card,98.31,1719.95,No,No,13-24 Months
CUST11133,Female,0,Yes,Yes,22,Yes,No,DSL,Yes,Yes,Yes,No,No,No,Month-to-month,No,Credit card,62.06,1421.79,No,No,13-24 Months
CUST11134,Male,0,Yes,No,64,Yes,No,No,No internet service,No internet service,No internet service,No internet service,No internet service,No internet service,Month-to-month,Yes,Electronic check,31.1,1930.59,No,No,49-72 Months
CUST11135,Male,0,Yes,Yes,21,No,No phone service,Fiber optic,Yes,No,Yes,Yes,No,Yes,One year,Yes,Electronic check,82.41,1727.6,No,No,13-24 Months
CUST11136,Male,0,Yes,No,1,Yes,Yes,No,No internet service,No internet service,No internet service,No internet service,No internet service,No internet service,Month-to-month,No,Bank transfer,29.93,0.0,No,No,0-12 Months
CUST11137,Male,1,No,No,15,Yes,No,Fiber optic,Yes,No,No,No,No,Yes,Two year,Yes,Credit card,73.85,1113.62,No,Yes,13-24 Months
CUST11138,Female,0,No,No,36,Yes,No,No,No internet service,No internet service,No internet service,No internet service,No internet service,No internet service,Two year,Yes,Mailed check,40.43,1374.89,No,No,25-48 Months
CUST11139,Female,1,Yes,No,47,Yes,Yes,DSL,No,No,No,No,No,No,One year,No,Electronic check,58.01,2770.86,No,Yes,25-48 Months
CUST11140,Male,0,Yes,No,54,Yes,No,Fiber optic,No,No,No,Yes,No,Yes,Two year,Yes,Credit card,79.79,4364.21,No,No,49-72 Months
CUST11141,Female,0,No,No,32,No,No phone service,Fiber optic,No,No,No,No,No,No,One year,Yes,Electronic check,70.17,2244.37,Yes,No,25-48 Months
CUST11142,Male,0,No,No,58,Yes,Yes,DSL,Yes,No,No,Yes,Yes,No,Month-to-month,Yes,Bank transfer,81.47,4672.86,Yes,No,49-72 Months
CUST11143,Female,0,Yes,Yes,46,No,No phone service,No,No internet service,No internet service,No internet service,No internet service,No internet service,No internet service,One year,No,Electronic check,21.07,1001.48,No,No,25-48 Months
CUST11144,Male,0,Yes,Yes,54,Yes,No,Fiber optic,Yes,Yes,Yes,No,Yes,No,Month-to-month,No,Electronic check,100.12,5482.26,Yes,No,49-72 Months
CUST11145,Female,0,No,No,33,Yes,No,Fiber optic,Yes,No,Yes,Yes,No,Yes,Month-to-month,No,Mailed check,103.54,3403.36,No,No,25-48 Months
CUST11146,Female,0,Yes,No,39,Yes,No,No,No internet service,No internet service,No internet service,No internet service,No internet service,No internet service,Month-to-month,No,Bank transfer,33.03,1253.73,No,No,25-48 Months
CUST11147,Male,1,Yes,No,23,Yes,Yes,No,No internet service,No internet service,No internet service,No internet service,No internet service,No internet service,One year,Yes,Electronic check,40.16,822.93,Yes,Yes,13-24 Months
CUST11148,Female,0,No,Yes,43,Yes,No,Fiber optic,Yes,No,No,Yes,No,No,Month-to-month,No,Bank transfer,77.33,3342.56,No,No,25-48 Months
CUST11149,Male,0,No,No,55,Yes,Yes,No,No internet service,No internet service,No internet service,No internet service,No internet service,No internet service,Month-to-month,Yes,Electronic check,23.35,1369.28,Yes,No,49-72 Months
CUST11150,Male,0,No,Yes,2,Yes,No,DSL,Yes,Yes,No,Yes,Yes,No,Month-to-month,Yes,Mailed check,76.31,267.01,No,No,0-12 Months
CUST11151,Male,0,No,Yes,66,Yes,Yes,DSL,No,Yes,Yes,No,No,No,Month-to-month,Yes,Electronic check,65.88,4366.97,No,No,49-72 Months
CUST11152,Male,0,No,No,38,No,No phone service,Fiber optic,Yes,No,No,Yes,No,Yes,Month-to-month,No,Bank transfer,79.73,2917.49,No,No,25-48 Months
CUST11153,Female,0,Yes,Yes,29,Yes,No,Fiber optic,No,No,No,No,No,No,Month-to-month,No,Credit card,79.87,2278.51,No,No,25-48 Months
CUST11154,Female,0,Yes,No,67,Yes,Yes,Fiber optic,No,No,No,No,Yes,No,One year,Yes,Electronic check,84.23,5736.77,Yes,No,49-72 Months
CUST11155,Female,0,Yes,No,71,Yes,No,DSL,No,Yes,No,No,Yes,No,Month-to-month,Yes,Electronic check,61.82,4454.81,Yes,No,49-72 Months
CUST11156,Male,0,Yes,No,36,Yes,No,Fiber optic,Yes,No,No,Yes,No,No,Month-to-month,No,Credit card,85.29,2987.57,No,No,25-48 Months
CUST11157,Female,0,No,No,29,Yes,No,No,No internet service,No internet service,No internet service,No internet service,No internet service,No internet service,Month-to-month,Yes,Mailed check,33.45,1128.15,No,No,25-48 Months
CUST11158,Male,1,No,Yes,37,Yes,No,Fiber optic,No,No,No,Yes,Yes,No,One year,No,Mailed check,88.71,3195.55,No,Yes,25-48 Months
CUST11159,Female,0,No,Yes,45,Yes,Yes,No,No internet service,No internet service,No internet service,No internet service,No internet service,No internet service,Two year,Yes,Electronic check,38.71,1710.74,No,No,25-48 Months
CUST11160,Female,0,No,No,16,Yes,Yes,Fiber optic,No,Yes,Yes,No,No,Yes,Two year,Yes,Credit card,96.98,1591.88,Yes,No,13-24 Months
CUST11161,Female,0,Yes,No,31,Yes,Yes,DSL,Yes,No,No,Yes,No,No,One year,Yes,Credit card,65.11,2011.98,No,No,25-48 Months
CUST11162,Male,1,Yes,No,34,Yes,No,DSL,No,Yes,No,No,No,Yes,Month-to-month,Yes,Electronic check,63.7,2139.84,Yes,Yes,25-48 Months
CUST11163,Female,0,No,Yes,50,Yes,No,DSL,No,No,No,No,No,No,Month-to-month,No,Mailed check,47.5,2375.95,No,No,49-72 Months
CUST11164,Female,0,No,No,65,Yes,Yes,No,No internet service,No internet service,No internet service,No internet service,No internet service,No internet service,Month-to-month,No,Credit card,32.86,2217.76,No,No,49-72 Months
CUST11165,Male,0,No,No,62,Yes,Yes,DSL,No,No,No,Yes,No,Yes,One year,Yes,Mailed check,75.43,4830.58,Yes,No,49-72 Months
CUST11166,Female,0,No,No,43,Yes,Yes,DSL,Yes,No,No,No,Yes,No,Month-to-month,No,Mailed check,65.63,2846.23,No,No,25-48 Months
CUST11167,Male,0,No,No,56,Yes,Yes,No,No internet service,No internet service,No internet service,No internet service,No internet service,No internet service,One year,No,Mailed check,34.71,1893.3,No,No,49-72 Months
CUST11168,Female,0,No,Yes,15,Yes,Yes,Fiber optic,No,No,Yes,No,No,No,Month-to-month,Yes,Electronic check,93.13,1405.4,Yes,No,13-24 Months
CUST11169,Male,0,Yes,Yes,48,Yes,No,DSL,No,No,Yes,No,No,No,Month-to-month,Yes,Credit card,51.55,2632.4,Yes,No,25-48 Months
CUST11170,Male,0,No,No,49,Yes,Yes,DSL,No,No,No,No,No,No,Month-to-month,No,Mailed check,58.61,2936.65,No,No,49-72 Months
CUST11171,Female,0,No,No,44,Yes,No,No,No internet service,No internet service,No internet service,No internet service,No internet service,No internet service,One year,Yes,Mailed check,32.05,1517.17,No,No,25-48 Months
CUST11172,Male,0,Yes,Yes,10,Yes,No,No,No internet service,No internet service,No internet service,No internet service,No internet service,No internet service,Month-to-month,Yes,Electronic check,29.55,361.94,No,No,0-12 Months
CUST11173,Male,0,No,No,20,Yes,Yes,DSL,No,No,No,No,Yes,No,One year,No,Credit card,62.06,1316.41,No,No,13-24 Months
CUST11174,Male,0,Yes,Yes,70,Yes,No,Fiber optic,No,Yes,No,Yes,Yes,Yes,Month-to-month,No,Credit card,93.37,6539.5,No,No,49-72 Months
CUST11175,Male,1,No,Yes,8,Yes,No,No,No internet service,No internet service,No internet service,No internet service,No internet service,No internet service,Month-to-month,Yes,Mailed check,33.14,380.38,No,Yes,0-12 Months
CUST11176,Male,0,Yes,No,45,Yes,No,Fiber optic,Yes,No,No,No,Yes,No,Month-to-month,Yes,Credit card,92.51,3936.59,No,No,25-48 Months
CUST11177,Male,0,No,Yes,34,Yes,No,No,No internet service,No internet service,No internet service,No internet service,No internet service,No internet service,Month-to-month,Yes,Electronic check,34.98,1234.88,No,No,25-48 Months
CUST11178,Female,0,Yes,No,51,Yes,Yes,Fiber optic,No,Yes,No,No,No,No,Month-to-month,Yes,Credit card,88.85,4569.87,Yes,No,49-72 Months
CUST11179,Male,0,No,No,4,Yes,No,No,No internet service,No internet service,No internet service,No internet service,No internet service,No internet service,Month-to-month,Yes,Mailed check,20.12,11.03,Yes,No,0-12 Months
CUST11180,Male,0,Yes,Yes,39,Yes,No,DSL,No,Yes,No,No,Yes,No,Month-to-month,Yes,Electronic check,65.85,2111.56,No,No,25-48 Months
CUST11181,Female,0,Yes,Yes,24,Yes,No,DSL,Yes,Yes,Yes,Yes,No,No,Two year,Yes,Electronic check,69.46,1714.56,Yes,No,13-24 Months
CUST11182,Female,0,No,No,55,Yes,No,Fiber optic,Yes,Yes,No,No,No,Yes,Month-to-month,No,Electronic check,89.04,4758.65,No,No,49-72 Months
CUST11183,Female,0,No,Yes,26,Yes,No,Fiber optic,No,No,Yes,Yes,Yes,No,Month-to-month,Yes,Credit card,95.29,2506.66,No,No,25-48 Months
CUST11184,Female,0,Yes,No,25,Yes,No,No,No internet service,No internet service,No internet service,No internet service,No internet service,No internet service,One year,Yes,Credit card,31.13,882.24,No,No,25-48 Months
CUST11185,Female,0,Yes,No,36,Yes,No,DSL,No,No,Yes,Yes,No,No,One year,Yes,Bank transfer,65.04,2476.24,No,No,25-48 Months
CUST11186,Female,0,No,No,71,Yes,No,No,No internet service,No internet service,No internet service,No internet service,No internet service,No internet service,Month-to-month,Yes,Electronic check,31.7,2301.29,No,No,49-72 Months
CUST11187,Female,0,No,No,58,Yes,No,DSL,Yes,Yes,Yes,No,Yes,Yes,One year,Yes,Credit card,77.67,4498.08,No,No,49-72 Months
CUST11188,Male,0,No,Yes,12,Yes,Yes,Fiber optic,Yes,No,Yes,No,No,Yes,One year,Yes,Electronic check,97.26,1245.25,No,No,0-12 Months
CUST11189,Male,0,Yes,Yes,1,Yes,Yes,DSL,No,No,Yes,No,Yes,No,Month-to-month,Yes,Bank transfer,72.06,5.12,No,No,0-12 Months
CUST11190,Female,0,No,Yes,50,Yes,No,Fiber optic,No,No,Yes,Yes,Yes,Yes,Month-to-month,Yes,Credit card,92.31,4679.22,No,No,49-72 Months
CUST11191,Male,0,Yes,No,25,Yes,Yes,Fiber optic,Yes,Yes,Yes,No,Yes,No,Month-to-month,No,Electronic check,101.49,2534.56,Yes,No,25-48 Months
CUST11192,Male,0,Yes,No,5,Yes,Yes,Fiber optic,No,Yes,Yes,Yes,No,No,Month-to-month,Yes,Bank transfer,86.03,525.5,No,No,0-12 Months
CUST11193,Male,0,No,Yes,68,Yes,No,DSL,Yes,Yes,No,Yes,No,No,Two year,Yes,Electronic check,67.11,4526.17,No,No,49-72 Months
CUST11194,Female,0,No,Yes,6,Yes,Yes,Fiber optic,Yes,Yes,No,No,No,No,Month-to-month,Yes,Electronic check,95.23,709.77,No,No,0-12 Months
CUST11195,Female,1,No,No,26,Yes,Yes,No,No internet service,No internet service,No internet service,No internet service,No internet service,No internet service,Month-to-month,No,Bank transfer,33.15,960.04,No,Yes,25-48 Months
CUST11196,Male,0,Yes,No,55,Yes,No,DSL,No,No,No,Yes,Yes,No,Two year,No,Electronic check,56.53,3139.63,No,No,49-72 Months
CUST11197,Female,0,Yes,No,39,Yes,No,DSL,Yes,No,No,Yes,No,Yes,One year,Yes,Mailed check,71.77,2822.67,Yes,No,25-48 Months
CUST11198,Male,0,Yes,No,9,Yes,No,DSL,No,Yes,No,Yes,Yes,No,One year,Yes,Electronic check,63.43,708.22,No,No,0-12 Months
CUST11199,Male,0,No,No,45,Yes,No,No,No internet service,No internet service,No internet service,No internet service,No internet service,No internet service,One year,Yes,Mailed check,33.22,1668.17,No,No,25-48 Months
CUST11200,Male,0,Yes,No,14,Yes,No,Fiber optic,Yes,Yes,No,No,No,No,One year,Yes,Electronic check,84.93,1162.82,No,No,13-24 Months
CUST11201,Male,0,Yes,No,55,Yes,No,DSL,No,Yes,Yes,No,No,Yes,One year,Yes,Bank transfer,64.36,3516.64,No,No,49-72 Months
CUST11202,Female,1,Yes,No,9,Yes,No,Fiber optic,Yes,No,Yes,Yes,No,No,Month-to-month,Yes,Electronic check,92.9,941.88,No,Yes,0-12 Months
CUST11203,Female,0,No,No,15,Yes,No,Fiber optic,Yes,Yes,No,Yes,No,No,Month-to-month,Yes,Credit card,90.16,1165.41,Yes,No,13-24 Months
CUST11204,Female,0,Yes,Yes,37,Yes,No,DSL,No,No,No,No,Yes,Yes,Month-to-month,Yes,Bank transfer,71.47,2441.79,No,No,25-48 Months
CUST11205,Male,0,No,Yes,50,Yes,Yes,No,No internet service,No internet service,No internet service,No internet service,No internet service,No internet service,Month-to-month,Yes,Mailed check,33.32,1608.4,No,No,49-72 Months
CUST11206,Female,0,Yes,No,72,Yes,Yes,Fiber optic,No,No,No,No,Yes,No,Month-to-month,No,Credit card,82.38,5958.91,Yes,No,49-72 Months
CUST11207,Male,0,No,No,21,Yes,Yes,Fiber optic,No,Yes,No,No,Yes,No,One year,Yes,Electronic check,93.92,1887.14,No,No,13-24 Months
CUST11208,Female,0,Yes,No,57,Yes,No,Fiber optic,No,No,Yes,No,Yes,No,Month-to-month,No,Electronic check,89.38,4998.19,No,No,49-72 Months
CUST11209,Male,0,No,Yes,19,Yes,Yes,No,No internet service,No internet service,No internet service,No internet service,No internet service,No internet service,Month-to-month,Yes,Electronic check,36.06,650.44,No,No,13-24 Months
CUST11210,Male,0,No,No,58,No,No phone service,DSL,No,No,No,No,No,No,One year,Yes,Mailed check,48.99,2954.54,No,No,49-72 Months
CUST11211,Male,0,Yes,No,6,Yes,No,DSL,No,No,No,No,Yes,No,One year,No,Credit card,63.06,350.96,No,No,0-12 Months
CUST11212,Female,0,No,Yes,4,Yes,No,DSL,No,No,No,No,No,No,Two year,Yes,Electronic check,47.37,282.14,No,No,0-12 Months
CUST11213,Female,0,Yes,No,43,Yes,Yes,Fiber optic,No,No,No,No,No,Yes,One year,Yes,Credit card,89.32,3853.26,No,No,25-48 Months
CUST11214,Female,0,No,No,42,Yes,No,Fiber optic,No,Yes,Yes,No,Yes,No,Two year,Yes,Bank transfer,82.97,3613.0,No,No,25-48 Months
CUST11215,Female,0,No,No,3,Yes,Yes,Fiber optic,No,Yes,Yes,No,Yes,No,One year,Yes,Electronic check,104.26,297.81,Yes,No,0-12 Months
CUST11216,Male,0,Yes,No,1,Yes,No,DSL,Yes,No,Yes,No,Yes,No,One year,Yes,Credit card,63.6,101.38,No,No,0-12 Months
CUST11217,Female,0,Yes,No,55,Yes,No,Fiber optic,No,No,Yes,No,Yes,No,Two year,Yes,Credit card,87.99,4861.94,No,No,49-72 Months
CUST11218,Female,1,Yes,No,15,Yes,Yes,Fiber optic,Yes,Yes,Yes,No,No,Yes,Two year,Yes,Credit card,102.71,1534.2,No,Yes,13-24 Months
CUST11219,Male,1,Yes,No,47,Yes,No,Fiber optic,Yes,No,No,Yes,No,Yes,One year,Yes,Mailed check,84.55,4042.69,No,Yes,25-48 Months
CUST11220,Male,0,Yes,No,46,Yes,Yes,No,No internet service,No internet service,No internet service,No internet service,No internet service,No internet service,Month-to-month,Yes,Electronic check,41.17,1953.57,No,No,25-48 Months
CUST11221,Male,1,Yes,No,58,No,No phone service,DSL,No,No,No,No,No,No,Month-to-month,Yes,Mailed check,34.71,2036.34,No,Yes,49-72 Months
CUST11222,Female,0,Yes,No,71,Yes,Yes,Fiber optic,No,Yes,No,No,No,No,Two year,No,Bank transfer,84.4,5844.03,No,No,49-72 Months
CUST11223,Male,0,No,Yes,39,No,No phone service,DSL,No,No,No,Yes,Yes,No,One year,Yes,Mailed check,56.26,2105.18,No,No,25-48 Months
CUST11224,Male,0,Yes,No,3,Yes,Yes,Fiber optic,No,No,Yes,No,Yes,No,Two year,No,Bank transfer,89.14,198.22,No,No,0-12 Months
CUST11225,Male,0,Yes,No,30,Yes,Yes,No,No internet service,No internet service,No internet service,No internet service,No internet service,No internet service,Month-to-month,No,Credit card,44.45,1357.4,Yes,No,25-48 Months
CUST11226,Female,0,No,No,35,Yes,No,No,No internet service,No internet service,No internet service,No internet service,No internet service,No internet service,Month-to-month,Yes,Electronic check,25.07,879.0,No,No,25-48 Months
CUST11227,Male,0,Yes,No,57,Yes,No,DSL,Yes,No,Yes,No,No,Yes,Month-to-month,Yes,Mailed check,61.15,3430.69,No,No,49-72 Months
CUST11228,Female,0,Yes,Yes,29,Yes,No,Fiber optic,No,No,No,Yes,Yes,Yes,Two year,Yes,Credit card,94.23,2671.82,No,No,25-48 Months
CUST11229,Female,0,Yes,No,50,No,No phone service,DSL,No,Yes,Yes,No,Yes,Yes,Two year,Yes,Electronic check,72.17,3668.79,No,No,49-72 Months
CUST11230,Male,0,No,Yes,62,No,No phone service,No,No internet service,No internet service,No internet service,No internet service,No internet service,No internet service,Month-to-month,No,Mailed check,19.97,1185.1,No,No,49-72 Months
CUST11231,Male,0,No,Yes,52,Yes,No,Fiber optic,Yes,No,No,No,No,No,One year,Yes,Electronic check,84.91,4222.39,No,No,49-72 Months
CUST11232,Female,0,Yes,No,14,Yes,No,Fiber optic,Yes,No,No,No,No,Yes,Month-to-month,Yes,Electronic check,80.3,1141.67,Yes,No,13-24 Months
CUST11233,Male,0,No,Yes,35,Yes,No,DSL,No,No,Yes,Yes,No,No,Month-to-month,Yes,Mailed check,58.17,1997.3,No,No,25-48 Months
CUST11234,Male,1,No,No,28,Yes,No,No,No internet service,No internet service,No internet service,No internet service,No internet service,No internet service,Month-to-month,No,Electronic check,28.49,863.1,No,Yes,25-48 Months
CUST11235,Female,1,No,No,58,Yes,Yes,Fiber optic,No,Yes,No,Yes,Yes,No,One year,Yes,Electronic check,92.69,5320.64,Yes,Yes,49-72 Months
CUST11236,Female,0,No,No,30,Yes,No,DSL,No,No,Yes,Yes,No,No,Two year,No,Bank transfer,52.04,1547.26,No,No,25-48 Months
CUST11237,Male,1,No,No,7,Yes,No,Fiber optic,No,No,No,Yes,Yes,No,Month-to-month,No,Electronic check,85.79,627.47,Yes,Yes,0-12 Months
CUST11238,Female,0,Yes,Yes,39,Yes,No,DSL,No,Yes,Yes,Yes,No,No,Month-to-month,Yes,Electronic check,72.9,2671.96,No,No,25-48 Months
CUST11239,Male,1,Yes,Yes,69,Yes,Yes,Fiber optic,Yes,No,Yes,No,Yes,No,One year,Yes,Credit card,100.09,6862.59,No,Yes,49-72 Months
CUST11240,Male,0,Yes,No,35,Yes,Yes,No,No internet service,No internet service,No internet service,No internet service,No internet service,No internet service,Month-to-month,Yes,Bank transfer,33.59,1117.87,No,No,25-48 Months
CUST11241,Male,0,No,No,52,Yes,Yes,No,No internet service,No internet service,No internet service,No internet service,No internet service,No internet service,Two year,Yes,Electronic check,26.81,1360.12,No,No,49-72 Months
CUST11242,Female,0,No,No,14,No,No phone service,Fiber optic,No,No,No,No,Yes,No,Two year,No,Credit card,70.14,944.48,No,No,13-24 Months
CUST11243,Male,0,No,No,63,Yes,Yes,No,No internet service,No internet service,No internet service,No internet service,No internet service,No internet service,Month-to-month,Yes,Electronic check,34.8,2196.11,No,No,49-72 Months
CUST11244,Male,0,No,Yes,36,Yes,No,Fiber optic,Yes,Yes,No,No,No,No,Month-to-month,Yes,Electronic check,86.92,3147.77,No,No,25-48 Months
CUST11245,Male,0,Yes,No,24,Yes,No,DSL,Yes,No,No,Yes,No,No,Month-to-month,Yes,Credit card,58.73,1463.4,No,No,13-24 Months
CUST11246,Female,0,No,No,40,No,No phone service,No,No internet service,No internet service,No internet service,No internet service,No internet service,No internet service,Month-to-month,Yes,Electronic check,23.16,970.66,No,No,25-48 Months
CUST11247,Female,0,No,Yes,29,Yes,Yes,DSL,No,Yes,No,No,No,No,One year,Yes,Credit card,65.84,2008.04,No,No,25-48 Months
CUST11248,Female,0,No,Yes,53,Yes,No,DSL,No,Yes,No,Yes,Yes,No,Month-to-month,Yes,Credit card,66.65,3613.63,No,No,49-72 Months
CUST11249,Female,0,No,Yes,22,Yes,Yes,No,No internet service,No internet service,No internet service,No internet service,No internet service,No internet service,Two year,Yes,Electronic check,36.72,922.67,No,No,13-24 Months
CUST11250,Female,0,No,Yes,72,Yes,No,DSL,No,Yes,No,No,No,No,One year,Yes,Electronic check,55.17,4074.0,No,No,49-72 Months
CUST11251,Male,0,Yes,No,15,Yes,No,Fiber optic,No,Yes,No,No,No,No,Two year,Yes,Electronic check,71.28,2111.56,No,No,13-24 Months
CUST11252,Female,0,No,Yes,69,No,No phone service,No,No internet service,No internet service,No internet service,No internet service,No internet service,No internet service,Month-to-month,Yes,Electronic check,23.6,1607.63,Yes,No,49-72 Months
CUST11253,Female,0,Yes,Yes,64,Yes,No,Fiber optic,Yes,Yes,No,No,No,No,Two year,Yes,Credit card,93.49,5968.27,No,No,49-72 Months
CUST11254,Female,0,No,Yes,4,No,No phone service,DSL,Yes,No,No,Yes,Yes,No,One year,Yes,Mailed check,57.3,326.97,No,No,0-12 Months
CUST11255,Male,1,No,No,18,Yes,Yes,Fiber optic,Yes,Yes,No,No,Yes,No,Month-to-month,Yes,Electronic check,95.09,1697.06,Yes,Yes,13-24 Months
CUST11256,Female,0,Yes,No,42,Yes,Yes,DSL,No,No,No,No,No,No,Month-to-month,Yes,Mailed check,56.97,2459.34,No,No,25-48 Months
CUST11257,Female,0,No,Yes,30,Yes,Yes,Fiber optic,No,No,Yes,No,No,Yes,Two year,Yes,Electronic check,91.83,2608.47,No,No,25-48 Months
CUST11258,Male,1,Yes,No,15,Yes,Yes,Fiber optic,No,No,Yes,No,No,No,Month-to-month,Yes,Electronic check,87.14,1144.5,Yes,Yes,13-24 Months
CUST11259,Female,0,Yes,Yes,70,Yes,No,Fiber optic,Yes,No,No,No,Yes,Yes,Month-to-month,Yes,Electronic check,92.44,6579.94,No,No,49-72 Months
CUST11260,Male,0,Yes,No,55,No,No phone service,Fiber optic,No,No,No,Yes,No,Yes,Two year,Yes,Bank transfer,66.24,3689.1,No,No,49-72 Months
CUST11261,Male,0,No,Yes,53,Yes,No,Fiber optic,No,No,No,No,No,No,Month-to-month,Yes,Electronic check,75.48,4101.82,Yes,No,49-72 Months
CUST11262,Male,0,No,No,16,Yes,Yes,Fiber optic,No,Yes,No,Yes,Yes,Yes,Month-to-month,Yes,Mailed check,117.12,1757.96,No,No,13-24 Months
CUST11263,Male,0,No,No,34,Yes,No,No,No internet service,No internet service,No internet service,No internet service,No internet service,No internet service,One year,Yes,Electronic check,23.32,813.34,No,No,25-48 Months
CUST11264,Male,0,Yes,No,27,Yes,No,DSL,No,No,Yes,Yes,No,Yes,One year,Yes,Mailed check,72.49,1844.96,No,No,25-48 Months
CUST11265,Female,0,No,Yes,13,Yes,Yes,No,No internet service,No internet service,No internet service,No internet service,No internet service,No internet service,Month-to-month,No,Mailed check,39.0,2111.56,No,No,13-24 Months
CUST11266,Male,1,No,No,27,No,No phone service,Fiber optic,No,No,Yes,Yes,Yes,Yes,One year,Yes,Electronic check,84.41,2288.36,Yes,Yes,25-48 Months
CUST11267,Male,0,Yes,No,69,Yes,No,DSL,Yes,Yes,No,No,Yes,Yes,One year,Yes,Mailed check,67.28,4640.06,No,No,49-72 Months
CUST11268,Female,0,Yes,Yes,31,Yes,Yes,DSL,Yes,No,No,Yes,No,No,One year,Yes,Bank transfer,68.31,2194.92,No,No,25-48 Months
CUST11269,Male,0,Yes,No,3,Yes,No,Fiber optic,Yes,No,No,No,No,Yes,One year,Yes,Electronic check,88.8,266.29,No,No,0-12 Months
CUST11270,Female,0,No,Yes,30,Yes,Yes,Fiber optic,Yes,Yes,Yes,No,No,No,Month-to-month,Yes,Bank transfer,89.46,2680.99,Yes,No,25-48 Months
CUST11271,Female,0,No,Yes,21,Yes,No,DSL,Yes,No,No,No,Yes,Yes,Two year,Yes,Mailed check,73.63,1437.74,Yes,No,13-24 Months
CUST11272,Female,0,No,Yes,6,Yes,No,No,No internet service,No internet service,No internet service,No internet service,No internet service,No internet service,Month-to-month,Yes,Bank transfer,27.53,280.41,Yes,No,0-12 Months
CUST11273,Male,0,Yes,No,32,Yes,No,Fiber optic,Yes,No,Yes,No,Yes,No,Two year,No,Bank transfer,94.46,3039.19,No,No,25-48 Months
CUST11274,Male,0,No,No,42,Yes,No,No,No internet service,No internet service,No internet service,No internet service,No internet service,No internet service,Month-to-month,Yes,Credit card,33.52,1457.26,No,No,25-48 Months
CUST11275,Male,0,Yes,No,62,Yes,Yes,DSL,Yes,No,No,No,No,Yes,Month-to-month,No,Mailed check,73.48,4454.07,No,No,49-72 Months
CUST11276,Female,0,Yes,Yes,32,Yes,No,DSL,No,No,No,Yes,Yes,Yes,Month-to-month,No,Electronic check,64.05,2168.22,No,No,25-48 Months
CUST11277,Male,0,No,No,39,Yes,No,DSL,No,No,No,Yes,No,Yes,One year,No,Credit card,72.06,2830.33,No,No,25-48 Months
CUST11278,Male,0,Yes,Yes,64,Yes,No,DSL,No,Yes,No,No,Yes,No,Month-to-month,No,Credit card,57.4,3817.6,No,No,49-72 Months
CUST11279,Male,0,No,No,30,Yes,No,No,No internet service,No internet service,No internet service,No internet service,No internet service,No internet service,One year,Yes,Credit card,34.47,1120.78,No,No,25-48 Months
CUST11280,Female,0,Yes,No,63,Yes,Yes,DSL,Yes,No,No,No,No,No,Two year,Yes,Electronic check,59.5,3559.5,No,No,49-72 Months
CUST11281,Female,0,No,Yes,31,Yes,No,Fiber optic,Yes,Yes,Yes,Yes,No,No,Month-to-month,Yes,Bank transfer,95.26,3021.41,No,No,25-48 Months
CUST11282,Male,1,Yes,No,40,No,No phone service,DSL,Yes,No,No,No,Yes,No,Month-to-month,Yes,Mailed check,51.38,2134.34,Yes,Yes,25-48 Months
CUST11283,Male,1,No,No,33,Yes,No,Fiber optic,No,Yes,Yes,No,No,No,Two year,Yes,Bank transfer,87.33,2938.28,No,Yes,25-48 Months
CUST11284,Male,0,Yes,No,63,Yes,Yes,No,No internet service,No internet service,No internet service,No internet service,No internet service,No internet service,Month-to-month,No,Credit card,42.24,2683.15,No,No,49-72 Months
CUST11285,Male,1,Yes,No,25,Yes,No,Fiber optic,No,Yes,No,No,Yes,No,Month-to-month,Yes,Mailed check,83.94,2088.04,No,Yes,25-48 Months
CUST11286,Female,0,No,No,36,Yes,No,Fiber optic,Yes,No,No,No,Yes,Yes,Month-to-month,Yes,Bank transfer,89.62,3228.5,Yes,No,25-48 Months
CUST11287,Female,1,Yes,No,24,Yes,No,DSL,No,No,No,No,No,No,Month-to-month,No,Mailed check,39.69,1069.33,Yes,Yes,13-24 Months
CUST11288,Female,0,No,No,58,Yes,Yes,No,No internet service,No internet service,No internet service,No internet service,No internet service,No internet service,Month-to-month,Yes,Electronic check,37.9,2320.84,No,No,49-72 Months
CUST11289,Female,1,No,Yes,39,Yes,No,Fiber optic,Yes,Yes,Yes,No,No,Yes,One year,Yes,Electronic check,96.15,3740.26,No,Yes,25-48 Months
CUST11290,Male,1,Yes,No,46,Yes,No,Fiber optic,No,No,Yes,No,Yes,No,Month-to-month,Yes,Electronic check,87.54,3968.81,Yes,Yes,25-48 Months
CUST11291,Male,0,Yes,No,10,Yes,No,Fiber optic,Yes,No,Yes,No,No,Yes,One year,No,Electronic check,91.49,1020.75,No,No,0-12 Months
CUST11292,Male,1,No,Yes,32,Yes,Yes,No,No internet service,No internet service,No internet service,No internet service,No internet service,No internet service,Month-to-month,Yes,Electronic check,40.79,1383.61,Yes,Yes,25-48 Months
CUST11293,Female,0,No,Yes,36,Yes,No,Fiber optic,Yes,Yes,Yes,Yes,Yes,No,Month-to-month,No,Mailed check,99.47,3601.63,No,No,25-48 Months
CUST11294,Male,0,No,No,28,Yes,Yes,Fiber optic,No,Yes,Yes,No,Yes,No,Month-to-month,Yes,Mailed check,100.75,2747.59,Yes,No,25-48 Months
CUST11295,Female,0,No,No,16,Yes,No,Fiber optic,No,No,No,No,No,No,Two year,No,Bank transfer,74.84,1066.87,No,No,13-24 Months
CUST11296,Female,0,No,No,16,Yes,Yes,DSL,No,No,No,No,No,No,Month-to-month,Yes,Mailed check,52.19,899.31,No,No,13-24 Months
CUST11297,Male,0,Yes,Yes,18,Yes,Yes,Fiber optic,No,Yes,No,Yes,No,No,Month-to-month,No,Mailed check,88.57,1553.41,Yes,No,13-24 Months
CUST11298,Male,0,No,No,8,Yes,Yes,Fiber optic,Yes,No,Yes,Yes,No,Yes,Month-to-month,No,Electronic check,108.6,825.9,Yes,No,0-12 Months
CUST11299,Male,1,No,Yes,70,Yes,Yes,Fiber optic,No,No,Yes,Yes,No,No,Month-to-month,Yes,Credit card,96.12,6766.08,No,Yes,49-72 Months
CUST11300,Female,0,Yes,No,1,Yes,Yes,Fiber optic,No,Yes,Yes,Yes,No,No,Month-to-month,Yes,Electronic check,100.69,60.98,Yes,No,0-12 Months
CUST11301,Male,0,Yes,No,62,Yes,No,DSL,No,Yes,Yes,No,Yes,Yes,Month-to-month,Yes,Credit card,73.16,4499.31,No,No,49-72 Months
CUST11302,Female,1,Yes,Yes,38,Yes,No,Fiber optic,No,Yes,Yes,No,No,No,Month-to-month,Yes,Mailed check,73.78,2749.51,Yes,Yes,25-48 Months
CUST11303,Male,1,Yes,No,45,Yes,Yes,No,No internet service,No internet service,No internet service,No internet service,No internet service,No internet service,Two year,No,Electronic check,28.68,1347.36,No,Yes,25-48 Months
CUST11304,Female,1,No,No,58,No,No phone service,No,No internet service,No internet service,No internet service,No internet service,No internet service,No internet service,Month-to-month,Yes,Mailed check,18.69,1008.53,No,Yes,49-72 Months
CUST11305,Female,0,Yes,No,1,Yes,No,DSL,No,No,Yes,Yes,No,Yes,One year,No,Electronic check,59.41,0.0,No,No,0-12 Months
CUST11306,Male,1,Yes,No,32,No,No phone service,Fiber optic,No,Yes,No,Yes,No,Yes,Month-to-month,No,Electronic check,87.72,2731.13,No,Yes,25-48 Months
CUST11307,Female,0,Yes,No,8,Yes,Yes,No,No internet service,No internet service,No internet service,No internet service,No internet service,No internet service,Month-to-month,Yes,Electronic check,32.95,378.85,No,No,0-12 Months
CUST11308,Female,0,No,No,40,Yes,Yes,Fiber optic,No,Yes,No,Yes,No,No,Two year,Yes,Mailed check,90.63,3578.63,No,No,25-48 Months
CUST11309,Male,0,No,Yes,56,Yes,No,Fiber optic,No,No,No,No,Yes,No,Two year,Yes,Electronic check,90.68,5117.21,No,No,49-72 Months
CUST11310,Female,0,Yes,Yes,63,Yes,Yes,No,No internet service,No internet service,No internet service,No internet service,No internet service,No internet service,One year,Yes,Bank transfer,42.15,2630.95,No,No,49-72 Months
CUST11311,Male,0,Yes,Yes,36,Yes,Yes,Fiber optic,No,Yes,No,No,Yes,No,One year,Yes,Credit card,95.73,3430.56,No,No,25-48 Months
CUST11312,Female,0,No,No,57,Yes,Yes,Fiber optic,No,No,Yes,No,No,No,Two year,Yes,Bank transfer,88.11,5131.96,No,No,49-72 Months
CUST11313,Male,0,No,No,45,Yes,Yes,DSL,No,Yes,No,Yes,Yes,Yes,One year,No,Electronic check,77.22,3484.98,No,No,25-48 Months
CUST11314,Male,0,Yes,No,2,Yes,No,DSL,Yes,No,Yes,No,No,No,Month-to-month,Yes,Electronic check,63.81,260.98,Yes,No,0-12 Months
CUST11315,Female,0,Yes,No,68,Yes,Yes,DSL,Yes,Yes,Yes,Yes,No,Yes,Month-to-month,Yes,Electronic check,85.06,5939.44,Yes,No,49-72 Months
CUST11316,Female,0,Yes,No,50,No,No phone service,No,No internet service,No internet service,No internet service,No internet service,No internet service,No internet service,One year,Yes,Bank transfer,19.32,1092.87,No,No,49-72 Months
CUST11317,Female,0,Yes,No,29,Yes,No,Fiber optic,No,Yes,Yes,Yes,No,No,One year,No,Bank transfer,93.21,2661.36,No,No,25-48 Months
CUST11318,Female,0,No,No,10,Yes,No,Fiber optic,Yes,No,Yes,Yes,No,Yes,One year,Yes,Mailed check,100.29,1017.03,No,No,0-12 Months
CUST11319,Female,0,No,No,27,Yes,Yes,No,No internet service,No internet service,No internet service,No internet service,No internet service,No internet service,Month-to-month,Yes,Electronic check,32.14,986.51,No,No,25-48 Months
CUST11320,Male,0,No,No,15,No,No phone service,Fiber optic,No,No,No,No,Yes,Yes,Two year,No,Electronic check,83.58,1317.46,No,No,13-24 Months
CUST11321,Female,1,No,Yes,60,Yes,No,Fiber optic,No,No,No,Yes,No,No,One year,No,Credit card,79.57,4867.45,No,Yes,49-72 Months
CUST11322,Male,0,Yes,No,31,Yes,Yes,DSL,No,No,No,No,No,No,One year,No,Mailed check,57.42,1879.9,No,No,25-48 Months
CUST11323,Male,0,No,Yes,21,Yes,No,No,No internet service,No internet service,No internet service,No internet service,No internet service,No internet service,Month-to-month,No,Credit card,23.42,596.14,No,No,13-24 Months
CUST11324,Female,0,No,Yes,60,Yes,No,DSL,No,No,Yes,No,No,No,Two year,Yes,Credit card,48.57,2835.93,No,No,49-72 Months
CUST11325,Male,0,Yes,No,58,Yes,No,DSL,No,No,No,Yes,Yes,Yes,One year,No,Credit card,61.73,3575.99,No,No,49-72 Months
CUST11326,Male,1,Yes,No,41,Yes,No,DSL,No,No,No,Yes,Yes,No,One year,Yes,Electronic check,73.97,2981.27,No,Yes,25-48 Months
CUST11327,Male,0,No,No,46,Yes,No,DSL,Yes,No,No,No,No,No,Two year,Yes,Electronic check,66.34,3042.77,No,No,25-48 Months
CUST11328,Male,0,Yes,No,45,Yes,No,DSL,No,No,No,No,Yes,No,Two year,No,Electronic check,48.49,2199.43,No,No,25-48 Months
CUST11329,Female,0,Yes,No,26,Yes,Yes,Fiber optic,No,No,No,No,Yes,Yes,Month-to-month,Yes,Credit card,88.43,2307.77,No,No,25-48 Months
CUST11330,Male,0,No,Yes,51,Yes,Yes,DSL,Yes,Yes,No,Yes,Yes,Yes,Two year,Yes,Electronic check,83.44,4208.53,No,No,49-72 Months
CUST11331,Female,0,No,No,36,Yes,Yes,Fiber optic,No,Yes,No,Yes,No,No,One year,Yes,Bank transfer,97.54,3410.29,No,No,25-48 Months
CUST11332,Female,0,Yes,No,52,Yes,Yes,DSL,No,Yes,Yes,Yes,No,Yes,Month-to-month,Yes,Credit card,82.13,4148.92,No,No,49-72 Months
CUST11333,Male,0,No,No,51,Yes,No,DSL,No,No,Yes,No,No,No,Month-to-month,Yes,Credit card,65.84,3504.25,No,No,49-72 Months
CUST11334,Female,0,Yes,No,3,Yes,Yes,Fiber optic,Yes,No,No,No,No,No,Month-to-month,No,Bank transfer,85.48,355.82,No,No,0-12 Months
CUST11335,Female,0,No,No,14,No,No phone service,No,No internet service,No internet service,No internet service,No internet service,No internet service,No internet service,One year,No,Electronic check,18.0,279.52,No,No,13-24 Months
CUST11336,Female,1,No,Yes,49,Yes,No,No,No internet service,No internet service,No internet service,No internet service,No internet service,No internet service,One year,Yes,Electronic check,30.28,1255.19,No,Yes,49-72 Months
CUST11337,Male,1,No,No,1,Yes,Yes,No,No internet service,No internet service,No internet service,No internet service,No internet service,No internet service,Month-to-month,No,Mailed check,36.13,0.0,Yes,Yes,0-12 Months
CUST11338,Female,0,Yes,No,57,Yes,No,Fiber optic,No,No,No,No,Yes,No,Two year,Yes,Credit card,81.86,4706.37,No,No,49-72 Months
CUST11339,Female,0,No,No,17,No,No phone service,Fiber optic,Yes,Yes,No,No,No,No,Two year,Yes,Credit card,75.53,1351.9,No,No,13-24 Months
CUST11340,Female,0,No,Yes,50,Yes,Yes,Fiber optic,No,Yes,No,No,Yes,No,One year,No,Electronic check,104.6,5205.22,No,No,49-72 Months
CUST11341,Male,0,Yes,No,14,Yes,No,Fiber optic,No,No,Yes,No,No,Yes,Two year,No,Electronic check,87.6,1270.94,No,No,13-24 Months
CUST11342,Female,0,Yes,No,59,Yes,No,DSL,No,No,No,No,No,Yes,Two year,Yes,Bank transfer,51.68,3041.87,No,No,49-72 Months
CUST11343,Male,1,Yes,Yes,3,Yes,Yes,Fiber optic,No,Yes,Yes,No,Yes,No,Month-to-month,Yes,Mailed check,97.55,383.54,Yes,Yes,0-12 Months
CUST11344,Male,1,Yes,No,40,Yes,Yes,Fiber optic,Yes,No,No,Yes,Yes,Yes,One year,Yes,Electronic check,109.63,4382.2,No,Yes,25-48 Months
CUST11345,Male,0,No,Yes,66,Yes,Yes,Fiber optic,Yes,No,Yes,Yes,No,Yes,Two year,No,Mailed check,107.0,7056.47,No,No,49-72 Months
CUST11346,Male,0,Yes,No,34,No,No phone service,Fiber optic,Yes,Yes,No,Yes,Yes,Yes,Month-to-month,Yes,Credit card,96.73,3248.89,No,No,25-48 Months
CUST11347,Male,0,Yes,No,9,Yes,Yes,DSL,No,No,Yes,No,No,No,Two year,Yes,Credit card,53.51,542.01,No,No,0-12 Months
CUST11348,Male,0,No,No,21,Yes,No,Fiber optic,No,No,No,Yes,No,No,Month-to-month,No,Mailed check,72.2,1549.56,Yes,No,13-24 Months
CUST11349,Female,0,Yes,No,25,Yes,Yes,DSL,Yes,No,No,Yes,No,No,Month-to-month,Yes,Bank transfer,66.34,1566.05,No,No,25-48 Months
CUST11350,Male,0,No,Yes,44,No,No phone service,No,No internet service,No internet service,No internet service,No internet service,No internet service,No internet service,One year,No,Electronic check,22.23,1009.18,No,No,25-48 Months
CUST11351,Female,0,Yes,No,25,Yes,No,DSL,Yes,Yes,Yes,No,No,Yes,One year,No,Bank transfer,67.84,1711.07,Yes,No,25-48 Months
CUST11352,Female,0,No,No,9,Yes,No,DSL,No,Yes,No,Yes,No,Yes,One year,Yes,Electronic check,74.47,747.33,No,No,0-12 Months
CUST11353,Male,0,No,Yes,62,No,No phone service,No,No internet service,No internet service,No internet service,No internet service,No internet service,No internet service,Month-to-month,Yes,Electronic check,22.7,1400.46,No,No,49-72 Months
CUST11354,Female,1,No,No,26,Yes,No,Fiber optic,No,Yes,No,Yes,Yes,Yes,One year,Yes,Electronic check,96.41,2428.72,No,Yes,25-48 Months
CUST11355,Female,0,Yes,No,57,Yes,Yes,DSL,Yes,Yes,Yes,No,Yes,Yes,One year,No,Mailed check,99.9,5658.23,No,No,49-72 Months
CUST11356,Female,0,No,Yes,37,Yes,No,Fiber optic,Yes,No,No,No,No,Yes,Month-to-month,Yes,Credit card,84.67,3279.62,No,No,25-48 Months
CUST11357,Female,0,Yes,Yes,16,No,No phone service,DSL,Yes,Yes,Yes,Yes,No,No,One year,No,Credit card,58.15,913.44,No,No,13-24 Months
CUST11358,Male,0,Yes,Yes,37,Yes,No,DSL,Yes,No,Yes,No,Yes,No,Two year,Yes,Bank transfer,64.92,2484.69,No,No,25-48 Months
CUST11359,Female,0,Yes,No,24,Yes,Yes,DSL,Yes,Yes,No,Yes,Yes,Yes,Month-to-month,Yes,Bank transfer,86.21,1959.38,No,No,13-24 Months
CUST11360,Male,0,No,No,26,Yes,Yes,Fiber optic,Yes,No,No,No,Yes,No,Month-to-month,Yes,Electronic check,88.63,2335.96,No,No,25-48 Months
CUST11361,Female,1,Yes,No,20,Yes,Yes,No,No internet service,No internet service,No internet service,No internet service,No internet service,No internet service,Month-to-month,Yes,Mailed check,40.69,691.05,No,Yes,13-24 Months
CUST11362,Female,0,No,No,9,No,No phone service,Fiber optic,No,No,Yes,Yes,No,No,One year,Yes,Bank transfer,79.37,719.98,No,No,0-12 Months
CUST11363,Male,1,Yes,No,29,No,No phone service,Fiber optic,No,No,Yes,Yes,No,No,Month-to-month,Yes,Mailed check,78.34,2212.5,No,Yes,25-48 Months
CUST11364,Female,0,Yes,No,31,Yes,No,DSL,Yes,Yes,No,No,No,Yes,Month-to-month,Yes,Electronic check,64.73,1932.81,No,No,25-48 Months
CUST11365,Female,0,No,Yes,19,Yes,Yes,DSL,No,Yes,No,No,No,No,Month-to-month,Yes,Bank transfer,59.76,1051.94,No,No,13-24 Months
CUST11366,Female,0,Yes,No,20,Yes,No,No,No internet service,No internet service,No internet service,No internet service,No internet service,No internet service,Month-to-month,Yes,Electronic check,33.07,644.2,Yes,No,13-24 Months
CUST11367,Male,0,No,No,27,Yes,No,DSL,No,Yes,Yes,No,No,No,Month-to-month,Yes,Electronic check,61.08,1497.07,Yes,No,25-48 Months
CUST11368,Female,0,Yes,No,44,Yes,No,No,No internet service,No internet service,No internet service,No internet service,No internet service,No internet service,Month-to-month,Yes,Mailed check,25.99,1028.46,No,No,25-48 Months
CUST11369,Male,0,No,No,35,Yes,Yes,Fiber optic,No,Yes,No,No,No,Yes,Month-to-month,Yes,Electronic check,83.88,2943.27,Yes,No,25-48 Months
CUST11370,Female,0,No,No,71,Yes,No,No,No internet service,No internet service,No internet service,No internet service,No internet service,No internet service,Month-to-month,No,Bank transfer,28.03,1850.09,No,No,49-72 Months
CUST11371,Male,1,Yes,No,22,Yes,Yes,DSL,Yes,Yes,Yes,No,Yes,No,Two year,Yes,Bank transfer,81.61,1673.69,No,Yes,13-24 Months
CUST11372,Male,1,Yes,Yes,15,Yes,No,DSL,No,Yes,Yes,Yes,Yes,No,Month-to-month,No,Electronic check,74.47,1260.05,Yes,Yes,13-24 Months
CUST11373,Female,1,No,No,13,Yes,No,Fiber optic,No,No,No,Yes,No,No,Two year,Yes,Credit card,72.43,1067.26,No,Yes,13-24 Months
CUST11374,Female,0,No,Yes,4,Yes,No,Fiber optic,Yes,No,No,No,Yes,No,One year,No,Credit card,91.19,298.15,No,No,0-12 Months
CUST11375,Male,0,Yes,No,56,Yes,No,DSL,No,Yes,Yes,No,Yes,No,Month-to-month,Yes,Electronic check,76.26,4296.61,No,No,49-72 Months
CUST11376,Male,0,Yes,Yes,23,Yes,No,No,No internet service,No internet service,No internet service,No internet service,No internet service,No internet service,Month-to-month,Yes,Bank transfer,28.24,583.69,No,No,13-24 Months
CUST11377,Female,0,No,Yes,34,Yes,Yes,DSL,No,No,No,No,No,No,Two year,Yes,Mailed check,55.98,1840.87,No,No,25-48 Months
CUST11378,Male,0,No,No,17,Yes,No,DSL,No,Yes,Yes,Yes,No,No,One year,Yes,Bank transfer,62.38,809.68,No,No,13-24 Months
CUST11379,Female,0,Yes,No,28,Yes,Yes,Fiber optic,Yes,No,No,Yes,No,Yes,Month-to-month,Yes,Credit card,97.23,2844.86,No,No,25-48 Months
CUST11380,Female,0,No,Yes,14,Yes,Yes,Fiber optic,Yes,No,Yes,Yes,Yes,Yes,Month-to-month,No,Electronic check,117.06,1683.17,Yes,No,13-24 Months
CUST11381,Female,0,Yes,No,34,Yes,No,No,No internet service,No internet service,No internet service,No internet service,No internet service,No internet service,Month-to-month,Yes,Bank transfer,26.08,946.05,No,No,25-48 Months
CUST11382,Female,1,No,No,57,Yes,No,Fiber optic,No,No,No,Yes,Yes,Yes,Two year,Yes,Credit card,95.21,5469.63,No,Yes,49-72 Months
CUST11383,Male,0,Yes,Yes,55,Yes,No,DSL,Yes,Yes,Yes,Yes,No,No,Two year,No,Electronic check,68.62,3758.43,No,No,49-72 Months
CUST11384,Female,0,No,No,66,Yes,No,Fiber optic,No,Yes,No,No,No,Yes,Month-to-month,Yes,Electronic check,87.95,5766.08,No,No,49-72 Months
CUST11385,Male,0,No,No,37,Yes,No,DSL,Yes,Yes,No,No,No,No,Month-to-month,Yes,Electronic check,58.57,2164.32,Yes,No,25-48 Months
CUST11386,Female,1,No,No,68,Yes,Yes,Fiber optic,No,No,Yes,Yes,Yes,Yes,Month-to-month,Yes,Electronic check,110.1,7604.31,No,Yes,49-72 Months
CUST11387,Male,0,No,No,26,No,No phone service,Fiber optic,No,No,Yes,Yes,Yes,No,Two year,Yes,Electronic check,87.2,2269.16,No,No,25-48 Months
CUST11388,Female,0,No,No,61,Yes,No,DSL,Yes,No,No,No,No,No,One year,Yes,Electronic check,56.87,3624.37,No,No,49-72 Months
CUST11389,Male,0,No,No,67,Yes,Yes,Fiber optic,No,No,Yes,No,Yes,Yes,Two year,Yes,Electronic check,99.92,6632.67,No,No,49-72 Months
CUST11390,Male,0,Yes,Yes,52,Yes,No,Fiber optic,No,No,No,No,Yes,No,Month-to-month,Yes,Electronic check,85.93,4349.36,Yes,No,49-72 Months
CUST11391,Female,0,No,Yes,18,Yes,No,Fiber optic,Yes,No,No,No,Yes,No,One year,Yes,Bank transfer,83.25,1424.81,No,No,13-24 Months
CUST11392,Female,0,No,No,53,Yes,No,Fiber optic,Yes,No,No,No,No,Yes,Month-to-month,Yes,Credit card,89.15,4712.03,No,No,49-72 Months
CUST11393,Female,0,No,No,63,Yes,No,DSL,Yes,Yes,No,No,No,No,Two year,No,Credit card,57.43,3729.05,No,No,49-72 Months
CUST11394,Female,0,Yes,No,53,No,No phone service,DSL,Yes,No,No,No,Yes,No,Month-to-month,No,Electronic check,53.07,2774.2,No,No,49-72 Months
CUST11395,Male,0,Yes,Yes,27,Yes,No,DSL,No,Yes,No,No,No,No,Two year,Yes,Bank transfer,50.2,1238.79,No,No,25-48 Months
CUST11396,Female,1,Yes,Yes,31,No,No phone service,DSL,No,Yes,No,Yes,Yes,Yes,Month-to-month,Yes,Credit card,69.92,2168.53,No,Yes,25-48 Months
CUST11397,Male,0,No,No,1,Yes,Yes,Fiber optic,Yes,Yes,No,Yes,No,No,One year,Yes,Credit card,90.72,188.46,No,No,0-12 Months
CUST11398,Male,0,Yes,No,6,Yes,Yes,No,No internet service,No internet service,No internet service,No internet service,No internet service,No internet service,Month-to-month,Yes,Credit card,36.36,217.79,No,No,0-12 Months
CUST11399,Female,0,No,Yes,11,Yes,No,Fiber optic,Yes,No,Yes,No,No,No,Month-to-month,Yes,Credit card,77.61,869.9,No,No,0-12 Months
CUST11400,Male,0,No,No,34,Yes,No,Fiber optic,Yes,No,No,No,No,No,Month-to-month,Yes,Electronic check,85.81,2915.47,No,No,25-48 Months
CUST11401,Male,0,No,No,63,Yes,No,Fiber optic,No,Yes,No,No,Yes,No,One year,Yes,Electronic check,94.77,5953.72,No,No,49-72 Months
CUST11402,Male,0,No,No,53,Yes,No,DSL,Yes,No,Yes,Yes,No,No,Month-to-month,No,Mailed check,59.05,3321.41,No,No,49-72 Months
CUST11403,Male,0,Yes,No,18,Yes,No,No,No internet service,No internet service,No internet service,No internet service,No internet service,No internet service,Month-to-month,No,Electronic check,31.62,674.27,No,No,13-24 Months
CUST11404,Female,0,Yes,No,21,No,No phone service,No,No internet service,No internet service,No internet service,No internet service,No internet service,No internet service,Month-to-month,No,Credit card,18.52,538.85,No,No,13-24 Months
CUST11405,Female,0,Yes,No,19,Yes,No,Fiber optic,No,No,Yes,No,No,Yes,Month-to-month,Yes,Mailed check,89.56,1932.42,No,No,13-24 Months
CUST11406,Female,0,No,No,4,Yes,No,DSL,Yes,No,No,No,No,Yes,Month-to-month,No,Credit card,69.88,382.44,No,No,0-12 Months
CUST11407,Female,1,Yes,No,29,No,No phone service,Fiber optic,No,No,No,No,No,Yes,Month-to-month,Yes,Bank transfer,73.93,2106.23,Yes,Yes,25-48 Months
CUST11408,Male,0,No,No,25,Yes,Yes,DSL,Yes,No,Yes,No,No,No,Month-to-month,Yes,Mailed check,63.17,1649.94,No,No,25-48 Months
CUST11409,Male,0,Yes,No,56,Yes,No,Fiber optic,No,No,No,No,Yes,Yes,Month-to-month,No,Electronic check,85.55,4943.57,No,No,49-72 Months
CUST11410,Female,0,Yes,No,63,Yes,Yes,No,No internet service,No internet service,No internet service,No internet service,No internet service,No internet service,Two year,No,Electronic check,35.23,2262.22,No,No,49-72 Months
CUST11411,Female,0,Yes,No,27,Yes,No,DSL,No,Yes,Yes,No,Yes,Yes,Month-to-month,No,Bank transfer,70.36,1872.15,No,No,25-48 Months
CUST11412,Female,0,No,No,60,Yes,No,No,No internet service,No internet service,No internet service,No internet service,No internet service,No internet service,One year,Yes,Credit card,33.8,2137.97,No,No,49-72 Months
CUST11413,Male,0,No,No,49,Yes,No,No,No internet service,No internet service,No internet service,No internet service,No internet service,No internet service,Month-to-month,Yes,Credit card,34.23,1575.24,No,No,49-72 Months
CUST11414,Female,1,Yes,Yes,65,Yes,No,No,No internet service,No internet service,No internet service,No internet service,No internet service,No internet service,Two year,No,Electronic check,36.3,2370.7,No,Yes,49-72 Months
CUST11415,Female,0,No,Yes,38,Yes,No,Fiber optic,No,Yes,Yes,Yes,Yes,Yes,Month-to-month,No,Electronic check,101.88,3932.0,Yes,No,25-48 Months
CUST11416,Female,0,Yes,No,52,Yes,No,DSL,No,No,No,No,No,No,Two year,No,Electronic check,55.77,2891.49,No,No,49-72 Months
CUST11417,Male,0,No,No,1,No,No phone service,Fiber optic,No,Yes,No,Yes,No,No,Month-to-month,Yes,Electronic check,83.42,133.46,No,No,0-12 Months
CUST11418,Male,1,No,No,40,Yes,No,Fiber optic,No,Yes,No,No,No,No,Month-to-month,Yes,Credit card,73.37,2986.9,No,Yes,25-48 Months
CUST11419,Male,0,Yes,No,21,Yes,No,DSL,No,No,No,Yes,No,No,Month-to-month,Yes,Electronic check,52.56,1148.64,No,No,13-24 Months
CUST11420,Male,0,No,No,15,Yes,No,Fiber optic,No,Yes,No,Yes,No,No,Month-to-month,No,Mailed check,84.46,1251.81,Yes,No,13-24 Months
CUST11421,Male,0,Yes,No,50,Yes,No,Fiber optic,No,Yes,Yes,Yes,Yes,Yes,Month-to-month,Yes,Mailed check,108.11,5373.34,No,No,49-72 Months
CUST11422,Male,0,No,Yes,48,Yes,Yes,DSL,No,No,No,Yes,Yes,Yes,Month-to-month,Yes,Electronic check,82.7,3960.4,Yes,No,25-48 Months
CUST11423,Male,0,Yes,No,32,Yes,No,DSL,Yes,No,Yes,Yes,No,Yes,Two year,No,Bank transfer,63.35,1917.38,No,No,25-48 Months
CUST11424,Male,0,No,No,49,Yes,No,DSL,No,No,Yes,Yes,Yes,No,Month-to-month,Yes,Mailed check,63.65,3229.05,No,No,49-72 Months
CUST11425,Female,0,Yes,Yes,68,Yes,Yes,Fiber optic,No,No,No,No,No,No,Month-to-month,No,Electronic check,87.73,6008.76,No,No,49-72 Months
CUST11426,Female,1,No,No,45,Yes,No,Fiber optic,Yes,No,Yes,No,Yes,Yes,One year,No,Bank transfer,94.74,4276.78,No,Yes,25-48 Months
CUST11427,Male,0,No,No,32,Yes,No,DSL,No,Yes,No,No,No,Yes,One year,Yes,Electronic check,65.99,2057.52,No,No,25-48 Months
CUST11428,Male,1,No,Yes,4,Yes,No,No,No internet service,No internet service,No internet service,No internet service,No internet service,No internet service,Month-to-month,Yes,Bank transfer,32.87,141.78,No,Yes,0-12 Months
CUST11429,Female,0,No,Yes,65,Yes,No,DSL,Yes,Yes,Yes,No,No,No,One year,No,Credit card,68.89,4486.31,No,No,49-72 Months
CUST11430,Male,0,No,No,71,Yes,No,Fiber optic,No,Yes,Yes,No,Yes,Yes,Month-to-month,Yes,Bank transfer,102.95,7274.62,No,No,49-72 Months
CUST11431,Male,0,Yes,No,65,Yes,No,Fiber optic,No,No,Yes,No,No,No,Month-to-month,Yes,Mailed check,77.87,5145.35,No,No,49-72 Months
CUST11432,Male,0,Yes,Yes,18,Yes,No,Fiber optic,Yes,No,No,No,Yes,Yes,Month-to-month,Yes,Bank transfer,92.67,1577.64,Yes,No,13-24 Months
CUST11433,Female,0,Yes,Yes,54,Yes,No,DSL,No,No,Yes,No,No,No,Month-to-month,Yes,Credit card,53.27,2803.89,No,No,49-72 Months
CUST11434,Female,0,No,No,47,Yes,No,No,No internet service,No internet service,No internet service,No internet service,No internet service,No internet service,Month-to-month,Yes,Electronic check,31.13,1551.86,No,No,25-48 Months
CUST11435,Female,0,Yes,No,6,Yes,No,No,No internet service,No internet service,No internet service,No internet service,No internet service,No internet service,Month-to-month,Yes,Bank transfer,19.34,236.39,Yes,No,0-12 Months
CUST11436,Female,0,No,No,66,Yes,Yes,Fiber optic,Yes,No,No,No,Yes,No,Month-to-month,Yes,Mailed check,96.41,6385.52,No,No,49-72 Months
CUST11437,Female,0,No,Yes,9,Yes,Yes,Fiber optic,Yes,Yes,No,Yes,No,No,One year,Yes,Credit card,105.61,871.53,No,No,0-12 Months
CUST11438,Male,0,Yes,No,68,Yes,Yes,DSL,Yes,No,Yes,No,Yes,Yes,One year,Yes,Electronic check,81.99,5680.88,No,No,49-72 Months
CUST11439,Female,1,Yes,No,23,Yes,No,Fiber optic,No,No,No,No,No,Yes,One year,Yes,Credit card,81.39,1888.85,No,Yes,13-24 Months
CUST11440,Male,0,Yes,No,43,Yes,No,Fiber optic,No,No,No,Yes,No,No,One year,No,Bank transfer,80.37,3465.67,No,No,25-48 Months
CUST11441,Male,0,Yes,No,51,Yes,Yes,Fiber optic,Yes,No,No,Yes,No,No,Two year,Yes,Mailed check,94.65,4950.91,No,No,49-72 Months
CUST11442,Female,0,Yes,No,72,Yes,Yes,Fiber optic,No,No,Yes,Yes,No,No,Two year,No,Mailed check,97.72,7102.39,No,No,49-72 Months
CUST11443,Female,0,Yes,No,25,Yes,Yes,Fiber optic,Yes,No,Yes,No,Yes,No,Two year,Yes,Mailed check,98.66,2437.05,No,No,25-48 Months
CUST11444,Male,0,No,No,35,Yes,No,DSL,No,No,Yes,No,No,Yes,Month-to-month,Yes,Electronic check,61.17,2015.16,No,No,25-48 Months
CUST11445,Male,0,No,No,17,Yes,No,DSL,Yes,Yes,No,Yes,No,No,Month-to-month,No,Electronic check,58.13,962.96,No,No,13-24 Months
CUST11446,Male,0,Yes,No,18,Yes,No,DSL,Yes,Yes,No,Yes,No,No,Month-to-month,Yes,Electronic check,65.23,1212.13,No,No,13-24 Months
CUST11447,Female,0,Yes,No,27,Yes,No,DSL,Yes,Yes,No,Yes,No,No,Month-to-month,Yes,Mailed check,58.99,1643.75,No,No,25-48 Months
CUST11448,Female,0,Yes,No,15,Yes,No,Fiber optic,No,Yes,No,No,Yes,No,Month-to-month,Yes,Mailed check,84.26,1165.87,No,No,13-24 Months
CUST11449,Female,0,No,Yes,69,Yes,Yes,Fiber optic,No,No,Yes,Yes,No,Yes,Month-to-month,Yes,Electronic check,103.39,7081.8,No,No,49-72 Months
CUST11450,Female,1,No,No,15,Yes,No,Fiber optic,No,No,No,No,Yes,No,Two year,Yes,Bank transfer,87.1,1070.19,No,Yes,13-24 Months
CUST11451,Female,0,Yes,Yes,42,Yes,No,Fiber optic,Yes,No,No,No,No,No,Month-to-month,Yes,Electronic check,82.32,3484.99,No,No,25-48 Months
CUST11452,Male,0,Yes,No,34,No,No phone service,Fiber optic,No,No,No,No,No,Yes,Month-to-month,Yes,Electronic check,78.07,2517.33,No,No,25-48 Months
CUST11453,Female,0,No,Yes,48,Yes,No,DSL,No,No,Yes,No,Yes,Yes,Month-to-month,No,Electronic check,60.75,2879.32,No,No,25-48 Months
CUST11454,Male,0,No,No,8,Yes,No,Fiber optic,Yes,Yes,No,No,No,No,One year,No,Mailed check,93.14,673.31,Yes,No,0-12 Months
CUST11455,Male,1,Yes,No,10,Yes,No,DSL,Yes,No,No,No,No,Yes,Month-to-month,Yes,Electronic check,57.76,631.39,No,Yes,0-12 Months
CUST11456,Male,0,No,No,5,Yes,No,Fiber optic,Yes,No,Yes,No,No,No,Month-to-month,No,Electronic check,86.5,463.23,No,No,0-12 Months
CUST11457,Female,0,Yes,No,48,No,No phone service,DSL,No,No,No,No,No,Yes,Two year,Yes,Mailed check,43.67,2037.58,No,No,25-48 Months
CUST11458,Female,1,Yes,No,26,Yes,No,DSL,No,No,No,No,No,No,One year,Yes,Electronic check,51.55,1352.64,No,Yes,25-48 Months
CUST11459,Female,0,No,No,23,Yes,Yes,Fiber optic,No,Yes,No,No,No,Yes,One year,No,Mailed check,94.09,2218.09,No,No,13-24 Months
CUST11460,Male,0,No,No,62,Yes,No,No,No internet service,No internet service,No internet service,No internet service,No internet service,No internet service,Two year,Yes,Mailed check,35.69,2236.92,No,No,49-72 Months
CUST11461,Male,0,Yes,Yes,13,Yes,No,Fiber optic,Yes,No,Yes,No,Yes,Yes,Month-to-month,Yes,Credit card,111.32,1177.18,Yes,No,13-24 Months
CUST11462,Male,0,No,No,9,No,No phone service,Fiber optic,Yes,No,Yes,No,No,No,One year,Yes,Credit card,79.41,899.36,No,No,0-12 Months
CUST11463,Male,0,Yes,No,20,Yes,Yes,Fiber optic,No,No,Yes,No,No,No,Month-to-month,Yes,Credit card,86.4,1771.06,No,No,13-24 Months
CUST11464,Male,1,No,Yes,57,Yes,Yes,Fiber optic,Yes,No,No,Yes,No,Yes,One year,Yes,Mailed check,106.66,6169.73,No,Yes,49-72 Months
CUST11465,Male,1,No,No,24,Yes,No,Fiber optic,No,No,No,Yes,No,Yes,Month-to-month,No,Bank transfer,78.51,1826.55,No,Yes,13-24 Months
CUST11466,Female,0,No,No,33,Yes,No,No,No internet service,No internet service,No internet service,No internet service,No internet service,No internet service,Month-to-month,Yes,Credit card,27.1,819.5,No,No,25-48 Months
CUST11467,Female,0,No,No,20,Yes,Yes,DSL,No,Yes,No,No,No,No,Month-to-month,Yes,Mailed check,60.85,1174.49,No,No,13-24 Months
CUST11468,Female,0,Yes,No,60,Yes,Yes,DSL,Yes,Yes,No,Yes,No,No,Month-to-month,Yes,Mailed check,70.61,4396.82,No,No,49-72 Months
CUST11469,Female,1,No,No,48,Yes,No,DSL,No,Yes,Yes,Yes,No,No,Month-to-month,No,Mailed check,61.31,2917.22,No,Yes,25-48 Months
CUST11470,Male,0,No,Yes,64,Yes,Yes,Fiber optic,No,Yes,No,Yes,No,No,Month-to-month,Yes,Mailed check,95.48,6105.62,No,No,49-72 Months
CUST11471,Male,0,No,Yes,30,Yes,Yes,No,No internet service,No internet service,No internet service,No internet service,No internet service,No internet service,One year,Yes,Electronic check,36.99,1258.18,No,No,25-48 Months
CUST11472,Female,0,Yes,No,17,No,No phone service,DSL,No,No,Yes,No,No,Yes,Month-to-month,No,Credit card,51.32,843.52,Yes,No,13-24 Months
CUST11473,Male,0,No,Yes,14,Yes,No,Fiber optic,No,Yes,No,No,Yes,No,Month-to-month,Yes,Credit card,94.05,1317.91,No,No,13-24 Months
CUST11474,Female,0,No,Yes,19,Yes,Yes,No,No internet service,No internet service,No internet service,No internet service,No internet service,No internet service,One year,Yes,Electronic check,34.77,554.54,No,No,13-24 Months
CUST11475,Female,0,Yes,No,71,Yes,No,Fiber optic,Yes,No,No,Yes,No,No,One year,Yes,Credit card,90.14,6555.42,No,No,49-72 Months
CUST11476,Female,0,No,No,59,Yes,Yes,Fiber optic,No,No,No,Yes,No,No,Month-to-month,Yes,Electronic check,85.63,4991.41,No,No,49-72 Months
CUST11477,Male,0,Yes,No,67,No,No phone service,No,No internet service,No internet service,No internet service,No internet service,No internet service,No internet service,Month-to-month,Yes,Electronic check,18.74,1241.64,No,No,49-72 Months
CUST11478,Female,0,Yes,No,44,Yes,Yes,Fiber optic,No,Yes,No,No,No,No,One year,Yes,Bank transfer,83.2,3393.29,No,No,25-48 Months
CUST11479,Female,0,No,No,32,Yes,Yes,Fiber optic,No,No,Yes,No,No,No,Month-to-month,Yes,Electronic check,79.72,2537.5,No,No,25-48 Months
CUST11480,Female,1,No,No,11,Yes,No,DSL,No,No,No,Yes,Yes,No,Month-to-month,No,Mailed check,58.69,639.45,Yes,Yes,0-12 Months
CUST11481,Male,0,No,No,2,Yes,No,DSL,No,No,No,Yes,No,No,Month-to-month,Yes,Electronic check,46.12,58.91,No,No,0-12 Months
CUST11482,Male,0,Yes,No,68,No,No phone service,Fiber optic,Yes,No,No,No,No,No,Two year,Yes,Mailed check,71.28,4707.88,No,No,49-72 Months
CUST11483,Female,0,No,No,17,No,No phone service,Fiber optic,Yes,Yes,No,No,Yes,No,Month-to-month,No,Mailed check,80.43,1410.85,No,No,13-24 Months
CUST11484,Male,0,Yes,No,40,Yes,No,No,No internet service,No internet service,No internet service,No internet service,No internet service,No internet service,Month-to-month,Yes,Credit card,35.42,1264.81,No,No,25-48 Months
CUST11485,Male,0,Yes,Yes,46,No,No phone service,No,No internet service,No internet service,No internet service,No internet service,No internet service,No internet service,Two year,Yes,Bank transfer,18.0,695.46,No,No,25-48 Months
CUST11486,Male,1,Yes,No,4,Yes,Yes,No,No internet service,No internet service,No internet service,No internet service,No internet service,No internet service,Month-to-month,Yes,Electronic check,35.71,122.04,Yes,Yes,0-12 Months
CUST11487,Male,0,No,No,38,Yes,No,DSL,Yes,No,Yes,No,Yes,No,Month-to-month,Yes,Mailed check,73.09,2874.31,No,No,25-48 Months
CUST11488,Male,0,No,No,63,Yes,Yes,No,No internet service,No internet service,No internet service,No internet service,No internet service,No internet service,Month-to-month,Yes,Credit card,41.45,2607.52,No,No,49-72 Months
CUST11489,Male,0,No,No,29,Yes,No,Fiber optic,Yes,No,Yes,No,Yes,No,Two year,Yes,Bank transfer,92.68,2711.6,No,No,25-48 Months
CUST11490,Male,1,No,No,19,Yes,Yes,Fiber optic,Yes,No,Yes,No,No,Yes,Two year,No,Bank transfer,93.83,1728.99,No,Yes,13-24 Months
CUST11491,Male,0,Yes,Yes,29,Yes,Yes,Fiber optic,Yes,No,Yes,Yes,No,No,One year,Yes,Mailed check,99.93,2844.2,Yes,No,25-48 Months
CUST11492,Male,0,No,Yes,35,Yes,Yes,DSL,No,Yes,No,Yes,No,No,Month-to-month,Yes,Mailed check,65.56,2365.06,Yes,No,25-48 Months
CUST11493,Male,0,Yes,No,70,Yes,No,DSL,No,Yes,Yes,No,No,No,Month-to-month,Yes,Bank transfer,57.4,4116.59,No,No,49-72 Months
CUST11494,Female,0,No,No,23,Yes,No,No,No internet service,No internet service,No internet service,No internet service,No internet service,No internet service,Month-to-month,No,Bank transfer,36.66,931.95,No,No,13-24 Months
CUST11495,Female,0,Yes,Yes,46,Yes,No,Fiber optic,No,No,No,No,No,Yes,Month-to-month,Yes,Electronic check,89.33,4158.58,No,No,25-48 Months
CUST11496,Male,1,No,No,44,Yes,Yes,Fiber optic,No,No,Yes,No,No,Yes,One year,No,Credit card,89.57,3967.17,No,Yes,25-48 Months
CUST11497,Female,0,No,Yes,48,Yes,Yes,Fiber optic,Yes,No,No,No,Yes,Yes,One year,No,Electronic check,109.58,5145.07,No,No,25-48 Months
CUST11498,Female,0,No,No,52,Yes,No,No,No internet service,No internet service,No internet service,No internet service,No internet service,No internet service,Two year,Yes,Mailed check,29.55,1491.24,No,No,49-72 Months
CUST11499,Male,0,No,Yes,8,Yes,Yes,Fiber optic,No,Yes,No,No,Yes,Yes,Month-to-month,Yes,Electronic check,104.91,782.21,Yes,No,0-12 Months
CUST11500,Male,1,Yes,No,55,Yes,No,Fiber optic,No,Yes,Yes,No,No,Yes,One year,Yes,Mailed check,101.16,5569.32,No,Yes,49-72 Months
CUST11501,Male,0,No,No,66,Yes,Yes,DSL,Yes,Yes,No,Yes,Yes,No,One year,Yes,Mailed check,78.19,5222.52,No,No,49-72 Months
CUST11502,Female,0,Yes,No,40,Yes,No,DSL,No,Yes,No,Yes,Yes,No,Month-to-month,Yes,Electronic check,68.31,2705.4,No,No,25-48 Months
CUST11503,Female,0,No,No,31,Yes,No,No,No internet service,No internet service,No internet service,No internet service,No internet service,No internet service,Two year,No,Credit card,33.62,842.68,No,No,25-48 Months
CUST11504,Male,0,No,No,48,Yes,No,Fiber optic,Yes,No,Yes,No,Yes,No,Month-to-month,No,Mailed check,99.9,4896.24,No,No,25-48 Months
CUST11505,Male,0,Yes,No,61,Yes,Yes,Fiber optic,Yes,No,No,Yes,Yes,Yes,One year,Yes,Mailed check,106.1,6400.29,No,No,49-72 Months
CUST11506,Male,0,No,No,52,Yes,Yes,Fiber optic,Yes,Yes,Yes,Yes,Yes,No,Two year,No,Mailed check,113.05,5811.05,No,No,49-72 Months
CUST11507,Female,1,No,No,38,Yes,No,No,No internet service,No internet service,No internet service,No internet service,No internet service,No internet service,Month-to-month,No,Electronic check,26.13,1044.48,No,Yes,25-48 Months
CUST11508,Female,0,Yes,No,36,Yes,No,Fiber optic,No,Yes,Yes,No,No,No,Month-to-month,Yes,Mailed check,77.59,2752.05,Yes,No,25-48 Months
CUST11509,Female,0,No,No,55,Yes,No,Fiber optic,No,Yes,No,No,Yes,Yes,Month-to-month,Yes,Electronic check,90.61,4985.33,No,No,49-72 Months
CUST11510,Female,0,Yes,No,13,Yes,No,Fiber optic,No,No,Yes,Yes,Yes,Yes,One year,Yes,Mailed check,95.59,1269.35,Yes,No,13-24 Months
CUST11511,Male,0,No,Yes,37,Yes,No,DSL,No,No,No,No,Yes,No,One year,Yes,Credit card,61.88,2301.38,Yes,No,25-48 Months
CUST11512,Male,0,No,No,47,Yes,No,No,No internet service,No internet service,No internet service,No internet service,No internet service,No internet service,Month-to-month,Yes,Electronic check,29.63,1372.68,No,No,25-48 Months
CUST11513,Male,0,No,Yes,71,Yes,No,No,No internet service,No internet service,No internet service,No internet service,No internet service,No internet service,One year,No,Bank transfer,26.95,1923.08,No,No,49-72 Months
CUST11514,Male,0,No,Yes,22,Yes,No,No,No internet service,No internet service,No internet service,No internet service,No internet service,No internet service,Two year,Yes,Electronic check,25.56,748.39,No,No,13-24 Months
CUST11515,Female,0,Yes,Yes,39,Yes,No,No,No internet service,No internet service,No internet service,No internet service,No internet service,No internet service,Two year,No,Electronic check,27.91,1192.19,No,No,25-48 Months
CUST11516,Female,0,No,Yes,58,Yes,No,No,No internet service,No internet service,No internet service,No internet service,No internet service,No internet service,Month-to-month,Yes,Mailed check,34.59,2082.83,No,No,49-72 Months
CUST11517,Male,0,Yes,Yes,30,Yes,No,Fiber optic,Yes,No,Yes,Yes,No,No,Month-to-month,Yes,Electronic check,85.55,2604.93,No,No,25-48 Months
CUST11518,Male,0,No,No,18,Yes,No,No,No internet service,No internet service,No internet service,No internet service,No internet service,No internet service,Two year,No,Mailed check,29.36,663.86,No,No,13-24 Months
CUST11519,Female,0,No,Yes,18,Yes,No,Fiber optic,No,No,Yes,Yes,No,No,Month-to-month,Yes,Electronic check,83.09,1572.98,No,No,13-24 Months
CUST11520,Male,0,Yes,No,39,Yes,No,DSL,No,Yes,No,No,No,Yes,One year,No,Credit card,63.77,2598.57,No,No,25-48 Months
CUST11521,Female,0,Yes,Yes,26,Yes,No,Fiber optic,Yes,Yes,No,No,No,No,One year,Yes,Bank transfer,94.2,2563.64,Yes,No,25-48 Months
CUST11522,Male,0,No,No,71,Yes,Yes,No,No internet service,No internet service,No internet service,No internet service,No internet service,No internet service,Month-to-month,No,Electronic check,33.74,2457.14,No,No,49-72 Months
CUST11523,Male,0,No,No,7,Yes,Yes,Fiber optic,No,No,No,Yes,Yes,Yes,Month-to-month,Yes,Electronic check,102.59,767.9,No,No,0-12 Months
CUST11524,Male,0,Yes,No,69,Yes,No,No,No internet service,No internet service,No internet service,No internet service,No internet service,No internet service,Month-to-month,Yes,Electronic check,29.92,2046.05,No,No,49-72 Months
CUST11525,Male,0,Yes,No,65,Yes,No,DSL,Yes,No,Yes,Yes,Yes,No,Month-to-month,No,Electronic check,69.67,4690.65,No,No,49-72 Months
CUST11526,Male,0,Yes,No,46,Yes,Yes,DSL,Yes,No,No,Yes,Yes,No,Month-to-month,No,Bank transfer,74.25,3417.96,No,No,25-48 Months
CUST11527,Male,1,No,No,18,Yes,No,Fiber optic,No,No,No,No,No,Yes,Two year,Yes,Credit card,91.1,1557.16,No,Yes,13-24 Months
CUST11528,Male,0,Yes,Yes,13,Yes,Yes,DSL,No,No,No,No,No,Yes,Month-to-month,No,Electronic check,63.65,863.3,No,No,13-24 Months
CUST11529,Female,0,No,No,25,Yes,Yes,DSL,No,Yes,No,No,Yes,Yes,Month-to-month,No,Mailed check,75.65,1881.94,No,No,25-48 Months
CUST11530,Female,0,Yes,No,8,Yes,No,DSL,No,No,No,Yes,Yes,Yes,Month-to-month,Yes,Mailed check,67.11,461.73,No,No,0-12 Months
CUST11531,Female,0,No,No,32,Yes,No,No,No internet service,No internet service,No internet service,No internet service,No internet service,No internet service,Month-to-month,Yes,Bank transfer,32.08,956.01,No,No,25-48 Months
CUST11532,Female,0,Yes,No,17,Yes,Yes,DSL,Yes,No,Yes,No,No,Yes,Month-to-month,Yes,Electronic check,69.0,1181.34,No,No,13-24 Months
CUST11533,Female,0,No,No,48,Yes,No,DSL,No,Yes,Yes,No,Yes,No,Month-to-month,Yes,Credit card,67.61,3258.37,Yes,No,25-48 Months
CUST11534,Male,0,Yes,No,63,Yes,Yes,DSL,No,No,Yes,No,No,No,Month-to-month,Yes,Bank transfer,64.23,3937.58,No,No,49-72 Months
CUST11535,Male,0,No,No,40,Yes,No,Fiber optic,No,No,No,Yes,No,No,Month-to-month,No,Credit card,75.76,3002.88,No,No,25-48 Months
CUST11536,Female,0,Yes,No,15,Yes,Yes,Fiber optic,No,Yes,Yes,No,No,No,Month-to-month,No,Electronic check,99.99,1580.05,No,No,13-24 Months
CUST11537,Male,0,No,Yes,6,Yes,Yes,Fiber optic,No,No,No,No,No,No,One year,Yes,Bank transfer,89.81,334.76,No,No,0-12 Months
CUST11538,Female,1,No,No,63,Yes,No,Fiber optic,No,Yes,Yes,Yes,Yes,No,Month-to-month,Yes,Bank transfer,108.24,6799.59,Yes,Yes,49-72 Months
CUST11539,Female,0,Yes,No,8,Yes,No,DSL,No,Yes,No,Yes,No,Yes,Month-to-month,No,Bank transfer,69.86,561.38,Yes,No,0-12 Months
CUST11540,Male,0,No,Yes,32,Yes,Yes,Fiber optic,No,Yes,Yes,No,No,No,Two year,Yes,Electronic check,94.08,3063.4,No,No,25-48 Months
CUST11541,Male,0,No,Yes,45,Yes,No,No,No internet service,No internet service,No internet service,No internet service,No internet service,No internet service,One year,Yes,Credit card,29.61,1315.77,No,No,25-48 Months
CUST11542,Male,1,Yes,No,52,Yes,Yes,DSL,No,Yes,No,No,Yes,Yes,Month-to-month,No,Credit card,76.34,3938.74,No,Yes,49-72 Months
CUST11543,Female,0,Yes,No,13,Yes,No,Fiber optic,Yes,Yes,Yes,No,No,Yes,Month-to-month,No,Electronic check,101.64,1370.14,Yes,No,13-24 Months
CUST11544,Male,0,Yes,Yes,24,Yes,Yes,DSL,No,Yes,No,No,No,No,One year,No,Mailed check,62.09,1485.97,No,No,13-24 Months
CUST11545,Female,0,No,No,40,No,No phone service,DSL,No,No,No,Yes,Yes,No,Month-to-month,No,Electronic check,51.25,2191.25,No,No,25-48 Months
CUST11546,Female,0,No,Yes,14,Yes,No,Fiber optic,No,Yes,No,Yes,No,No,Month-to-month,No,Credit card,87.79,1278.86,No,No,13-24 Months
CUST11547,Female,0,Yes,No,70,Yes,No,Fiber optic,No,No,Yes,No,Yes,No,Month-to-month,Yes,Bank transfer,83.87,5935.92,No,No,49-72 Months
CUST11548,Male,0,No,No,62,Yes,No,DSL,Yes,Yes,Yes,No,No,Yes,Two year,Yes,Electronic check,79.9,4959.93,No,No,49-72 Months
CUST11549,Male,0,No,No,61,Yes,No,DSL,Yes,No,No,No,Yes,No,One year,Yes,Electronic check,62.04,3934.98,No,No,49-72 Months
CUST11550,Female,0,No,No,1,Yes,No,No,No internet service,No internet service,No internet service,No internet service,No internet service,No internet service,Month-to-month,Yes,Electronic check,33.82,0.0,No,No,0-12 Months
CUST11551,Male,0,No,No,66,Yes,Yes,No,No internet service,No internet service,No internet service,No internet service,No internet service,No internet service,Month-to-month,Yes,Electronic check,32.99,2085.54,No,No,49-72 Months
CUST11552,Male,0,No,No,32,Yes,No,No,No internet service,No internet service,No internet service,No internet service,No internet service,No internet service,Month-to-month,Yes,Electronic check,29.78,945.55,No,No,25-48 Months
CUST11553,Male,0,No,Yes,13,Yes,No,Fiber optic,Yes,Yes,Yes,Yes,No,Yes,Month-to-month,Yes,Bank transfer,100.03,1279.4,No,No,13-24 Months
CUST11554,Female,0,Yes,No,33,Yes,No,Fiber optic,Yes,Yes,Yes,Yes,Yes,Yes,Two year,Yes,Bank transfer,107.24,3527.94,No,No,25-48 Months
CUST11555,Female,0,No,No,32,Yes,No,Fiber optic,No,Yes,No,Yes,Yes,Yes,Month-to-month,Yes,Mailed check,93.31,3144.21,Yes,No,25-48 Months
CUST11556,Male,1,No,No,56,Yes,Yes,DSL,Yes,No,Yes,No,No,No,Two year,Yes,Bank transfer,72.28,3984.49,No,Yes,49-72 Months
CUST11557,Female,0,Yes,No,24,Yes,No,Fiber optic,No,No,Yes,No,No,No,Month-to-month,No,Electronic check,82.42,1973.24,Yes,No,13-24 Months
CUST11558,Male,0,No,Yes,4,Yes,No,Fiber optic,No,Yes,No,Yes,No,No,Month-to-month,No,Electronic check,77.91,180.99,Yes,No,0-12 Months
CUST11559,Male,0,No,Yes,23,Yes,Yes,DSL,Yes,Yes,Yes,Yes,No,No,Month-to-month,No,Bank transfer,75.94,1898.0,Yes,No,13-24 Months
CUST11560,Male,1,No,Yes,29,Yes,No,No,No internet service,No internet service,No internet service,No internet service,No internet service,No internet service,One year,Yes,Mailed check,28.91,652.55,No,Yes,25-48 Months
CUST11561,Male,0,Yes,No,21,Yes,No,DSL,Yes,Yes,Yes,Yes,No,No,Month-to-month,Yes,Mailed check,71.99,1523.45,No,No,13-24 Months
CUST11562,Female,0,Yes,No,30,Yes,No,Fiber optic,No,Yes,No,No,No,No,One year,Yes,Electronic check,79.27,2270.93,No,No,25-48 Months
CUST11563,Female,0,No,No,20,Yes,Yes,DSL,Yes,No,Yes,No,Yes,No,Month-to-month,No,Bank transfer,79.44,1477.34,No,No,13-24 Months
CUST11564,Female,0,No,No,16,Yes,No,Fiber optic,Yes,No,No,No,Yes,No,Month-to-month,No,Credit card,91.82,1398.45,Yes,No,13-24 Months
CUST11565,Male,0,Yes,No,67,Yes,Yes,DSL,No,No,Yes,No,Yes,No,One year,Yes,Mailed check,80.03,5274.08,No,No,49-72 Months
CUST11566,Male,0,No,No,49,Yes,No,DSL,No,Yes,No,Yes,Yes,No,Month-to-month,No,Electronic check,55.87,2758.99,No,No,49-72 Months
CUST11567,Male,0,No,Yes,58,Yes,No,Fiber optic,No,No,No,No,Yes,Yes,Month-to-month,Yes,Credit card,95.84,5456.53,No,No,49-72 Months
CUST11568,Female,1,Yes,No,44,Yes,No,Fiber optic,Yes,Yes,No,No,No,No,Month-to-month,Yes,Electronic check,88.97,3998.1,No,Yes,25-48 Months
CUST11569,Male,0,Yes,Yes,25,Yes,Yes,Fiber optic,Yes,Yes,Yes,Yes,No,No,Month-to-month,No,Mailed check,101.12,2634.73,No,No,25-48 Months
CUST11570,Female,0,Yes,Yes,23,Yes,No,DSL,No,No,Yes,No,No,No,One year,Yes,Electronic check,53.72,1367.82,No,No,13-24 Months
CUST11571,Female,0,No,No,59,Yes,No,Fiber optic,No,Yes,No,No,No,No,Month-to-month,Yes,Credit card,79.56,4571.54,No,No,49-72 Months
CUST11572,Female,0,Yes,No,1,Yes,Yes,Fiber optic,No,No,Yes,No,No,No,Two year,Yes,Bank transfer,88.24,25.66,Yes,No,0-12 Months
CUST11573,Female,0,Yes,No,15,Yes,No,DSL,Yes,No,No,No,Yes,Yes,Two year,No,Bank transfer,66.3,955.91,No,No,13-24 Months
CUST11574,Female,0,Yes,No,52,No,No phone service,No,No internet service,No internet service,No internet service,No internet service,No internet service,No internet service,Month-to-month,Yes,Bank transfer,18.0,890.81,No,No,49-72 Months
CUST11575,Female,0,Yes,No,58,Yes,No,Fiber optic,Yes,Yes,No,No,No,Yes,Month-to-month,Yes,Mailed check,89.4,5249.45,No,No,49-72 Months
CUST11576,Male,1,Yes,No,41,Yes,Yes,DSL,Yes,No,No,No,No,No,One year,No,Electronic check,60.67,2512.96,No,Yes,25-48 Months
CUST11577,Male,1,Yes,No,44,Yes,Yes,No,No internet service,No internet service,No internet service,No internet service,No internet service,No internet service,Two year,Yes,Bank transfer,39.85,1679.2,No,Yes,25-48 Months
CUST11578,Female,0,No,No,4,Yes,No,No,No internet service,No internet service,No internet service,No internet service,No internet service,No internet service,Month-to-month,Yes,Mailed check,24.06,73.65,Yes,No,0-12 Months
CUST11579,Female,0,No,No,68,Yes,Yes,No,No internet service,No internet service,No internet service,No internet service,No internet service,No internet service,Two year,Yes,Bank transfer,40.21,2731.84,No,No,49-72 Months
CUST11580,Male,1,Yes,Yes,7,Yes,Yes,Fiber optic,No,Yes,Yes,Yes,No,Yes,Two year,No,Electronic check,97.98,672.11,No,Yes,0-12 Months
CUST11581,Female,0,Yes,No,46,Yes,No,Fiber optic,Yes,Yes,Yes,Yes,No,No,Month-to-month,Yes,Electronic check,96.99,4402.47,No,No,25-48 Months
CUST11582,Female,1,No,No,9,Yes,Yes,DSL,No,No,No,Yes,Yes,No,One year,No,Bank transfer,71.76,557.09,No,Yes,0-12 Months
CUST11583,Male,0,Yes,No,33,Yes,No,Fiber optic,Yes,No,No,No,No,Yes,Month-to-month,No,Mailed check,86.35,2909.6,No,No,25-48 Months
CUST11584,Female,0,Yes,No,33,Yes,No,No,No internet service,No internet service,No internet service,No internet service,No internet service,No internet service,One year,No,Electronic check,30.23,903.01,No,No,25-48 Months
CUST11585,Female,0,Yes,No,4,Yes,No,Fiber optic,No,Yes,No,No,Yes,Yes,Month-to-month,Yes,Electronic check,97.49,446.57,No,No,0-12 Months
CUST11586,Female,0,Yes,Yes,65,No,No phone service,No,No internet service,No internet service,No internet service,No internet service,No internet service,No internet service,Month-to-month,No,Bank transfer,18.0,1189.02,No,No,49-72 Months
CUST11587,Male,0,No,No,34,Yes,Yes,DSL,Yes,No,No,No,Yes,No,One year,No,Electronic check,70.54,2330.02,No,No,25-48 Months
CUST11588,Male,0,Yes,No,64,Yes,Yes,Fiber optic,No,No,No,No,No,No,Month-to-month,Yes,Mailed check,80.25,5176.58,No,No,49-72 Months
CUST11589,Male,0,No,Yes,25,Yes,No,No,No internet service,No internet service,No internet service,No internet service,No internet service,No internet service,One year,Yes,Mailed check,37.75,886.48,No,No,25-48 Months
CUST11590,Female,0,Yes,No,55,No,No phone service,Fiber optic,Yes,Yes,No,Yes,Yes,Yes,Two year,No,Electronic check,96.72,5364.61,No,No,49-72 Months
CUST11591,Female,0,Yes,No,9,Yes,No,No,No internet service,No internet service,No internet service,No internet service,No internet service,No internet service,Month-to-month,Yes,Credit card,24.78,160.03,No,No,0-12 Months
CUST11592,Male,1,No,Yes,17,Yes,No,Fiber optic,No,No,Yes,No,No,No,Month-to-month,Yes,Electronic check,89.09,1523.24,No,Yes,13-24 Months
CUST11593,Female,0,Yes,No,21,Yes,Yes,Fiber optic,No,No,No,No,Yes,No,One year,No,Credit card,94.01,1970.27,Yes,No,13-24 Months
CUST11594,Female,0,No,No,60,Yes,No,Fiber optic,Yes,No,No,Yes,No,Yes,Month-to-month,No,Bank transfer,85.97,5108.56,No,No,49-72 Months
CUST11595,Female,0,Yes,No,13,Yes,Yes,No,No internet service,No internet service,No internet service,No internet service,No internet service,No internet service,Two year,Yes,Mailed check,29.37,356.6,No,No,13-24 Months
CUST11596,Female,0,No,No,3,Yes,Yes,Fiber optic,No,Yes,Yes,Yes,No,Yes,Month-to-month,Yes,Credit card,97.86,242.1,No,No,0-12 Months
CUST11597,Female,1,Yes,Yes,68,Yes,No,DSL,No,No,No,No,No,Yes,One year,No,Bank transfer,52.09,3635.76,No,Yes,49-72 Months
CUST11598,Male,0,No,Yes,4,Yes,No,Fiber optic,No,Yes,Yes,No,Yes,No,Month-to-month,No,Credit card,92.76,314.99,Yes,No,0-12 Months
CUST11599,Female,0,Yes,No,7,Yes,No,Fiber optic,No,No,No,Yes,No,No,Month-to-month,No,Mailed check,80.41,557.18,No,No,0-12 Months
CUST11600,Male,0,No,No,26,Yes,Yes,DSL,No,No,Yes,No,No,No,Month-to-month,No,Mailed check,65.67,1540.26,No,No,25-48 Months
CUST11601,Female,0,Yes,No,24,Yes,Yes,Fiber optic,Yes,Yes,Yes,No,Yes,No,Month-to-month,No,Mailed check,102.45,2403.73,No,No,13-24 Months
CUST11602,Male,0,No,No,10,No,No phone service,DSL,Yes,Yes,No,Yes,Yes,Yes,Month-to-month,No,Electronic check,67.7,2111.56,Yes,No,0-12 Months
CUST11603,Female,1,Yes,No,13,Yes,Yes,Fiber optic,No,No,No,Yes,Yes,Yes,One year,Yes,Credit card,101.56,1358.31,No,Yes,13-24 Months
CUST11604,Male,0,No,No,44,Yes,Yes,No,No internet service,No internet service,No internet service,No internet service,No internet service,No internet service,Month-to-month,Yes,Bank transfer,42.63,1910.61,Yes,No,25-48 Months
CUST11605,Female,0,Yes,Yes,39,Yes,No,Fiber optic,No,No,No,Yes,Yes,Yes,Month-to-month,Yes,Bank transfer,84.54,3294.65,No,No,25-48 Months
CUST11606,Male,0,Yes,Yes,19,Yes,No,No,No internet service,No internet service,No internet service,No internet service,No internet service,No internet service,Month-to-month,Yes,Credit card,28.72,565.78,No,No,13-24 Months
CUST11607,Female,0,No,Yes,51,Yes,Yes,DSL,Yes,Yes,Yes,No,Yes,Yes,One year,Yes,Credit card,92.59,4837.75,No,No,49-72 Months
CUST11608,Male,0,Yes,No,19,Yes,Yes,No,No internet service,No internet service,No internet service,No internet service,No internet service,No internet service,One year,Yes,Electronic check,37.34,635.49,Yes,No,13-24 Months
CUST11609,Female,0,Yes,Yes,52,Yes,No,DSL,No,No,No,No,No,No,Month-to-month,No,Bank transfer,48.53,2621.44,No,No,49-72 Months
CUST11610,Male,0,No,No,47,No,No phone service,DSL,Yes,No,Yes,Yes,Yes,No,Two year,No,Bank transfer,57.93,2652.03,No,No,25-48 Months
CUST11611,Male,0,No,No,30,Yes,No,No,No internet service,No internet service,No internet service,No internet service,No internet service,No internet service,Two year,Yes,Mailed check,34.51,1059.59,No,No,25-48 Months
CUST11612,Female,0,Yes,No,46,Yes,Yes,Fiber optic,No,Yes,Yes,No,No,Yes,Month-to-month,Yes,Credit card,96.59,4374.78,No,No,25-48 Months
CUST11613,Female,0,No,No,21,Yes,Yes,DSL,No,Yes,Yes,Yes,No,Yes,One year,Yes,Credit card,76.55,1675.45,Yes,No,13-24 Months
CUST11614,Male,0,No,No,48,No,No phone service,No,No internet service,No internet service,No internet service,No internet service,No internet service,No internet service,Month-to-month,No,Bank transfer,26.82,1184.24,No,No,25-48 Months
CUST11615,Female,0,Yes,No,62,No,No phone service,Fiber optic,No,No,Yes,Yes,No,Yes,Two year,Yes,Mailed check,76.77,4679.09,No,No,49-72 Months
CUST11616,Male,1,No,No,58,No,No phone service,No,No internet service,No internet service,No internet service,No internet service,No internet service,No internet service,Month-to-month,No,Bank transfer,28.16,1624.11,No,Yes,49-72 Months
CUST11617,Male,0,No,No,18,Yes,No,Fiber optic,Yes,Yes,No,No,Yes,No,Two year,Yes,Mailed check,92.85,1608.19,No,No,13-24 Months
CUST11618,Male,0,No,No,59,Yes,Yes,Fiber optic,No,Yes,No,Yes,No,No,Month-to-month,Yes,Electronic check,92.12,5378.41,No,No,49-72 Months
CUST11619,Female,0,Yes,No,48,Yes,No,Fiber optic,No,Yes,Yes,No,Yes,No,Month-to-month,Yes,Mailed check,93.43,4475.05,No,No,25-48 Months
CUST11620,Male,0,No,No,63,Yes,No,DSL,No,No,No,No,Yes,Yes,One year,Yes,Electronic check,64.1,3938.46,No,No,49-72 Months
CUST11621,Male,0,Yes,No,12,Yes,No,Fiber optic,Yes,Yes,Yes,Yes,Yes,No,One year,No,Mailed check,99.36,1202.56,No,No,0-12 Months
CUST11622,Female,0,Yes,No,34,Yes,No,Fiber optic,No,No,No,Yes,No,Yes,One year,No,Bank transfer,88.72,3045.96,No,No,25-48 Months
CUST11623,Female,0,Yes,No,61,Yes,No,DSL,No,No,No,Yes,No,No,Two year,Yes,Electronic check,52.55,3079.63,No,No,49-72 Months
CUST11624,Female,0,No,No,53,Yes,Yes,DSL,No,Yes,Yes,No,Yes,No,One year,No,Bank transfer,76.14,4054.97,Yes,No,49-72 Months
CUST11625,Female,0,No,No,25,Yes,Yes,DSL,No,No,No,No,No,No,One year,Yes,Electronic check,68.56,1730.32,No,No,25-48 Months
CUST11626,Male,0,No,No,62,Yes,Yes,No,No internet service,No internet service,No internet service,No internet service,No internet service,No internet service,Month-to-month,Yes,Mailed check,40.3,2533.59,No,No,49-72 Months
CUST11627,Male,0,No,No,4,Yes,Yes,Fiber optic,No,No,Yes,No,Yes,No,Month-to-month,No,Bank transfer,93.06,381.49,Yes,No,0-12 Months
CUST11628,Male,0,Yes,No,13,Yes,No,Fiber optic,Yes,No,No,No,No,No,Month-to-month,Yes,Bank transfer,81.28,1084.75,Yes,No,13-24 Months
CUST11629,Male,1,Yes,No,42,Yes,No,No,No internet service,No internet service,No internet service,No internet service,No internet service,No internet service,One year,Yes,Bank transfer,28.4,1220.7,No,Yes,25-48 Months
CUST11630,Female,0,Yes,No,49,Yes,Yes,Fiber optic,No,Yes,Yes,Yes,No,Yes,Month-to-month,Yes,Mailed check,103.08,5070.59,No,No,49-72 Months
CUST11631,Male,0,Yes,Yes,56,Yes,Yes,No,No internet service,No internet service,No internet service,No internet service,No internet service,No internet service,Month-to-month,Yes,Electronic check,36.44,2070.51,No,No,49-72 Months
CUST11632,Male,0,No,No,47,Yes,No,DSL,No,No,No,Yes,Yes,Yes,Month-to-month,Yes,Bank transfer,71.38,3477.98,No,No,25-48 Months
CUST11633,Female,1,No,No,8,Yes,Yes,DSL,Yes,Yes,No,Yes,Yes,No,Two year,No,Mailed check,83.53,773.04,Yes,Yes,0-12 Months
CUST11634,Male,0,Yes,Yes,55,Yes,Yes,Fiber optic,No,Yes,Yes,No,No,Yes,Month-to-month,Yes,Electronic check,109.55,6015.93,No,No,49-72 Months
CUST11635,Male,0,Yes,No,18,No,No phone service,Fiber optic,Yes,No,Yes,Yes,No,Yes,Month-to-month,Yes,Electronic check,90.24,1574.45,Yes,No,13-24 Months
CUST11636,Male,0,Yes,No,35,Yes,No,No,No internet service,No internet service,No internet service,No internet service,No internet service,No internet service,Month-to-month,Yes,Electronic check,24.52,959.69,No,No,25-48 Months
CUST11637,Male,0,Yes,No,32,Yes,Yes,Fiber optic,Yes,Yes,No,No,Yes,No,Month-to-month,Yes,Electronic check,92.6,3146.12,No,No,25-48 Months
CUST11638,Male,0,No,No,24,Yes,No,DSL,No,No,Yes,No,No,No,Month-to-month,No,Mailed check,54.66,1309.68,No,No,13-24 Months
CUST11639,Male,0,No,No,7,Yes,Yes,Fiber optic,No,Yes,Yes,Yes,Yes,No,Month-to-month,No,Mailed check,109.0,802.99,Yes,No,0-12 Months
CUST11640,Female,0,No,No,13,Yes,Yes,Fiber optic,No,Yes,No,No,No,Yes,Month-to-month,No,Bank transfer,92.96,1182.43,Yes,No,13-24 Months
CUST11641,Female,0,Yes,No,69,Yes,Yes,DSL,No,No,No,No,Yes,Yes,Two year,Yes,Mailed check,70.04,4875.09,No,No,49-72 Months
CUST11642,Male,1,Yes,Yes,42,Yes,No,Fiber optic,No,Yes,Yes,Yes,No,No,One year,No,Credit card,94.5,3810.39,No,Yes,25-48 Months
CUST11643,Male,0,Yes,No,31,Yes,No,No,No internet service,No internet service,No internet service,No internet service,No internet service,No internet service,Month-to-month,Yes,Mailed check,29.87,883.9,No,No,25-48 Months
CUST11644,Female,0,No,No,26,Yes,Yes,No,No internet service,No internet service,No internet service,No internet service,No internet service,No internet service,One year,Yes,Mailed check,42.17,1154.36,No,No,25-48 Months
CUST11645,Male,0,No,No,32,Yes,Yes,Fiber optic,No,No,Yes,Yes,No,No,One year,No,Electronic check,84.48,2633.23,No,No,25-48 Months
CUST11646,Male,0,Yes,No,52,Yes,No,Fiber optic,No,No,No,No,No,No,One year,Yes,Bank transfer,77.38,4068.31,Yes,No,49-72 Months
CUST11647,Male,1,No,No,20,Yes,No,DSL,No,Yes,Yes,No,No,No,Month-to-month,Yes,Bank transfer,51.12,1063.99,No,Yes,13-24 Months
CUST11648,Female,0,No,No,40,Yes,Yes,Fiber optic,No,No,No,Yes,No,No,Month-to-month,No,Bank transfer,88.33,3579.66,No,No,25-48 Months
CUST11649,Male,0,No,No,59,Yes,No,Fiber optic,Yes,Yes,No,No,Yes,Yes,One year,No,Credit card,103.5,6066.1,No,No,49-72 Months
CUST11650,Female,0,No,No,14,No,No phone service,Fiber optic,No,Yes,No,No,Yes,Yes,Month-to-month,Yes,Bank transfer,75.86,1123.25,No,No,13-24 Months
CUST11651,Male,0,No,No,44,Yes,Yes,DSL,No,No,Yes,No,Yes,Yes,Month-to-month,No,Credit card,64.52,2986.92,No,No,25-48 Months
CUST11652,Female,0,No,No,48,Yes,Yes,No,No internet service,No internet service,No internet service,No internet service,No internet service,No internet service,Month-to-month,No,Electronic check,41.25,1940.98,No,No,25-48 Months
CUST11653,Female,0,Yes,Yes,43,No,No phone service,No,No internet service,No internet service,No internet service,No internet service,No internet service,No internet service,One year,No,Electronic check,22.25,903.03,No,No,25-48 Months
CUST11654,Male,0,Yes,No,16,Yes,Yes,Fiber optic,No,Yes,Yes,Yes,Yes,No,Month-to-month,Yes,Electronic check,98.51,1562.49,Yes,No,13-24 Months
CUST11655,Female,0,Yes,Yes,35,Yes,No,DSL,No,Yes,Yes,No,No,Yes,Month-to-month,No,Bank transfer,68.22,2409.78,No,No,25-48 Months
CUST11656,Male,0,Yes,Yes,53,Yes,No,DSL,Yes,No,No,Yes,Yes,No,Two year,No,Mailed check,64.29,3325.11,No,No,49-72 Months
CUST11657,Female,1,No,No,34,Yes,No,DSL,No,No,No,Yes,Yes,No,Two year,No,Bank transfer,61.1,2041.19,No,Yes,25-48 Months
CUST11658,Male,0,No,No,3,Yes,Yes,Fiber optic,Yes,No,Yes,No,No,Yes,Month-to-month,No,Mailed check,97.66,409.43,No,No,0-12 Months
CUST11659,Male,0,Yes,No,68,Yes,Yes,DSL,Yes,No,No,Yes,No,No,Month-to-month,Yes,Electronic check,60.35,4194.43,No,No,49-72 Months
CUST11660,Female,0,No,No,5,Yes,No,No,No internet service,No internet service,No internet service,No internet service,No internet service,No internet service,One year,Yes,Electronic check,34.51,93.26,No,No,0-12 Months
CUST11661,Male,0,Yes,No,10,Yes,No,No,No internet service,No internet service,No internet service,No internet service,No internet service,No internet service,Month-to-month,No,Electronic check,24.7,396.32,No,No,0-12 Months
CUST11662,Male,0,Yes,No,52,Yes,No,Fiber optic,No,No,No,No,No,No,One year,Yes,Electronic check,75.46,3889.7,No,No,49-72 Months
CUST11663,Female,0,Yes,No,29,Yes,Yes,Fiber optic,No,No,Yes,No,Yes,No,One year,Yes,Electronic check,97.26,2847.39,Yes,No,25-48 Months
CUST11664,Male,0,Yes,No,31,Yes,Yes,Fiber optic,No,No,Yes,No,Yes,No,Month-to-month,No,Electronic check,89.85,2788.67,No,No,25-48 Months
CUST11665,Male,0,Yes,No,66,Yes,No,No,No internet service,No internet service,No internet service,No internet service,No internet service,No internet service,Month-to-month,Yes,Bank transfer,28.63,1962.78,No,No,49-72 Months
CUST11666,Female,0,No,No,69,Yes,Yes,No,No internet service,No internet service,No internet service,No internet service,No internet service,No internet service,Month-to-month,Yes,Mailed check,34.46,2286.0,No,No,49-72 Months
CUST11667,Female,1,Yes,No,37,No,No phone service,DSL,Yes,No,Yes,No,No,Yes,One year,Yes,Electronic check,65.62,2385.86,No,Yes,25-48 Months
CUST11668,Male,0,No,Yes,27,Yes,No,DSL,No,Yes,No,No,No,Yes,Month-to-month,No,Mailed check,66.57,1724.17,No,No,25-48 Months
CUST11669,Male,0,Yes,Yes,33,Yes,Yes,Fiber optic,No,No,No,Yes,Yes,Yes,Month-to-month,No,Credit card,104.8,3373.87,Yes,No,25-48 Months
CUST11670,Female,0,Yes,Yes,68,Yes,Yes,Fiber optic,Yes,No,No,No,No,No,Month-to-month,No,Mailed check,98.05,6608.11,No,No,49-72 Months
CUST11671,Female,0,Yes,Yes,59,Yes,Yes,DSL,Yes,No,Yes,No,No,No,Month-to-month,Yes,Credit card,68.76,3990.0,No,No,49-72 Months
CUST11672,Male,0,No,No,64,Yes,Yes,Fiber optic,Yes,No,Yes,No,No,No,Month-to-month,No,Mailed check,90.32,5831.8,No,No,49-72 Months
CUST11673,Female,0,Yes,Yes,44,Yes,No,Fiber optic,No,Yes,No,Yes,No,Yes,Month-to-month,Yes,Credit card,84.8,3700.25,Yes,No,25-48 Months
CUST11674,Male,0,No,Yes,49,Yes,Yes,DSL,No,Yes,No,No,No,No,One year,Yes,Electronic check,58.5,2846.31,No,No,49-72 Months
CUST11675,Male,0,No,Yes,53,No,No phone service,No,No internet service,No internet service,No internet service,No internet service,No internet service,No internet service,Month-to-month,Yes,Electronic check,20.8,955.39,No,No,49-72 Months
CUST11676,Male,0,No,Yes,49,Yes,No,DSL,No,No,No,No,No,No,Month-to-month,No,Bank transfer,54.66,2757.25,No,No,49-72 Months
CUST11677,Male,0,No,Yes,66,Yes,No,Fiber optic,No,Yes,No,Yes,No,No,Two year,Yes,Credit card,81.73,5257.22,No,No,49-72 Months
CUST11678,Male,1,Yes,No,63,Yes,Yes,Fiber optic,No,No,No,No,No,Yes,One year,No,Credit card,96.92,6113.49,No,Yes,49-72 Months
CUST11679,Female,0,Yes,No,25,Yes,No,DSL,No,Yes,Yes,No,No,No,One year,Yes,Mailed check,52.3,1413.84,Yes,No,25-48 Months
CUST11680,Female,0,Yes,Yes,4,Yes,No,Fiber optic,No,No,No,Yes,No,Yes,Month-to-month,Yes,Electronic check,85.12,463.48,No,No,0-12 Months
CUST11681,Female,0,No,No,51,Yes,Yes,Fiber optic,No,No,No,No,No,Yes,Month-to-month,No,Mailed check,91.02,4531.29,Yes,No,49-72 Months
CUST11682,Female,0,Yes,No,11,Yes,No,No,No internet service,No internet service,No internet service,No internet service,No internet service,No internet service,One year,Yes,Electronic check,30.66,322.88,No,No,0-12 Months
CUST11683,Male,0,Yes,Yes,17,Yes,No,Fiber optic,No,Yes,Yes,No,No,Yes,Two year,No,Electronic check,94.38,1666.13,Yes,No,13-24 Months
CUST11684,Male,0,No,No,66,Yes,Yes,Fiber optic,No,No,No,Yes,No,Yes,Two year,Yes,Electronic check,94.64,6214.01,No,No,49-72 Months
CUST11685,Male,0,Yes,No,70,Yes,No,Fiber optic,Yes,No,Yes,No,No,No,Two year,No,Mailed check,88.24,6263.35,No,No,49-72 Months
CUST11686,Male,0,No,No,69,No,No phone service,Fiber optic,Yes,Yes,No,No,No,Yes,Month-to-month,No,Credit card,80.78,5410.83,No,No,49-72 Months
CUST11687,Female,0,No,No,29,Yes,No,No,No internet service,No internet service,No internet service,No internet service,No internet service,No internet service,Two year,Yes,Electronic check,28.5,838.58,No,No,25-48 Months
CUST11688,Male,0,Yes,Yes,72,No,No phone service,DSL,No,No,No,No,No,No,Two year,Yes,Electronic check,35.88,2618.92,No,No,49-72 Months
CUST11689,Male,0,Yes,No,20,Yes,Yes,DSL,Yes,No,No,No,Yes,Yes,Month-to-month,No,Electronic check,86.87,1645.7,Yes,No,13-24 Months
CUST11690,Female,0,Yes,No,27,Yes,No,Fiber optic,No,Yes,No,No,No,Yes,Month-to-month,No,Electronic check,86.61,2402.47,No,No,25-48 Months
CUST11691,Female,0,No,No,8,Yes,No,DSL,No,No,Yes,Yes,No,Yes,Month-to-month,Yes,Mailed check,69.18,471.47,No,No,0-12 Months
CUST11692,Female,1,No,Yes,61,Yes,Yes,No,No internet service,No internet service,No internet service,No internet service,No internet service,No internet service,Month-to-month,No,Electronic check,35.94,2322.42,No,Yes,49-72 Months
CUST11693,Female,1,No,No,28,Yes,No,Fiber optic,Yes,Yes,No,No,No,Yes,Month-to-month,No,Credit card,99.96,2773.04,Yes,Yes,25-48 Months
CUST11694,Male,0,No,No,70,Yes,Yes,Fiber optic,No,Yes,Yes,No,No,Yes,Two year,Yes,Mailed check,98.94,6913.32,No,No,49-72 Months
CUST11695,Male,0,No,No,3,No,No phone service,No,No internet service,No internet service,No internet service,No internet service,No internet service,No internet service,Two year,Yes,Electronic check,21.64,0.0,No,No,0-12 Months
CUST11696,Female,0,Yes,Yes,69,Yes,No,Fiber optic,No,No,No,Yes,Yes,No,Two year,No,Mailed check,82.64,5674.03,No,No,49-72 Months
CUST11697,Male,1,Yes,No,7,Yes,Yes,Fiber optic,Yes,No,Yes,Yes,No,No,Month-to-month,No,Electronic check,105.8,684.06,Yes,Yes,0-12 Months
CUST11698,Male,1,No,No,60,Yes,Yes,DSL,No,No,No,No,No,Yes,Month-to-month,No,Electronic check,65.08,3929.25,No,Yes,49-72 Months
CUST11699,Male,0,Yes,No,4,Yes,Yes,Fiber optic,No,Yes,Yes,No,No,Yes,One year,Yes,Electronic check,107.98,452.63,Yes,No,0-12 Months
CUST11700,Female,0,Yes,No,5,Yes,No,DSL,Yes,Yes,Yes,No,Yes,Yes,Month-to-month,No,Electronic check,76.0,372.92,Yes,No,0-12 Months
CUST11701,Male,0,No,No,11,Yes,Yes,Fiber optic,Yes,Yes,Yes,No,No,No,Month-to-month,No,Bank transfer,94.79,1056.28,Yes,No,0-12 Months
CUST11702,Female,0,Yes,No,15,Yes,No,Fiber optic,Yes,No,No,No,No,No,One year,Yes,Credit card,77.36,1072.95,No,No,13-24 Months
CUST11703,Male,0,No,No,64,Yes,No,DSL,Yes,No,Yes,No,No,No,Month-to-month,No,Mailed check,58.58,3666.58,No,No,49-72 Months
CUST11704,Male,1,No,No,13,Yes,No,Fiber optic,Yes,No,Yes,No,No,Yes,Month-to-month,No,Bank transfer,95.35,1336.03,No,Yes,13-24 Months
CUST11705,Male,0,Yes,No,7,Yes,Yes,DSL,No,Yes,Yes,No,Yes,Yes,Month-to-month,Yes,Mailed check,70.76,435.65,Yes,No,0-12 Months
CUST11706,Female,0,No,Yes,6,Yes,No,No,No internet service,No internet service,No internet service,No internet service,No internet service,No internet service,Two year,No,Electronic check,29.76,202.33,No,No,0-12 Months
CUST11707,Male,1,Yes,No,56,Yes,Yes,DSL,Yes,No,Yes,No,No,Yes,Month-to-month,No,Mailed check,70.1,3741.17,No,Yes,49-72 Months
CUST11708,Female,0,Yes,No,64,Yes,No,No,No internet service,No internet service,No internet service,No internet service,No internet service,No internet service,Month-to-month,Yes,Mailed check,25.56,1669.88,No,No,49-72 Months
CUST11709,Female,0,Yes,No,50,Yes,No,Fiber optic,No,No,Yes,No,No,No,Two year,No,Electronic check,82.34,4210.05,No,No,49-72 Months
CUST11710,Female,0,Yes,No,30,Yes,Yes,Fiber optic,Yes,No,No,No,No,Yes,Month-to-month,No,Bank transfer,95.5,2874.67,Yes,No,25-48 Months
CUST11711,Male,0,No,No,22,Yes,No,DSL,No,Yes,Yes,No,No,No,Month-to-month,Yes,Bank transfer,64.32,1428.54,No,No,13-24 Months
CUST11712,Male,0,Yes,No,25,Yes,Yes,No,No internet service,No internet service,No internet service,No internet service,No internet service,No internet service,One year,Yes,Credit card,38.94,1098.88,No,No,25-48 Months
CUST11713,Male,0,Yes,Yes,28,Yes,Yes,DSL,No,No,No,Yes,No,No,Month-to-month,Yes,Electronic check,62.9,1783.88,Yes,No,25-48 Months
CUST11714,Male,0,Yes,No,39,Yes,Yes,Fiber optic,No,No,Yes,Yes,No,No,Month-to-month,Yes,Electronic check,89.21,3424.33,No,No,25-48 Months
CUST11715,Female,0,No,Yes,67,Yes,No,No,No internet service,No internet service,No internet service,No internet service,No internet service,No internet service,Two year,No,Electronic check,25.37,1664.38,No,No,49-72 Months
CUST11716,Female,0,No,No,5,Yes,Yes,No,No internet service,No internet service,No internet service,No internet service,No internet service,No internet service,Month-to-month,Yes,Credit card,40.0,151.35,No,No,0-12 Months
CUST11717,Female,0,Yes,No,65,Yes,Yes,Fiber optic,No,No,No,Yes,No,Yes,One year,No,Bank transfer,92.72,6104.84,No,No,49-72 Months
CUST11718,Male,0,Yes,No,15,Yes,Yes,No,No internet service,No internet service,No internet service,No internet service,No internet service,No internet service,Month-to-month,No,Credit card,39.0,688.06,No,No,13-24 Months
CUST11719,Female,0,Yes,No,67,Yes,No,Fiber optic,Yes,Yes,No,No,No,No,Month-to-month,Yes,Mailed check,84.98,5778.87,No,No,49-72 Months
CUST11720,Male,0,Yes,Yes,40,Yes,No,DSL,No,No,Yes,No,No,Yes,Month-to-month,Yes,Mailed check,51.78,2013.0,No,No,25-48 Months
CUST11721,Female,0,No,Yes,69,Yes,Yes,Fiber optic,Yes,Yes,Yes,No,No,No,Month-to-month,Yes,Electronic check,99.42,6865.58,No,No,49-72 Months
CUST11722,Male,0,No,No,43,Yes,Yes,DSL,Yes,Yes,Yes,No,No,Yes,Month-to-month,Yes,Credit card,75.87,3318.51,No,No,25-48 Months
CUST11723,Male,0,Yes,No,1,Yes,No,DSL,No,No,Yes,No,No,Yes,Month-to-month,Yes,Credit card,66.32,0.0,Yes,No,0-12 Months
CUST11724,Female,0,Yes,Yes,22,Yes,No,Fiber optic,No,No,No,Yes,No,Yes,Month-to-month,Yes,Mailed check,77.71,1782.25,No,No,13-24 Months
CUST11725,Female,0,Yes,No,62,Yes,No,Fiber optic,Yes,No,No,Yes,Yes,No,One year,Yes,Electronic check,101.5,6360.82,No,No,49-72 Months
CUST11726,Female,1,No,No,26,Yes,No,DSL,No,Yes,No,No,Yes,Yes,Month-to-month,Yes,Bank transfer,66.02,1764.53,No,Yes,25-48 Months
CUST11727,Female,0,Yes,No,18,Yes,Yes,No,No internet service,No internet service,No internet service,No internet service,No internet service,No internet service,Month-to-month,No,Electronic check,39.36,774.13,Yes,No,13-24 Months
CUST11728,Male,0,No,No,48,Yes,No,DSL,No,No,Yes,No,No,No,One year,Yes,Credit card,51.44,2462.38,No,No,25-48 Months
CUST11729,Female,0,No,No,9,Yes,Yes,No,No internet service,No internet service,No internet service,No internet service,No internet service,No internet service,Month-to-month,Yes,Mailed check,34.12,240.2,No,No,0-12 Months
CUST11730,Female,0,Yes,No,1,Yes,No,No,No internet service,No internet service,No internet service,No internet service,No internet service,No internet service,Two year,No,Mailed check,33.43,127.05,No,No,0-12 Months
CUST11731,Female,0,No,No,9,Yes,Yes,No,No internet service,No internet service,No internet service,No internet service,No internet service,No internet service,One year,Yes,Bank transfer,35.99,327.57,No,No,0-12 Months
CUST11732,Male,0,No,Yes,23,Yes,No,No,No internet service,No internet service,No internet service,No internet service,No internet service,No internet service,Two year,Yes,Bank transfer,29.34,633.0,No,No,13-24 Months
CUST11733,Male,0,No,No,45,No,No phone service,DSL,No,No,Yes,No,No,Yes,Month-to-month,No,Electronic check,56.25,2541.41,No,No,25-48 Months
CUST11734,Female,0,Yes,No,2,Yes,Yes,Fiber optic,Yes,Yes,Yes,Yes,Yes,Yes,Two year,Yes,Credit card,116.94,243.6,No,No,0-12 Months
CUST11735,Male,0,Yes,No,14,Yes,No,DSL,Yes,No,No,Yes,No,No,One year,Yes,Credit card,62.24,834.33,No,No,13-24 Months
CUST11736,Female,0,No,No,38,Yes,No,DSL,No,No,No,No,No,Yes,One year,Yes,Mailed check,53.88,2090.83,No,No,25-48 Months
CUST11737,Male,0,No,Yes,40,Yes,No,Fiber optic,Yes,No,Yes,No,No,No,Two year,Yes,Bank transfer,88.33,3686.6,No,No,25-48 Months
CUST11738,Male,1,No,Yes,63,Yes,No,DSL,No,Yes,No,No,No,No,One year,Yes,Mailed check,55.56,3400.7,No,Yes,49-72 Months
CUST11739,Male,0,No,No,16,Yes,No,No,No internet service,No internet service,No internet service,No internet service,No internet service,No internet service,Two year,No,Mailed check,32.15,416.88,No,No,13-24 Months
CUST11740,Male,0,No,No,6,Yes,Yes,No,No internet service,No internet service,No internet service,No internet service,No internet service,No internet service,Month-to-month,Yes,Credit card,38.82,331.72,Yes,No,0-12 Months
CUST11741,Female,0,No,No,3,Yes,No,Fiber optic,No,No,Yes,No,Yes,No,One year,Yes,Electronic check,92.65,341.01,No,No,0-12 Months
CUST11742,Female,0,Yes,No,14,Yes,No,Fiber optic,No,Yes,No,Yes,No,Yes,Month-to-month,No,Electronic check,94.52,1457.0,No,No,13-24 Months
CUST11743,Female,0,No,No,66,Yes,No,Fiber optic,No,Yes,Yes,No,Yes,No,Month-to-month,No,Credit card,86.2,5840.43,No,No,49-72 Months
CUST11744,Male,0,No,No,67,Yes,Yes,No,No internet service,No internet service,No internet service,No internet service,No internet service,No internet service,One year,No,Electronic check,34.03,2341.79,No,No,49-72 Months
CUST11745,Female,0,No,No,31,Yes,No,Fiber optic,No,Yes,No,Yes,No,No,Two year,Yes,Bank transfer,86.13,2578.38,No,No,25-48 Months
CUST11746,Female,0,No,No,33,Yes,No,DSL,No,Yes,Yes,Yes,No,No,One year,Yes,Electronic check,66.99,2239.19,No,No,25-48 Months
CUST11747,Female,0,Yes,No,1,Yes,Yes,Fiber optic,No,No,No,No,No,Yes,One year,Yes,Credit card,82.38,54.56,No,No,0-12 Months
CUST11748,Male,0,No,No,44,Yes,Yes,Fiber optic,Yes,No,Yes,No,No,No,One year,No,Credit card,87.04,3869.82,No,No,25-48 Months
CUST11749,Male,1,No,Yes,15,Yes,Yes,No,No internet service,No internet service,No internet service,No internet service,No internet service,No internet service,Month-to-month,No,Credit card,42.47,2111.56,No,Yes,13-24 Months
CUST11750,Male,0,Yes,No,37,Yes,No,DSL,No,No,Yes,No,Yes,No,Month-to-month,Yes,Credit card,71.83,2701.82,No,No,25-48 Months
CUST11751,Female,0,Yes,Yes,27,Yes,Yes,DSL,No,Yes,Yes,No,Yes,No,Month-to-month,Yes,Electronic check,65.73,1833.48,Yes,No,25-48 Months
CUST11752,Female,0,Yes,No,48,Yes,Yes,No,No internet service,No internet service,No internet service,No internet service,No internet service,No internet service,Month-to-month,Yes,Mailed check,38.29,1861.89,No,No,25-48 Months
CUST11753,Female,0,Yes,Yes,27,Yes,Yes,No,No internet service,No internet service,No internet service,No internet service,No internet service,No internet service,One year,Yes,Bank transfer,37.24,1040.5,Yes,No,25-48 Months
CUST11754,Male,0,Yes,No,12,Yes,No,No,No internet service,No internet service,No internet service,No internet service,No internet service,No internet service,Two year,No,Credit card,35.06,480.71,No,No,0-12 Months
CUST11755,Male,0,Yes,No,67,Yes,Yes,Fiber optic,No,No,No,Yes,No,No,Month-to-month,Yes,Electronic check,89.48,5936.4,No,No,49-72 Months
CUST11756,Female,0,No,No,30,Yes,Yes,Fiber optic,No,No,No,Yes,No,No,Month-to-month,Yes,Credit card,91.15,2760.39,Yes,No,25-48 Months
CUST11757,Male,0,No,Yes,66,Yes,No,Fiber optic,No,No,Yes,Yes,No,Yes,Month-to-month,No,Electronic check,80.6,5314.5,No,No,49-72 Months
CUST11758,Male,0,No,Yes,7,Yes,No,DSL,No,No,No,No,Yes,Yes,Month-to-month,Yes,Credit card,63.96,538.92,No,No,0-12 Months
CUST11759,Male,0,No,No,34,Yes,Yes,Fiber optic,No,Yes,No,Yes,Yes,Yes,Month-to-month,Yes,Mailed check,101.47,3514.61,Yes,No,25-48 Months
CUST11760,Male,1,Yes,Yes,32,Yes,No,DSL,No,No,Yes,No,No,Yes,Month-to-month,Yes,Mailed check,57.6,1798.97,No,Yes,25-48 Months
CUST11761,Female,0,Yes,No,39,Yes,No,DSL,Yes,Yes,Yes,Yes,No,No,Month-to-month,Yes,Mailed check,63.87,2548.81,Yes,No,25-48 Months
CUST11762,Male,0,No,No,43,Yes,Yes,No,No internet service,No internet service,No internet service,No internet service,No internet service,No internet service,Two year,Yes,Electronic check,38.14,1752.28,No,No,25-48 Months
CUST11763,Male,0,Yes,No,43,No,No phone service,DSL,Yes,No,No,No,Yes,No,Month-to-month,Yes,Mailed check,53.67,2341.62,No,No,25-48 Months
CUST11764,Male,0,No,No,3,Yes,No,No,No internet service,No internet service,No internet service,No internet service,No internet service,No internet service,One year,Yes,Mailed check,33.15,74.99,No,No,0-12 Months
CUST11765,Male,0,No,No,46,Yes,Yes,DSL,No,No,No,No,No,No,One year,Yes,Mailed check,54.98,2444.1,No,No,25-48 Months
CUST11766,Female,0,No,Yes,32,Yes,Yes,DSL,No,No,Yes,No,Yes,No,Month-to-month,Yes,Bank transfer,75.92,2272.17,No,No,25-48 Months
CUST11767,Female,0,No,Yes,43,Yes,No,Fiber optic,No,No,Yes,Yes,No,Yes,Two year,No,Mailed check,87.34,3845.11,No,No,25-48 Months
CUST11768,Male,0,Yes,Yes,3,Yes,No,Fiber optic,Yes,No,Yes,No,Yes,Yes,One year,Yes,Mailed check,91.84,167.51,Yes,No,0-12 Months
CUST11769,Male,0,Yes,Yes,63,Yes,No,Fiber optic,Yes,Yes,No,No,No,No,Month-to-month,Yes,Credit card,86.09,5342.71,No,No,49-72 Months
CUST11770,Male,0,No,Yes,40,Yes,Yes,No,No internet service,No internet service,No internet service,No internet service,No internet service,No internet service,Month-to-month,Yes,Bank transfer,33.58,1351.43,No,No,25-48 Months
CUST11771,Male,0,Yes,No,18,Yes,No,DSL,Yes,No,Yes,No,Yes,No,One year,Yes,Electronic check,69.66,1278.94,No,No,13-24 Months
CUST11772,Male,0,No,No,67,Yes,Yes,No,No internet service,No internet service,No internet service,No internet service,No internet service,No internet service,Month-to-month,Yes,Credit card,33.71,2376.37,Yes,No,49-72 Months
CUST11773,Male,0,Yes,No,62,Yes,No,DSL,No,No,No,No,No,No,Month-to-month,No,Credit card,47.11,2950.04,Yes,No,49-72 Months
CUST11774,Female,0,No,No,10,No,No phone service,No,No internet service,No internet service,No internet service,No internet service,No internet service,No internet service,Month-to-month,Yes,Credit card,18.0,158.54,No,No,0-12 Months
CUST11775,Male,0,No,No,52,No,No phone service,Fiber optic,Yes,Yes,Yes,Yes,No,No,Month-to-month,No,Credit card,81.34,4208.32,No,No,49-72 Months
CUST11776,Female,0,No,No,46,Yes,Yes,No,No internet service,No internet service,No internet service,No internet service,No internet service,No internet service,One year,Yes,Bank transfer,36.99,1580.26,No,No,25-48 Months
CUST11777,Female,1,Yes,Yes,55,Yes,No,Fiber optic,Yes,Yes,Yes,No,Yes,Yes,Two year,No,Electronic check,105.2,5901.06,No,Yes,49-72 Months
CUST11778,Male,0,Yes,No,46,Yes,No,DSL,No,Yes,Yes,No,No,No,One year,No,Bank transfer,56.33,2662.16,No,No,25-48 Months
CUST11779,Female,0,No,Yes,60,Yes,No,No,No internet service,No internet service,No internet service,No internet service,No internet service,No internet service,Month-to-month,Yes,Bank transfer,24.15,1470.94,No,No,49-72 Months
CUST11780,Female,0,Yes,Yes,26,Yes,Yes,DSL,No,No,No,No,Yes,No,Two year,Yes,Electronic check,66.49,1843.46,No,No,25-48 Months
CUST11781,Female,0,No,No,27,Yes,No,DSL,Yes,No,Yes,No,Yes,Yes,One year,Yes,Electronic check,75.94,2136.38,No,No,25-48 Months
CUST11782,Female,0,No,No,38,Yes,Yes,No,No internet service,No internet service,No internet service,No internet service,No internet service,No internet service,One year,No,Mailed check,40.57,1584.94,No,No,25-48 Months
CUST11783,Female,1,No,No,22,Yes,No,DSL,No,Yes,No,Yes,No,Yes,Month-to-month,Yes,Bank transfer,61.78,1356.56,Yes,Yes,13-24 Months
CUST11784,Female,1,No,Yes,26,Yes,No,DSL,No,No,Yes,Yes,No,No,Month-to-month,No,Electronic check,55.87,1455.54,Yes,Yes,25-48 Months
CUST11785,Male,0,Yes,No,69,Yes,Yes,Fiber optic,No,No,No,Yes,No,No,Two year,No,Mailed check,91.12,6168.75,No,No,49-72 Months
CUST11786,Female,0,No,No,35,Yes,Yes,No,No internet service,No internet service,No internet service,No internet service,No internet service,No internet service,Month-to-month,Yes,Credit card,41.48,1537.66,No,No,25-48 Months
CUST11787,Female,0,No,No,66,Yes,Yes,DSL,No,Yes,Yes,No,No,Yes,One year,Yes,Electronic check,71.95,4733.28,No,No,49-72 Months
CUST11788,Female,0,Yes,No,51,Yes,No,Fiber optic,No,No,No,Yes,No,No,One year,Yes,Credit card,75.24,3922.36,No,No,49-72 Months
CUST11789,Male,1,No,No,18,Yes,Yes,Fiber optic,Yes,Yes,No,No,No,No,Month-to-month,No,Mailed check,88.49,1651.54,No,Yes,13-24 Months
CUST11790,Female,0,Yes,Yes,43,Yes,No,No,No internet service,No internet service,No internet service,No internet service,No internet service,No internet service,One year,Yes,Electronic check,25.17,1090.55,No,No,25-48 Months
CUST11791,Male,0,Yes,No,12,Yes,No,No,No internet service,No internet service,No internet service,No internet service,No internet service,No internet service,Month-to-month,Yes,Electronic check,33.99,475.17,No,No,0-12 Months
CUST11792,Female,1,Yes,No,3,Yes,Yes,Fiber optic,Yes,No,Yes,No,No,No,One year,Yes,Electronic check,95.56,224.32,No,Yes,0-12 Months
CUST11793,Male,0,No,No,7,Yes,No,Fiber optic,No,Yes,Yes,No,Yes,No,Two year,Yes,Electronic check,92.41,528.91,No,No,0-12 Months
CUST11794,Male,0,Yes,No,6,Yes,No,Fiber optic,No,Yes,No,Yes,Yes,No,Two year,Yes,Credit card,88.61,519.54,No,No,0-12 Months
CUST11795,Female,1,No,No,45,Yes,No,DSL,No,Yes,Yes,Yes,No,No,Two year,No,Bank transfer,60.59,2761.8,No,Yes,25-48 Months
CUST11796,Female,0,No,No,39,Yes,Yes,Fiber optic,Yes,Yes,No,No,No,Yes,Month-to-month,No,Credit card,95.92,3809.72,No,No,25-48 Months
CUST11797,Male,0,Yes,No,51,Yes,Yes,No,No internet service,No internet service,No internet service,No internet service,No internet service,No internet service,One year,No,Bank transfer,32.56,1667.84,Yes,No,49-72 Months
CUST11798,Female,0,Yes,No,9,Yes,No,Fiber optic,No,No,Yes,Yes,Yes,No,One year,No,Mailed check,93.13,766.09,Yes,No,0-12 Months
CUST11799,Male,0,No,No,23,Yes,No,DSL,Yes,Yes,No,Yes,No,Yes,Month-to-month,No,Electronic check,75.81,1848.02,Yes,No,13-24 Months
CUST11800,Male,0,Yes,Yes,12,Yes,Yes,Fiber optic,No,No,No,Yes,Yes,Yes,Month-to-month,Yes,Bank transfer,104.97,1231.01,No,No,0-12 Months
CUST11801,Male,0,No,Yes,62,Yes,Yes,Fiber optic,Yes,Yes,Yes,No,Yes,No,One year,No,Bank transfer,99.58,6204.85,No,No,49-72 Months
CUST11802,Male,1,Yes,No,40,Yes,Yes,Fiber optic,No,No,No,Yes,No,No,Month-to-month,Yes,Mailed check,84.01,3400.79,No,Yes,25-48 Months
CUST11803,Male,0,No,No,54,Yes,No,Fiber optic,Yes,No,No,Yes,No,No,Two year,Yes,Credit card,82.23,4446.18,No,No,49-72 Months
CUST11804,Female,0,No,No,7,Yes,Yes,Fiber optic,Yes,No,Yes,Yes,No,Yes,Month-to-month,Yes,Bank transfer,109.1,608.26,Yes,No,0-12 Months
CUST11805,Male,0,Yes,No,17,Yes,No,DSL,Yes,Yes,Yes,Yes,Yes,No,Month-to-month,Yes,Credit card,70.33,1141.84,Yes,No,13-24 Months
CUST11806,Male,0,Yes,Yes,50,Yes,Yes,No,No internet service,No internet service,No internet service,No internet service,No internet service,No internet service,Month-to-month,Yes,Bank transfer,36.99,1886.59,No,No,49-72 Months
CUST11807,Female,0,Yes,Yes,24,No,No phone service,Fiber optic,No,No,No,No,No,Yes,Two year,Yes,Electronic check,67.63,1748.9,No,No,13-24 Months
CUST11808,Male,0,Yes,No,2,No,No phone service,DSL,Yes,Yes,Yes,Yes,Yes,Yes,Two year,No,Bank transfer,73.04,200.35,No,No,0-12 Months
CUST11809,Female,0,No,Yes,33,Yes,No,DSL,No,Yes,No,No,No,No,Month-to-month,Yes,Electronic check,58.47,1968.39,No,No,25-48 Months
CUST11810,Female,0,No,No,21,Yes,Yes,No,No internet service,No internet service,No internet service,No internet service,No internet service,No internet service,One year,Yes,Bank transfer,35.38,583.98,No,No,13-24 Months
CUST11811,Female,0,Yes,Yes,53,Yes,No,No,No internet service,No internet service,No internet service,No internet service,No internet service,No internet service,One year,No,Mailed check,26.23,1474.92,No,No,49-72 Months
CUST11812,Male,0,No,No,46,No,No phone service,Fiber optic,No,No,No,Yes,No,Yes,One year,Yes,Electronic check,80.74,3787.86,Yes,No,25-48 Months
CUST11813,Male,0,No,No,45,Yes,Yes,DSL,No,No,Yes,No,No,No,One year,Yes,Mailed check,62.65,2864.81,No,No,25-48 Months
CUST11814,Male,0,Yes,No,9,Yes,Yes,DSL,Yes,No,No,Yes,No,No,Month-to-month,No,Electronic check,69.41,646.29,No,No,0-12 Months
CUST11815,Female,0,Yes,No,6,Yes,No,DSL,No,No,Yes,No,No,No,Month-to-month,Yes,Electronic check,56.32,378.38,No,No,0-12 Months
CUST11816,Male,0,No,Yes,51,Yes,No,Fiber optic,No,No,No,No,Yes,Yes,Month-to-month,Yes,Credit card,82.93,4327.47,No,No,49-72 Months
CUST11817,Female,0,No,No,35,Yes,No,Fiber optic,No,No,Yes,No,Yes,Yes,Month-to-month,Yes,Mailed check,100.53,3514.18,No,No,25-48 Months
CUST11818,Male,0,No,No,53,Yes,No,Fiber optic,No,No,No,No,Yes,No,Month-to-month,Yes,Mailed check,81.01,4323.43,No,No,49-72 Months
CUST11819,Female,0,No,No,19,Yes,Yes,Fiber optic,No,No,No,Yes,Yes,No,Month-to-month,Yes,Mailed check,98.21,1841.5,No,No,13-24 Months
CUST11820,Male,0,Yes,No,69,Yes,No,DSL,No,No,No,Yes,No,No,One year,Yes,Bank transfer,53.25,3675.47,No,No,49-72 Months
CUST11821,Male,0,No,Yes,25,No,No phone service,DSL,No,Yes,Yes,Yes,Yes,Yes,Month-to-month,Yes,Electronic check,71.83,1804.88,No,No,25-48 Months
CUST11822,Male,0,No,No,11,Yes,No,Fiber optic,No,Yes,Yes,Yes,No,No,One year,Yes,Mailed check,95.05,1094.64,Yes,No,0-12 Months
CUST11823,Female,0,No,No,17,Yes,No,DSL,Yes,No,Yes,Yes,No,Yes,One year,No,Mailed check,76.41,1259.22,No,No,13-24 Months
CUST11824,Female,0,Yes,No,36,Yes,No,DSL,Yes,Yes,Yes,No,No,No,Two year,Yes,Credit card,65.53,2349.43,No,No,25-48 Months
CUST11825,Male,0,Yes,Yes,21,Yes,No,Fiber optic,Yes,Yes,Yes,Yes,No,No,One year,No,Mailed check,93.3,1985.87,Yes,No,13-24 Months
CUST11826,Male,0,Yes,No,18,Yes,No,No,No internet service,No internet service,No internet service,No internet service,No internet service,No internet service,Two year,Yes,Electronic check,22.96,402.93,No,No,13-24 Months
CUST11827,Female,0,No,No,60,Yes,Yes,Fiber optic,Yes,No,No,Yes,No,Yes,Month-to-month,No,Mailed check,92.81,5581.17,No,No,49-72 Months
CUST11828,Female,0,Yes,Yes,18,Yes,No,No,No internet service,No internet service,No internet service,No internet service,No internet service,No internet service,One year,Yes,Bank transfer,35.58,545.24,No,No,13-24 Months
CUST11829,Female,0,Yes,No,1,Yes,No,Fiber optic,No,No,No,Yes,Yes,No,Month-to-month,Yes,Electronic check,82.88,126.92,Yes,No,0-12 Months
CUST11830,Male,0,Yes,No,14,Yes,Yes,Fiber optic,No,No,Yes,No,No,No,One year,Yes,Credit card,91.02,1225.6,No,No,13-24 Months
CUST11831,Female,0,Yes,No,8,No,No phone service,DSL,Yes,Yes,Yes,No,Yes,No,Month-to-month,No,Electronic check,66.57,422.2,Yes,No,0-12 Months
CUST11832,Male,0,No,No,66,Yes,Yes,No,No internet service,No internet service,No internet service,No internet service,No internet service,No internet service,One year,Yes,Electronic check,39.28,2615.39,No,No,49-72 Months
CUST11833,Female,0,No,No,51,Yes,No,DSL,No,Yes,No,No,No,No,Month-to-month,Yes,Electronic check,56.96,2931.77,Yes,No,49-72 Months
CUST11834,Male,0,No,No,60,Yes,No,DSL,Yes,Yes,No,No,Yes,No,Month-to-month,Yes,Bank transfer,61.17,3705.17,No,No,49-72 Months
CUST11835,Female,1,Yes,No,34,Yes,Yes,DSL,No,No,No,Yes,Yes,No,One year,Yes,Mailed check,62.25,2152.62,Yes,Yes,25-48 Months
CUST11836,Female,0,No,Yes,36,Yes,No,No,No internet service,No internet service,No internet service,No internet service,No internet service,No internet service,Two year,No,Electronic check,26.71,995.26,Yes,No,25-48 Months
CUST11837,Female,1,Yes,No,62,Yes,No,No,No internet service,No internet service,No internet service,No internet service,No internet service,No internet service,Month-to-month,No,Credit card,38.26,2489.85,No,Yes,49-72 Months
CUST11838,Female,0,Yes,No,1,Yes,Yes,Fiber optic,No,No,Yes,No,No,Yes,Two year,Yes,Electronic check,100.87,167.71,No,No,0-12 Months
CUST11839,Female,0,Yes,No,42,Yes,Yes,Fiber optic,Yes,No,No,Yes,No,Yes,Month-to-month,Yes,Electronic check,99.19,4240.89,Yes,No,25-48 Months
CUST11840,Male,0,Yes,No,1,Yes,No,Fiber optic,No,Yes,No,No,No,Yes,One year,Yes,Electronic check,93.47,139.32,Yes,No,0-12 Months
CUST11841,Female,1,Yes,No,54,Yes,No,No,No internet service,No internet service,No internet service,No internet service,No internet service,No internet service,Two year,No,Credit card,25.33,1436.82,No,Yes,49-72 Months
CUST11842,Female,0,No,No,47,Yes,Yes,Fiber optic,Yes,No,Yes,No,Yes,Yes,Month-to-month,Yes,Bank transfer,104.15,4860.81,No,No,25-48 Months
CUST11843,Female,0,No,No,39,Yes,No,No,No internet service,No internet service,No internet service,No internet service,No internet service,No internet service,Month-to-month,Yes,Bank transfer,37.94,1531.4,No,No,25-48 Months
CUST11844,Male,0,No,No,30,Yes,Yes,DSL,No,No,No,Yes,Yes,No,Month-to-month,Yes,Electronic check,79.51,2478.33,No,No,25-48 Months
CUST11845,Female,0,Yes,Yes,7,Yes,No,DSL,No,Yes,No,No,Yes,No,Month-to-month,Yes,Mailed check,65.86,444.2,Yes,No,0-12 Months
CUST11846,Male,0,Yes,No,22,Yes,Yes,No,No internet service,No internet service,No internet service,No internet service,No internet service,No internet service,One year,No,Bank transfer,29.05,749.16,Yes,No,13-24 Months
CUST11847,Female,0,Yes,No,50,Yes,Yes,DSL,Yes,No,Yes,No,No,No,One year,Yes,Mailed check,73.75,3660.5,No,No,49-72 Months
CUST11848,Female,0,No,No,45,Yes,No,No,No internet service,No internet service,No internet service,No internet service,No internet service,No internet service,Two year,No,Electronic check,28.66,1327.66,No,No,25-48 Months
CUST11849,Male,0,No,No,72,Yes,Yes,Fiber optic,No,No,No,No,No,Yes,Month-to-month,Yes,Credit card,92.61,6587.12,No,No,49-72 Months
CUST11850,Female,0,No,No,10,Yes,No,No,No internet service,No internet service,No internet service,No internet service,No internet service,No internet service,Month-to-month,No,Electronic check,30.5,369.12,No,No,0-12 Months
CUST11851,Male,0,Yes,Yes,14,Yes,No,DSL,Yes,No,No,Yes,No,No,Month-to-month,Yes,Bank transfer,65.03,1008.47,Yes,No,13-24 Months
CUST11852,Male,0,No,No,46,Yes,No,Fiber optic,Yes,No,No,No,No,No,Two year,No,Mailed check,80.23,3688.72,No,No,25-48 Months
CUST11853,Female,1,Yes,No,6,Yes,Yes,Fiber optic,No,No,No,Yes,No,Yes,Month-to-month,Yes,Bank transfer,107.64,539.38,No,Yes,0-12 Months
CUST11854,Male,0,No,Yes,21,Yes,No,Fiber optic,No,No,Yes,Yes,No,No,Two year,No,Electronic check,89.83,1889.28,No,No,13-24 Months
CUST11855,Female,0,No,Yes,62,Yes,Yes,Fiber optic,No,No,No,Yes,Yes,No,Month-to-month,No,Electronic check,87.71,5367.23,No,No,49-72 Months
CUST11856,Female,0,No,No,19,No,No phone service,No,No internet service,No internet service,No internet service,No internet service,No internet service,No internet service,One year,Yes,Bank transfer,18.0,349.36,No,No,13-24 Months
CUST11857,Male,0,No,No,62,Yes,No,Fiber optic,No,No,No,No,No,No,Month-to-month,Yes,Credit card,66.67,4200.42,No,No,49-72 Months
CUST11858,Male,0,Yes,Yes,53,Yes,Yes,DSL,No,Yes,No,No,No,No,Two year,No,Credit card,64.97,3481.45,No,No,49-72 Months
CUST11859,Male,0,No,No,24,Yes,No,No,No internet service,No internet service,No internet service,No internet service,No internet service,No internet service,One year,Yes,Electronic check,34.81,711.31,No,No,13-24 Months
CUST11860,Male,0,No,No,56,Yes,No,DSL,Yes,No,Yes,Yes,Yes,No,One year,No,Electronic check,58.94,3274.57,No,No,49-72 Months
CUST11861,Female,0,Yes,No,62,Yes,Yes,Fiber optic,No,No,Yes,No,No,No,One year,Yes,Bank transfer,93.11,5789.02,No,No,49-72 Months
CUST11862,Female,0,Yes,No,34,Yes,No,DSL,No,No,No,Yes,Yes,Yes,Month-to-month,Yes,Mailed check,70.75,2516.41,Yes,No,25-48 Months
CUST11863,Male,0,Yes,No,22,Yes,Yes,No,No internet service,No internet service,No internet service,No internet service,No internet service,No internet service,Month-to-month,Yes,Bank transfer,45.09,980.08,No,No,13-24 Months
CUST11864,Female,0,Yes,Yes,68,Yes,No,DSL,No,Yes,No,Yes,Yes,No,Two year,Yes,Mailed check,62.16,4266.69,No,No,49-72 Months
CUST11865,Female,1,Yes,Yes,57,Yes,No,DSL,Yes,Yes,No,No,No,No,Month-to-month,Yes,Mailed check,61.45,3516.92,No,Yes,49-72 Months
CUST11866,Female,0,No,No,10,Yes,No,No,No internet service,No internet service,No internet service,No internet service,No internet service,No internet service,Two year,Yes,Bank transfer,31.42,267.19,No,No,0-12 Months
CUST11867,Female,0,Yes,No,66,Yes,Yes,No,No internet service,No internet service,No internet service,No internet service,No internet service,No internet service,One year,No,Electronic check,33.13,2150.38,No,No,49-72 Months
CUST11868,Male,0,Yes,No,8,No,No phone service,DSL,No,Yes,Yes,No,Yes,No,Month-to-month,No,Bank transfer,50.65,389.94,No,No,0-12 Months
CUST11869,Male,0,No,No,38,Yes,Yes,Fiber optic,No,Yes,Yes,No,Yes,Yes,One year,Yes,Mailed check,110.66,4306.72,No,No,25-48 Months
CUST11870,Female,0,No,No,62,Yes,No,No,No internet service,No internet service,No internet service,No internet service,No internet service,No internet service,One year,Yes,Credit card,31.15,1868.83,No,No,49-72 Months
CUST11871,Male,0,No,No,28,Yes,No,DSL,No,Yes,Yes,No,No,No,One year,No,Electronic check,61.97,1720.76,No,No,25-48 Months
CUST11872,Male,0,Yes,Yes,10,Yes,No,No,No internet service,No internet service,No internet service,No internet service,No internet service,No internet service,Two year,Yes,Electronic check,36.81,320.18,Yes,No,0-12 Months
CUST11873,Male,0,No,Yes,45,Yes,No,Fiber optic,No,No,No,Yes,No,No,Month-to-month,No,Credit card,79.8,3695.47,No,No,25-48 Months
CUST11874,Female,0,No,No,65,Yes,No,Fiber optic,Yes,No,No,No,Yes,Yes,Two year,Yes,Mailed check,95.57,6243.03,No,No,49-72 Months
CUST11875,Female,0,Yes,Yes,67,Yes,Yes,Fiber optic,No,No,No,No,Yes,No,Month-to-month,No,Credit card,90.76,6190.71,No,No,49-72 Months
CUST11876,Female,0,Yes,Yes,9,No,No phone service,Fiber optic,No,No,Yes,Yes,No,No,Two year,Yes,Bank transfer,76.9,478.78,No,No,0-12 Months
CUST11877,Male,0,No,No,5,Yes,No,DSL,No,No,Yes,No,No,No,Month-to-month,No,Credit card,47.96,314.0,No,No,0-12 Months
CUST11878,Female,0,No,No,10,Yes,Yes,Fiber optic,Yes,No,No,No,No,Yes,Month-to-month,Yes,Electronic check,93.9,867.02,Yes,No,0-12 Months
CUST11879,Female,0,No,No,12,Yes,No,DSL,No,Yes,No,No,Yes,Yes,One year,Yes,Electronic check,74.79,850.32,Yes,No,0-12 Months
CUST11880,Male,0,No,Yes,58,Yes,No,Fiber optic,No,Yes,No,No,Yes,No,Month-to-month,Yes,Credit card,86.36,4993.72,No,No,49-72 Months
CUST11881,Female,0,No,Yes,21,Yes,No,DSL,Yes,No,Yes,Yes,Yes,No,Two year,Yes,Credit card,69.64,1460.87,No,No,13-24 Months
CUST11882,Female,0,No,No,21,Yes,No,No,No internet service,No internet service,No internet service,No internet service,No internet service,No internet service,Month-to-month,Yes,Bank transfer,34.84,730.35,No,No,13-24 Months
CUST11883,Male,0,Yes,No,65,Yes,No,DSL,Yes,Yes,No,No,No,Yes,Month-to-month,No,Bank transfer,67.07,4302.6,No,No,49-72 Months
CUST11884,Male,0,Yes,No,3,Yes,No,Fiber optic,No,No,Yes,Yes,No,Yes,Month-to-month,Yes,Credit card,88.85,258.17,No,No,0-12 Months
CUST11885,Male,0,Yes,No,69,Yes,No,Fiber optic,No,Yes,No,No,No,Yes,Month-to-month,Yes,Electronic check,82.69,5698.21,Yes,No,49-72 Months
CUST11886,Female,1,No,No,64,Yes,No,Fiber optic,Yes,No,No,No,No,No,One year,Yes,Bank transfer,79.73,4970.55,No,Yes,49-72 Months
CUST11887,Female,0,No,No,49,Yes,Yes,Fiber optic,Yes,No,No,Yes,No,No,Month-to-month,No,Electronic check,88.69,4373.46,Yes,No,49-72 Months
CUST11888,Female,0,No,Yes,72,Yes,No,Fiber optic,Yes,No,No,Yes,No,No,Month-to-month,No,Electronic check,89.51,6445.61,No,No,49-72 Months
CUST11889,Male,0,Yes,No,17,Yes,No,DSL,Yes,Yes,Yes,No,Yes,No,Month-to-month,No,Mailed check,68.2,1174.7,No,No,13-24 Months
CUST11890,Male,0,No,No,32,Yes,No,DSL,No,Yes,Yes,No,Yes,No,Month-to-month,No,Credit card,68.39,2148.74,No,No,25-48 Months
CUST11891,Female,0,Yes,No,70,Yes,Yes,Fiber optic,Yes,No,No,No,Yes,No,Month-to-month,No,Bank transfer,96.1,6728.98,No,No,49-72 Months
CUST11892,Female,1,Yes,No,21,Yes,Yes,No,No internet service,No internet service,No internet service,No internet service,No internet service,No internet service,One year,No,Credit card,40.16,669.95,No,Yes,13-24 Months
CUST11893,Male,1,No,Yes,7,Yes,No,DSL,Yes,No,Yes,Yes,Yes,Yes,One year,Yes,Electronic check,86.85,564.83,No,Yes,0-12 Months
CUST11894,Male,0,No,No,7,Yes,No,DSL,No,No,Yes,No,No,No,One year,Yes,Mailed check,48.24,301.76,No,No,0-12 Months
CUST11895,Male,1,No,No,27,Yes,Yes,DSL,Yes,No,No,No,Yes,No,Two year,Yes,Electronic check,72.04,1941.06,No,Yes,25-48 Months
CUST11896,Male,1,Yes,Yes,8,Yes,No,Fiber optic,No,No,No,No,No,No,Two year,No,Electronic check,78.11,622.52,No,Yes,0-12 Months
CUST11897,Female,0,No,Yes,28,Yes,No,Fiber optic,No,No,No,Yes,Yes,No,Month-to-month,Yes,Electronic check,81.57,2360.21,No,No,25-48 Months
CUST11898,Male,1,Yes,No,66,No,No phone service,No,No internet service,No internet service,No internet service,No internet service,No internet service,No internet service,Month-to-month,Yes,Electronic check,21.3,1317.04,No,Yes,49-72 Months
CUST11899,Female,0,Yes,No,71,Yes,No,DSL,No,No,Yes,No,Yes,Yes,Two year,No,Mailed check,66.9,4807.72,No,No,49-72 Months
CUST11900,Female,0,No,Yes,47,Yes,Yes,DSL,No,Yes,No,Yes,Yes,Yes,One year,Yes,Electronic check,88.01,4296.74,No,No,25-48 Months
CUST11901,Female,0,No,No,10,Yes,No,DSL,No,Yes,Yes,Yes,Yes,No,Month-to-month,No,Mailed check,69.16,652.54,Yes,No,0-12 Months
CUST11902,Male,0,No,Yes,33,Yes,No,Fiber optic,Yes,No,Yes,No,No,Yes,One year,No,Credit card,90.92,3059.12,No,No,25-48 Months
CUST11903,Male,1,Yes,No,7,Yes,No,Fiber optic,No,No,Yes,Yes,No,Yes,Two year,No,Bank transfer,90.1,745.33,No,Yes,0-12 Months
CUST11904,Male,0,No,No,3,Yes,Yes,DSL,No,No,Yes,Yes,No,No,Two year,No,Credit card,62.81,300.92,No,No,0-12 Months
CUST11905,Male,0,Yes,Yes,14,Yes,Yes,No,No internet service,No internet service,No internet service,No internet service,No internet service,No internet service,Month-to-month,No,Credit card,29.25,386.23,No,No,13-24 Months
CUST11906,Female,0,No,No,44,Yes,No,DSL,Yes,Yes,No,No,No,No,Two year,No,Mailed check,55.84,2543.38,No,No,25-48 Months
CUST11907,Male,1,Yes,Yes,46,Yes,Yes,Fiber optic,No,Yes,No,No,Yes,Yes,Two year,Yes,Bank transfer,101.72,4747.88,No,Yes,25-48 Months
CUST11908,Male,1,Yes,No,61,Yes,No,Fiber optic,No,No,No,No,No,Yes,Month-to-month,No,Bank transfer,83.41,5184.59,No,Yes,49-72 Months
CUST11909,Female,0,No,Yes,36,Yes,No,DSL,Yes,Yes,No,No,Yes,Yes,Two year,No,Electronic check,78.06,2865.44,No,No,25-48 Months
CUST11910,Male,0,No,No,13,Yes,No,No,No internet service,No internet service,No internet service,No internet service,No internet service,No internet service,Two year,Yes,Credit card,35.25,551.83,No,No,13-24 Months
CUST11911,Female,0,Yes,Yes,16,Yes,No,No,No internet service,No internet service,No internet service,No internet service,No internet service,No internet service,Month-to-month,Yes,Mailed check,32.0,493.93,No,No,13-24 Months
CUST11912,Female,0,Yes,No,5,Yes,No,Fiber optic,No,No,Yes,No,No,No,One year,Yes,Electronic check,83.98,383.21,No,No,0-12 Months
CUST11913,Female,0,No,No,38,Yes,No,Fiber optic,No,Yes,Yes,Yes,No,No,Month-to-month,Yes,Bank transfer,92.62,3345.17,Yes,No,25-48 Months
CUST11914,Female,0,Yes,Yes,50,Yes,No,DSL,No,No,No,Yes,Yes,Yes,One year,Yes,Bank transfer,63.49,3140.87,No,No,49-72 Months
CUST11915,Female,0,Yes,No,38,Yes,No,Fiber optic,No,No,No,No,No,No,Two year,No,Mailed check,76.91,2897.65,No,No,25-48 Months
CUST11916,Female,0,Yes,Yes,56,Yes,No,DSL,No,Yes,No,Yes,No,Yes,Month-to-month,Yes,Electronic check,67.06,3611.05,No,No,49-72 Months
CUST11917,Female,0,Yes,No,63,No,No phone service,No,No internet service,No internet service,No internet service,No internet service,No internet service,No internet service,Month-to-month,Yes,Mailed check,18.0,1137.58,No,No,49-72 Months
CUST11918,Female,0,No,Yes,48,Yes,No,DSL,Yes,Yes,Yes,No,Yes,Yes,Two year,Yes,Mailed check,79.06,3880.73,No,No,25-48 Months
CUST11919,Male,0,No,No,59,No,No phone service,DSL,Yes,No,No,No,Yes,No,Two year,Yes,Credit card,53.79,3100.38,No,No,49-72 Months
CUST11920,Male,0,No,No,44,Yes,No,DSL,Yes,No,Yes,Yes,Yes,Yes,Month-to-month,Yes,Credit card,77.99,3581.39,No,No,25-48 Months
CUST11921,Male,0,No,No,55,Yes,No,DSL,No,No,Yes,No,No,No,Two year,Yes,Bank transfer,59.96,3327.43,No,No,49-72 Months
CUST11922,Male,0,Yes,No,55,Yes,No,Fiber optic,No,No,Yes,No,Yes,No,Month-to-month,No,Electronic check,88.71,4946.37,No,No,49-72 Months
CUST11923,Female,0,Yes,No,1,Yes,No,DSL,No,Yes,Yes,Yes,No,Yes,Month-to-month,No,Electronic check,76.37,72.46,No,No,0-12 Months
CUST11924,Male,0,Yes,No,8,Yes,No,Fiber optic,No,Yes,Yes,Yes,No,No,One year,No,Mailed check,96.28,699.08,No,No,0-12 Months
CUST11925,Female,0,Yes,No,4,Yes,No,DSL,No,No,Yes,No,No,No,One year,Yes,Mailed check,53.02,255.49,No,No,0-12 Months
CUST11926,Male,0,Yes,No,53,Yes,No,Fiber optic,No,Yes,No,Yes,Yes,No,One year,No,Electronic check,89.78,4818.94,No,No,49-72 Months
CUST11927,Male,0,No,Yes,58,Yes,No,Fiber optic,Yes,No,No,Yes,No,No,Month-to-month,No,Bank transfer,90.78,5251.74,No,No,49-72 Months
CUST11928,Male,0,No,No,37,Yes,No,No,No internet service,No internet service,No internet service,No internet service,No internet service,No internet service,Month-to-month,No,Mailed check,26.15,988.06,No,No,25-48 Months
CUST11929,Female,1,Yes,No,49,Yes,Yes,No,No internet service,No internet service,No internet service,No internet service,No internet service,No internet service,Two year,Yes,Bank transfer,36.51,1788.42,No,Yes,49-72 Months
CUST11930,Male,0,No,No,67,Yes,No,No,No internet service,No internet service,No internet service,No internet service,No internet service,No internet service,Month-to-month,Yes,Electronic check,27.56,1794.71,No,No,49-72 Months
CUST11931,Female,0,No,No,19,Yes,No,Fiber optic,No,No,No,Yes,Yes,No,Month-to-month,Yes,Electronic check,82.05,1585.14,Yes,No,13-24 Months
CUST11932,Female,1,No,Yes,1,Yes,No,Fiber optic,No,Yes,No,No,No,Yes,Two year,No,Bank transfer,89.49,33.06,No,Yes,0-12 Months
CUST11933,Male,0,No,No,29,Yes,Yes,Fiber optic,No,No,No,No,No,No,One year,No,Mailed check,80.66,2400.32,No,No,25-48 Months
CUST11934,Male,0,No,Yes,33,Yes,Yes,No,No internet service,No internet service,No internet service,No internet service,No internet service,No internet service,Month-to-month,Yes,Credit card,32.36,1253.46,Yes,No,25-48 Months
CUST11935,Male,0,No,Yes,52,Yes,No,DSL,Yes,Yes,Yes,No,No,Yes,Month-to-month,Yes,Bank transfer,76.63,2111.56,No,No,49-72 Months
CUST11936,Female,0,No,Yes,41,Yes,Yes,Fiber optic,No,Yes,No,No,No,Yes,Two year,No,Credit card,87.38,3567.68,No,No,25-48 Months
CUST11937,Male,0,No,No,23,Yes,No,DSL,No,No,No,No,No,No,Two year,No,Electronic check,49.26,1160.97,No,No,13-24 Months
CUST11938,Female,0,Yes,Yes,5,Yes,No,Fiber optic,Yes,No,No,No,Yes,Yes,Month-to-month,No,Electronic check,98.45,582.93,No,No,0-12 Months
CUST11939,Female,1,Yes,Yes,71,Yes,No,Fiber optic,Yes,Yes,Yes,No,No,Yes,One year,No,Mailed check,101.58,7204.12,No,Yes,49-72 Months
CUST11940,Male,1,No,No,57,Yes,Yes,Fiber optic,Yes,No,No,Yes,Yes,No,Month-to-month,Yes,Credit card,101.14,5809.52,No,Yes,49-72 Months
CUST11941,Male,0,Yes,Yes,6,Yes,No,Fiber optic,No,No,Yes,No,Yes,No,Two year,Yes,Bank transfer,82.6,553.03,No,No,0-12 Months
CUST11942,Female,0,Yes,Yes,49,Yes,No,No,No internet service,No internet service,No internet service,No internet service,No internet service,No internet service,Month-to-month,No,Mailed check,30.8,1530.3,No,No,49-72 Months
CUST11943,Female,0,No,Yes,22,Yes,No,Fiber optic,Yes,Yes,Yes,Yes,Yes,Yes,One year,No,Electronic check,110.78,2452.33,No,No,13-24 Months
CUST11944,Female,1,Yes,No,4,Yes,Yes,No,No internet service,No internet service,No internet service,No internet service,No internet service,No internet service,Month-to-month,No,Mailed check,34.79,223.26,Yes,Yes,0-12 Months
CUST11945,Male,1,No,No,72,Yes,No,DSL,No,No,Yes,No,No,Yes,Month-to-month,Yes,Mailed check,63.88,4738.2,No,Yes,49-72 Months
CUST11946,Female,0,No,Yes,64,Yes,Yes,Fiber optic,No,No,Yes,Yes,No,Yes,Two year,Yes,Bank transfer,91.61,5855.99,No,No,49-72 Months
CUST11947,Male,0,No,No,37,Yes,No,Fiber optic,No,No,Yes,No,No,Yes,Month-to-month,Yes,Mailed check,78.23,2993.85,No,No,25-48 Months
CUST11948,Female,0,No,No,31,Yes,No,DSL,No,Yes,No,No,No,No,Two year,Yes,Electronic check,51.79,2111.56,No,No,25-48 Months
CUST11949,Female,0,Yes,No,37,Yes,No,Fiber optic,Yes,No,Yes,Yes,No,No,Month-to-month,Yes,Electronic check,93.47,3496.96,Yes,No,25-48 Months
CUST11950,Male,0,No,No,45,Yes,No,Fiber optic,No,No,Yes,Yes,No,No,Month-to-month,No,Electronic check,89.3,3844.04,No,No,25-48 Months
CUST11951,Female,0,No,No,8,Yes,No,Fiber optic,Yes,Yes,Yes,Yes,Yes,No,Month-to-month,No,Mailed check,95.6,702.94,No,No,0-12 Months
CUST11952,Male,0,No,No,40,Yes,Yes,Fiber optic,No,Yes,No,No,No,No,Month-to-month,Yes,Mailed check,94.34,3690.71,No,No,25-48 Months
CUST11953,Male,0,Yes,Yes,5,Yes,No,Fiber optic,Yes,Yes,No,Yes,No,No,Month-to-month,Yes,Mailed check,90.45,583.24,No,No,0-12 Months
CUST11954,Female,0,Yes,Yes,28,Yes,No,DSL,No,Yes,Yes,No,No,No,Two year,No,Bank transfer,52.26,1440.59,No,No,25-48 Months
CUST11955,Male,1,No,No,9,No,No phone service,Fiber optic,No,Yes,Yes,Yes,Yes,No,One year,Yes,Electronic check,88.52,792.78,Yes,Yes,0-12 Months
CUST11956,Male,0,Yes,Yes,2,No,No phone service,DSL,No,No,No,Yes,Yes,No,Two year,No,Mailed check,58.36,99.1,No,No,0-12 Months
CUST11957,Female,0,No,No,63,Yes,No,DSL,No,Yes,No,No,No,No,Month-to-month,Yes,Credit card,52.58,3196.6,No,No,49-72 Months
CUST11958,Male,0,Yes,No,51,Yes,No,DSL,Yes,No,Yes,No,Yes,No,Month-to-month,Yes,Mailed check,71.89,3689.11,No,No,49-72 Months
CUST11959,Male,0,Yes,No,31,Yes,No,DSL,Yes,No,Yes,Yes,No,No,Month-to-month,Yes,Mailed check,72.21,2244.67,Yes,No,25-48 Months
CUST11960,Male,0,Yes,No,7,No,No phone service,DSL,No,No,No,No,Yes,Yes,Two year,Yes,Mailed check,54.2,314.45,No,No,0-12 Months
CUST11961,Female,0,Yes,No,30,Yes,No,DSL,No,No,Yes,No,Yes,No,Month-to-month,Yes,Mailed check,58.27,1858.6,Yes,No,25-48 Months
CUST11962,Male,0,No,Yes,58,Yes,No,DSL,No,Yes,No,Yes,Yes,No,Month-to-month,No,Electronic check,72.85,4333.28,No,No,49-72 Months
CUST11963,Female,0,No,No,3,Yes,Yes,Fiber optic,Yes,No,Yes,Yes,No,No,Month-to-month,No,Electronic check,102.83,207.89,No,No,0-12 Months
CUST11964,Female,0,Yes,No,51,Yes,Yes,DSL,No,No,Yes,No,No,No,Month-to-month,No,Electronic check,55.71,2786.17,No,No,49-72 Months
CUST11965,Male,0,No,No,56,Yes,No,Fiber optic,No,Yes,No,Yes,Yes,No,Month-to-month,No,Credit card,91.49,5161.1,No,No,49-72 Months
CUST11966,Male,0,Yes,No,10,Yes,Yes,No,No internet service,No internet service,No internet service,No internet service,No internet service,No internet service,Month-to-month,Yes,Electronic check,40.6,368.84,No,No,0-12 Months
CUST11967,Male,0,No,No,61,Yes,No,Fiber optic,No,Yes,No,Yes,Yes,Yes,Month-to-month,Yes,Credit card,102.88,6258.32,No,No,49-72 Months
CUST11968,Female,0,Yes,No,50,Yes,No,DSL,No,Yes,Yes,No,No,No,Month-to-month,No,Credit card,58.55,2846.29,No,No,49-72 Months
CUST11969,Male,0,No,No,47,Yes,No,No,No internet service,No internet service,No internet service,No internet service,No internet service,No internet service,One year,Yes,Bank transfer,25.21,1104.11,No,No,25-48 Months
CUST11970,Male,0,No,No,1,Yes,No,DSL,No,Yes,No,Yes,Yes,Yes,Two year,No,Bank transfer,81.85,40.25,No,No,0-12 Months
CUST11971,Male,0,No,No,57,Yes,No,DSL,Yes,Yes,No,Yes,No,No,One year,Yes,Electronic check,65.45,3740.94,No,No,49-72 Months
CUST11972,Male,0,No,No,38,Yes,Yes,No,No internet service,No internet service,No internet service,No internet service,No internet service,No internet service,Month-to-month,No,Bank transfer,36.11,1387.9,Yes,No,25-48 Months
CUST11973,Male,0,No,No,62,Yes,Yes,No,No internet service,No internet service,No internet service,No internet service,No internet service,No internet service,Month-to-month,No,Credit card,34.06,2046.31,Yes,No,49-72 Months
CUST11974,Female,0,No,Yes,70,Yes,Yes,Fiber optic,Yes,Yes,Yes,No,Yes,Yes,Two year,Yes,Electronic check,109.99,7607.56,No,No,49-72 Months
CUST11975,Female,0,No,No,65,Yes,Yes,Fiber optic,No,Yes,No,Yes,No,Yes,Month-to-month,Yes,Electronic check,91.13,5823.88,No,No,49-72 Months
CUST11976,Male,0,No,No,62,Yes,No,Fiber optic,No,No,Yes,No,No,Yes,Month-to-month,Yes,Electronic check,91.99,5782.8,No,No,49-72 Months
CUST11977,Male,1,No,No,56,Yes,No,DSL,No,Yes,Yes,Yes,No,No,Two year,Yes,Bank transfer,63.65,3734.17,No,Yes,49-72 Months
CUST11978,Male,0,Yes,No,67,Yes,Yes,DSL,No,No,Yes,No,No,Yes,Two year,No,Electronic check,58.5,3953.68,No,No,49-72 Months
CUST11979,Male,0,No,Yes,17,Yes,Yes,Fiber optic,No,No,No,No,Yes,Yes,Two year,Yes,Mailed check,91.08,1342.93,No,No,13-24 Months
CUST11980,Female,0,Yes,Yes,8,Yes,No,No,No internet service,No internet service,No internet service,No internet service,No internet service,No internet service,Two year,Yes,Bank transfer,34.79,323.76,No,No,0-12 Months
CUST11981,Male,0,No,Yes,60,Yes,No,DSL,No,No,No,Yes,Yes,Yes,Two year,No,Electronic check,68.29,4192.17,No,No,49-72 Months
CUST11982,Female,0,No,Yes,40,Yes,Yes,Fiber optic,No,Yes,Yes,No,No,Yes,One year,No,Bank transfer,95.06,3750.3,No,No,25-48 Months
CUST11983,Female,0,No,No,62,Yes,No,DSL,Yes,No,Yes,No,No,Yes,Month-to-month,Yes,Electronic check,67.66,4265.42,No,No,49-72 Months
CUST11984,Male,1,Yes,No,41,Yes,Yes,Fiber optic,No,Yes,No,Yes,Yes,Yes,Two year,No,Electronic check,104.51,4370.49,No,Yes,25-48 Months
CUST11985,Female,0,Yes,No,12,Yes,Yes,Fiber optic,No,No,No,No,No,No,Two year,Yes,Electronic check,82.55,1093.76,No,No,0-12 Months
CUST11986,Female,0,No,No,54,Yes,Yes,Fiber optic,Yes,No,No,No,No,No,Month-to-month,No,Credit card,88.6,4737.41,No,No,49-72 Months
CUST11987,Female,0,No,Yes,11,Yes,No,DSL,No,Yes,Yes,No,No,No,Month-to-month,Yes,Credit card,55.92,621.11,No,No,0-12 Months
CUST11988,Female,0,Yes,Yes,60,Yes,Yes,Fiber optic,No,Yes,No,No,Yes,No,Month-to-month,No,Electronic check,91.12,5481.73,No,No,49-72 Months
CUST11989,Male,0,Yes,Yes,68,Yes,Yes,Fiber optic,No,Yes,Yes,Yes,No,No,Two year,No,Electronic check,93.33,6451.78,No,No,49-72 Months
CUST11990,Male,0,No,No,46,Yes,Yes,DSL,Yes,Yes,No,Yes,Yes,No,One year,Yes,Credit card,75.48,3439.1,No,No,25-48 Months
CUST11991,Female,0,No,No,38,Yes,No,DSL,Yes,Yes,Yes,No,No,Yes,Month-to-month,Yes,Bank transfer,68.86,2692.03,No,No,25-48 Months
CUST11992,Male,0,Yes,Yes,61,Yes,Yes,Fiber optic,Yes,No,Yes,No,Yes,No,Month-to-month,Yes,Electronic check,97.55,5972.25,Yes,No,49-72 Months
CUST11993,Male,1,Yes,No,17,Yes,Yes,Fiber optic,Yes,Yes,No,Yes,No,Yes,Two year,No,Mailed check,100.96,1793.13,Yes,Yes,13-24 Months
CUST11994,Male,1,Yes,Yes,66,Yes,Yes,DSL,No,No,No,No,Yes,No,One year,No,Credit card,64.8,4337.42,No,Yes,49-72 Months
CUST11995,Male,0,No,No,72,Yes,Yes,Fiber optic,Yes,No,No,Yes,Yes,No,Month-to-month,No,Electronic check,97.43,6962.64,No,No,49-72 Months
CUST11996,Male,0,Yes,No,36,Yes,No,No,No internet service,No internet service,No internet service,No internet service,No internet service,No internet service,Month-to-month,No,Electronic check,26.47,974.34,Yes,No,25-48 Months
CUST11997,Female,1,Yes,No,7,Yes,Yes,DSL,No,No,No,No,Yes,Yes,Month-to-month,No,Electronic check,61.37,374.37,Yes,Yes,0-12 Months
CUST11998,Male,1,Yes,No,16,No,No phone service,Fiber optic,Yes,No,Yes,No,Yes,No,Month-to-month,No,Bank transfer,77.48,1237.9,Yes,Yes,13-24 Months
CUST11999,Male,0,Yes,No,14,Yes,No,DSL,Yes,No,No,No,No,No,One year,No,Electronic check,53.18,884.33,No,No,13-24 Months
CUST12000,Male,0,No,Yes,25,Yes,Yes,DSL,No,No,No,No,Yes,Yes,Month-to-month,Yes,Credit card,75.79,1860.81,No,No,25-48 Months
CUST12001,Male,0,Yes,No,4,Yes,Yes,DSL,No,No,No,Yes,No,No,Month-to-month,No,Bank transfer,61.65,197.72,No,No,0-12 Months
CUST12002,Female,0,Yes,No,29,Yes,No,Fiber optic,No,Yes,No,Yes,No,No,One year,Yes,Bank transfer,77.43,2230.79,No,No,25-48 Months
CUST12003,Female,1,Yes,No,56,Yes,No,No,No internet service,No internet service,No internet service,No internet service,No internet service,No internet service,Month-to-month,No,Electronic check,30.49,1761.46,No,Yes,49-72 Months
CUST12004,Female,0,Yes,No,6,Yes,No,DSL,No,No,No,No,No,Yes,Two year,Yes,Credit card,54.74,381.85,No,No,0-12 Months
CUST12005,Female,1,Yes,No,1,Yes,No,Fiber optic,No,No,No,Yes,Yes,Yes,Month-to-month,Yes,Mailed check,96.85,125.67,No,Yes,0-12 Months
CUST12006,Male,0,No,No,39,Yes,No,Fiber optic,No,No,No,No,No,No,Month-to-month,Yes,Mailed check,67.69,2576.07,No,No,25-48 Months
CUST12007,Female,1,No,Yes,1,Yes,No,DSL,No,No,No,No,Yes,No,Month-to-month,No,Credit card,63.06,43.18,No,Yes,0-12 Months
CUST12008,Male,0,No,No,63,Yes,No,Fiber optic,Yes,Yes,Yes,No,No,Yes,Month-to-month,Yes,Credit card,99.24,6364.42,Yes,No,49-72 Months
CUST12009,Male,1,No,Yes,57,Yes,No,Fiber optic,No,No,No,Yes,Yes,No,Month-to-month,No,Mailed check,85.96,4778.11,Yes,Yes,49-72 Months
CUST12010,Male,0,No,Yes,67,Yes,Yes,No,No internet service,No internet service,No internet service,No internet service,No internet service,No internet service,Month-to-month,Yes,Mailed check,29.28,1982.5,No,No,49-72 Months
CUST12011,Male,0,Yes,No,65,Yes,Yes,No,No internet service,No internet service,No internet service,No internet service,No internet service,No internet service,One year,Yes,Electronic check,29.7,1912.67,No,No,49-72 Months
CUST12012,Male,0,No,No,65,Yes,No,DSL,Yes,No,No,Yes,No,Yes,Month-to-month,Yes,Credit card,70.43,4615.21,No,No,49-72 Months
CUST12013,Female,1,No,Yes,21,Yes,No,Fiber optic,No,Yes,No,No,Yes,No,Month-to-month,Yes,Credit card,91.02,1922.15,No,Yes,13-24 Months
CUST12014,Female,0,No,No,30,Yes,No,DSL,Yes,No,No,Yes,No,No,Two year,Yes,Electronic check,65.21,1836.14,No,No,25-48 Months
CUST12015,Female,1,No,No,33,Yes,No,Fiber optic,No,Yes,Yes,No,Yes,No,Month-to-month,Yes,Bank transfer,100.34,3358.18,No,Yes,25-48 Months
CUST12016,Female,1,Yes,Yes,48,Yes,No,No,No internet service,No internet service,No internet service,No internet service,No internet service,No internet service,One year,Yes,Bank transfer,33.75,1541.75,No,Yes,25-48 Months
CUST12017,Male,0,No,No,22,No,No phone service,DSL,No,No,Yes,No,Yes,No,Month-to-month,Yes,Electronic check,54.04,1094.32,No,No,13-24 Months
CUST12018,Female,0,No,No,54,No,No phone service,Fiber optic,Yes,No,No,Yes,No,Yes,Month-to-month,Yes,Bank transfer,93.94,5076.94,No,No,49-72 Months
CUST12019,Male,0,No,No,4,Yes,No,Fiber optic,No,Yes,Yes,Yes,No,Yes,Month-to-month,No,Electronic check,94.27,344.2,Yes,No,0-12 Months
CUST12020,Female,0,Yes,No,55,Yes,Yes,Fiber optic,Yes,Yes,No,No,No,No,Month-to-month,Yes,Credit card,91.5,4968.45,Yes,No,49-72 Months
CUST12021,Male,0,Yes,No,44,Yes,No,DSL,Yes,Yes,No,No,Yes,Yes,Two year,Yes,Electronic check,66.29,2885.83,No,No,25-48 Months
CUST12022,Male,0,Yes,No,12,Yes,No,No,No internet service,No internet service,No internet service,No internet service,No internet service,No internet service,Month-to-month,Yes,Bank transfer,33.12,338.81,No,No,0-12 Months
CUST12023,Female,0,No,No,52,Yes,No,Fiber optic,No,No,Yes,No,No,No,One year,Yes,Electronic check,78.98,4230.84,No,No,49-72 Months
CUST12024,Male,0,Yes,No,65,Yes,Yes,DSL,No,No,Yes,No,No,No,One year,Yes,Electronic check,58.9,3853.55,No,No,49-72 Months
CUST12025,Male,0,Yes,Yes,65,Yes,No,DSL,No,Yes,No,No,Yes,Yes,Month-to-month,No,Electronic check,66.0,4277.53,No,No,49-72 Months
CUST12026,Female,0,No,No,10,Yes,Yes,Fiber optic,No,Yes,Yes,No,Yes,No,One year,No,Bank transfer,95.03,1010.95,No,No,0-12 Months
CUST12027,Male,1,Yes,No,18,No,No phone service,DSL,No,No,No,Yes,No,Yes,Month-to-month,Yes,Electronic check,51.16,905.69,Yes,Yes,13-24 Months
CUST12028,Female,0,No,Yes,47,Yes,No,DSL,No,No,No,No,No,No,One year,Yes,Bank transfer,42.79,1990.39,No,No,25-48 Months
CUST12029,Female,1,Yes,No,66,Yes,Yes,Fiber optic,No,Yes,Yes,Yes,No,Yes,Two year,Yes,Mailed check,97.24,6492.58,No,Yes,49-72 Months
CUST12030,Female,0,No,No,49,Yes,Yes,Fiber optic,Yes,Yes,Yes,No,No,Yes,Month-to-month,Yes,Bank transfer,98.46,4769.22,No,No,49-72 Months
CUST12031,Male,0,No,Yes,72,No,No phone service,Fiber optic,Yes,No,No,No,Yes,No,Month-to-month,Yes,Mailed check,73.9,5238.95,No,No,49-72 Months
CUST12032,Male,0,No,No,22,Yes,No,Fiber optic,Yes,No,Yes,Yes,No,No,Month-to-month,Yes,Electronic check,87.68,1981.44,Yes,No,13-24 Months
CUST12033,Male,0,No,No,26,Yes,Yes,Fiber optic,No,No,No,No,No,No,Month-to-month,No,Electronic check,71.76,1878.75,No,No,25-48 Months
CUST12034,Female,0,Yes,No,9,No,No phone service,No,No internet service,No internet service,No internet service,No internet service,No internet service,No internet service,Month-to-month,Yes,Mailed check,18.0,174.36,Yes,No,0-12 Months
CUST12035,Male,0,Yes,No,21,Yes,No,DSL,Yes,No,No,No,No,No,Two year,Yes,Bank transfer,50.79,1038.63,No,No,13-24 Months
CUST12036,Female,0,Yes,No,63,Yes,No,Fiber optic,Yes,No,No,Yes,No,No,Month-to-month,No,Bank transfer,88.91,5649.23,No,No,49-72 Months
CUST12037,Female,0,No,No,6,Yes,No,No,No internet service,No internet service,No internet service,No internet service,No internet service,No internet service,Month-to-month,Yes,Electronic check,25.5,43.38,No,No,0-12 Months
CUST12038,Male,0,No,No,14,No,No phone service,Fiber optic,No,No,Yes,No,No,No,Month-to-month,Yes,Bank transfer,75.02,895.31,No,No,13-24 Months
CUST12039,Female,0,Yes,Yes,33,Yes,Yes,Fiber optic,Yes,No,No,Yes,Yes,Yes,Month-to-month,No,Electronic check,114.71,3753.65,No,No,25-48 Months
CUST12040,Male,0,No,No,71,Yes,Yes,DSL,No,Yes,No,No,Yes,Yes,Month-to-month,Yes,Electronic check,81.83,5860.58,No,No,49-72 Months
CUST12041,Male,0,Yes,Yes,24,Yes,No,Fiber optic,Yes,Yes,No,Yes,Yes,Yes,Month-to-month,No,Mailed check,99.09,2477.76,No,No,13-24 Months
CUST12042,Male,0,No,No,51,Yes,No,Fiber optic,Yes,Yes,No,No,No,Yes,Month-to-month,Yes,Electronic check,94.6,4868.3,No,No,49-72 Months
CUST12043,Male,0,No,No,2,Yes,Yes,Fiber optic,Yes,No,No,Yes,Yes,Yes,Month-to-month,Yes,Bank transfer,101.18,128.55,No,No,0-12 Months
CUST12044,Male,0,Yes,No,15,Yes,Yes,No,No internet service,No internet service,No internet service,No internet service,No internet service,No internet service,One year,No,Credit card,32.87,419.92,No,No,13-24 Months
CUST12045,Female,1,No,No,35,Yes,No,DSL,No,No,Yes,Yes,No,Yes,Two year,Yes,Electronic check,63.21,2309.12,No,Yes,25-48 Months
CUST12046,Female,0,Yes,Yes,36,Yes,No,DSL,No,Yes,No,No,Yes,No,Month-to-month,Yes,Bank transfer,62.68,2328.94,No,No,25-48 Months
CUST12047,Female,0,No,Yes,39,Yes,No,DSL,Yes,No,No,No,Yes,Yes,Two year,Yes,Credit card,64.63,2564.56,No,No,25-48 Months
CUST12048,Male,0,No,Yes,4,Yes,No,Fiber optic,Yes,Yes,No,Yes,No,No,Month-to-month,No,Electronic check,90.19,434.42,Yes,No,0-12 Months
CUST12049,Male,0,Yes,No,64,Yes,No,DSL,No,Yes,Yes,No,No,No,One year,No,Mailed check,66.31,4257.49,No,No,49-72 Months
CUST12050,Male,0,Yes,No,6,Yes,No,Fiber optic,No,Yes,Yes,Yes,Yes,No,Month-to-month,Yes,Electronic check,91.49,532.29,Yes,No,0-12 Months
CUST12051,Female,0,Yes,Yes,57,Yes,No,DSL,No,No,No,No,No,Yes,Two year,No,Bank transfer,48.96,2777.87,No,No,49-72 Months
CUST12052,Male,0,No,No,30,Yes,No,Fiber optic,No,No,Yes,No,No,No,Two year,No,Bank transfer,76.8,2354.97,No,No,25-48 Months
CUST12053,Female,0,No,No,67,Yes,No,DSL,No,No,Yes,No,Yes,No,One year,No,Bank transfer,69.14,4651.35,No,No,49-72 Months
CUST12054,Female,0,Yes,No,15,Yes,Yes,No,No internet service,No internet service,No internet service,No internet service,No internet service,No internet service,Two year,Yes,Mailed check,40.44,449.41,No,No,13-24 Months
CUST12055,Male,0,No,No,17,Yes,Yes,Fiber optic,No,No,No,Yes,Yes,No,One year,No,Bank transfer,89.73,1595.97,No,No,13-24 Months
CUST12056,Male,0,No,No,18,Yes,No,No,No internet service,No internet service,No internet service,No internet service,No internet service,No internet service,Month-to-month,Yes,Electronic check,24.77,492.78,Yes,No,13-24 Months
CUST12057,Female,0,Yes,Yes,19,Yes,No,Fiber optic,No,No,No,No,No,Yes,One year,No,Credit card,83.62,1614.82,No,No,13-24 Months
CUST12058,Male,0,Yes,No,69,Yes,Yes,DSL,No,No,Yes,No,Yes,Yes,Month-to-month,Yes,Electronic check,76.49,5390.41,No,No,49-72 Months
CUST12059,Female,0,No,No,24,Yes,Yes,DSL,Yes,Yes,No,Yes,No,Yes,Month-to-month,Yes,Electronic check,82.11,1906.13,No,No,13-24 Months
CUST12060,Male,0,No,No,48,No,No phone service,No,No internet service,No internet service,No internet service,No internet service,No internet service,No internet service,Month-to-month,No,Credit card,18.0,778.71,No,No,25-48 Months
CUST12061,Male,0,Yes,No,30,Yes,No,Fiber optic,Yes,Yes,No,Yes,No,Yes,One year,No,Credit card,96.58,2937.5,No,No,25-48 Months
CUST12062,Female,0,Yes,Yes,15,Yes,Yes,DSL,Yes,Yes,No,Yes,Yes,No,Month-to-month,Yes,Bank transfer,83.48,1191.66,No,No,13-24 Months
CUST12063,Male,0,Yes,No,47,Yes,Yes,Fiber optic,Yes,No,No,Yes,Yes,No,One year,Yes,Electronic check,104.64,5051.55,No,No,25-48 Months
CUST12064,Female,0,No,No,44,Yes,No,Fiber optic,Yes,Yes,Yes,Yes,Yes,Yes,One year,Yes,Credit card,102.81,4468.01,No,No,25-48 Months
CUST12065,Male,0,Yes,No,27,Yes,Yes,DSL,Yes,Yes,No,Yes,No,Yes,Month-to-month,Yes,Bank transfer,78.57,2063.99,No,No,25-48 Months
CUST12066,Female,0,Yes,No,64,Yes,No,DSL,No,No,Yes,No,No,Yes,Month-to-month,Yes,Bank transfer,60.57,3844.26,No,No,49-72 Months
CUST12067,Female,0,No,No,41,Yes,Yes,No,No internet service,No internet service,No internet service,No internet service,No internet service,No internet service,Two year,Yes,Credit card,32.82,1321.68,No,No,25-48 Months
CUST12068,Male,0,No,No,68,Yes,Yes,DSL,No,Yes,Yes,Yes,No,Yes,Two year,Yes,Electronic check,75.32,5092.45,No,No,49-72 Months
CUST12069,Female,0,Yes,No,5,Yes,Yes,DSL,No,No,No,Yes,Yes,No,Month-to-month,Yes,Mailed check,71.84,338.13,No,No,0-12 Months
CUST12070,Male,1,Yes,No,53,Yes,Yes,DSL,No,No,Yes,Yes,Yes,No,Month-to-month,Yes,Bank transfer,70.17,3690.03,No,Yes,49-72 Months
CUST12071,Male,0,No,No,8,Yes,Yes,DSL,Yes,Yes,No,No,Yes,Yes,Month-to-month,No,Mailed check,80.38,518.61,No,No,0-12 Months
CUST12072,Male,0,Yes,Yes,22,Yes,Yes,Fiber optic,No,Yes,Yes,Yes,Yes,Yes,Month-to-month,Yes,Electronic check,113.43,2535.91,Yes,No,13-24 Months
CUST12073,Female,1,Yes,Yes,7,Yes,No,DSL,No,Yes,Yes,No,No,No,Month-to-month,No,Electronic check,68.76,446.48,No,Yes,0-12 Months
CUST12074,Female,1,No,Yes,22,Yes,Yes,DSL,Yes,Yes,No,No,No,Yes,Two year,No,Bank transfer,75.5,1648.69,No,Yes,13-24 Months
CUST12075,Male,1,Yes,No,46,Yes,No,No,No internet service,No internet service,No internet service,No internet service,No internet service,No internet service,Two year,Yes,Electronic check,33.6,1448.66,No,Yes,25-48 Months
CUST12076,Male,0,No,No,30,No,No phone service,DSL,Yes,No,No,No,No,No,Two year,Yes,Electronic check,46.31,1267.48,No,No,25-48 Months
CUST12077,Female,0,No,No,16,Yes,No,Fiber optic,Yes,No,Yes,Yes,No,No,Month-to-month,Yes,Electronic check,88.97,1416.03,Yes,No,13-24 Months
CUST12078,Male,0,Yes,No,5,Yes,Yes,Fiber optic,Yes,Yes,No,No,Yes,No,Month-to-month,Yes,Electronic check,97.88,613.79,Yes,No,0-12 Months
CUST12079,Male,0,Yes,Yes,67,Yes,Yes,Fiber optic,Yes,Yes,Yes,Yes,Yes,Yes,One year,Yes,Electronic check,115.42,7854.69,No,No,49-72 Months
CUST12080,Female,0,No,Yes,23,Yes,No,No,No internet service,No internet service,No internet service,No internet service,No internet service,No internet service,One year,Yes,Electronic check,19.3,371.26,No,No,13-24 Months
CUST12081,Male,0,No,Yes,61,Yes,No,DSL,Yes,No,Yes,No,Yes,Yes,Month-to-month,No,Credit card,72.36,4355.05,No,No,49-72 Months
CUST12082,Female,0,No,No,5,Yes,No,No,No internet service,No internet service,No internet service,No internet service,No internet service,No internet service,One year,Yes,Electronic check,32.19,174.57,No,No,0-12 Months
CUST12083,Male,0,No,Yes,23,No,No phone service,Fiber optic,Yes,Yes,Yes,No,Yes,No,One year,No,Bank transfer,83.32,1702.97,No,No,13-24 Months
CUST12084,Female,1,Yes,Yes,25,Yes,No,Fiber optic,Yes,Yes,Yes,No,No,Yes,One year,Yes,Bank transfer,104.26,2559.71,No,Yes,25-48 Months
CUST12085,Male,0,No,No,8,Yes,No,DSL,No,No,Yes,No,Yes,Yes,Month-to-month,Yes,Bank transfer,69.63,574.82,Yes,No,0-12 Months
CUST12086,Male,0,Yes,No,21,Yes,No,DSL,Yes,No,No,No,No,No,One year,Yes,Electronic check,54.34,1122.84,No,No,13-24 Months
CUST12087,Female,0,Yes,Yes,2,Yes,No,Fiber optic,Yes,No,No,Yes,No,No,Month-to-month,Yes,Credit card,89.18,26.42,Yes,No,0-12 Months
CUST12088,Male,0,Yes,No,22,Yes,No,No,No internet service,No internet service,No internet service,No internet service,No internet service,No internet service,One year,No,Mailed check,32.82,575.75,No,No,13-24 Months
CUST12089,Female,0,Yes,No,72,Yes,No,Fiber optic,No,No,Yes,Yes,Yes,No,Month-to-month,Yes,Electronic check,97.66,6917.33,No,No,49-72 Months
CUST12090,Male,0,No,No,72,Yes,Yes,DSL,No,Yes,No,No,No,Yes,Month-to-month,Yes,Mailed check,75.64,5439.74,No,No,49-72 Months
CUST12091,Female,1,Yes,No,68,Yes,Yes,DSL,Yes,No,Yes,No,No,No,Month-to-month,Yes,Electronic check,74.33,4987.33,No,Yes,49-72 Months
CUST12092,Female,0,Yes,Yes,64,Yes,No,Fiber optic,No,Yes,Yes,No,Yes,Yes,Month-to-month,Yes,Mailed check,101.28,6606.77,No,No,49-72 Months
CUST12093,Female,0,Yes,No,19,Yes,No,Fiber optic,Yes,No,Yes,No,No,Yes,Two year,No,Mailed check,86.82,1542.57,No,No,13-24 Months
CUST12094,Female,0,No,No,53,Yes,No,DSL,Yes,No,Yes,Yes,Yes,No,Month-to-month,No,Mailed check,70.81,3851.08,No,No,49-72 Months
CUST12095,Male,0,No,Yes,52,Yes,No,DSL,Yes,Yes,No,No,No,Yes,Two year,No,Bank transfer,75.19,3813.9,No,No,49-72 Months
CUST12096,Male,0,Yes,No,47,No,No phone service,Fiber optic,No,Yes,Yes,No,Yes,Yes,Month-to-month,Yes,Credit card,90.3,4445.23,No,No,25-48 Months
CUST12097,Female,0,Yes,No,54,Yes,Yes,Fiber optic,Yes,Yes,No,No,Yes,Yes,Month-to-month,Yes,Mailed check,103.83,5659.75,No,No,49-72 Months
CUST12098,Female,0,Yes,No,44,Yes,Yes,Fiber optic,No,Yes,No,No,No,No,One year,Yes,Mailed check,84.28,3530.76,No,No,25-48 Months
CUST12099,Female,0,No,Yes,7,Yes,No,No,No internet service,No internet service,No internet service,No internet service,No internet service,No internet service,Month-to-month,No,Bank transfer,24.61,269.64,Yes,No,0-12 Months
CUST12100,Male,0,No,No,1,Yes,No,Fiber optic,Yes,Yes,No,No,No,No,One year,Yes,Mailed check,89.6,52.63,Yes,No,0-12 Months
CUST12101,Male,0,No,Yes,63,Yes,Yes,DSL,No,No,No,No,Yes,No,Month-to-month,No,Mailed check,61.74,3963.95,No,No,49-72 Months
CUST12102,Male,0,No,No,39,Yes,No,Fiber optic,Yes,No,Yes,No,Yes,No,Two year,No,Credit card,87.09,3395.48,No,No,25-48 Months
CUST12103,Male,0,Yes,Yes,19,Yes,Yes,No,No internet service,No internet service,No internet service,No internet service,No internet service,No internet service,Month-to-month,No,Credit card,32.65,591.95,No,No,13-24 Months
CUST12104,Female,0,No,Yes,31,Yes,Yes,No,No internet service,No internet service,No internet service,No internet service,No internet service,No internet service,One year,Yes,Bank transfer,23.95,722.26,No,No,25-48 Months
CUST12105,Female,0,No,No,24,Yes,No,No,No internet service,No internet service,No internet service,No internet service,No internet service,No internet service,Month-to-month,Yes,Electronic check,33.53,711.03,Yes,No,13-24 Months
CUST12106,Female,0,Yes,No,69,Yes,Yes,DSL,No,Yes,Yes,Yes,No,No,One year,No,Mailed check,70.81,4850.84,No,No,49-72 Months
CUST12107,Male,0,Yes,No,65,No,No phone service,Fiber optic,No,Yes,No,Yes,Yes,No,One year,No,Mailed check,75.86,4827.29,No,No,49-72 Months
CUST12108,Male,0,No,No,33,No,No phone service,No,No internet service,No internet service,No internet service,No internet service,No internet service,No internet service,Month-to-month,No,Mailed check,26.94,851.11,Yes,No,25-48 Months
CUST12109,Male,1,No,Yes,59,No,No phone service,Fiber optic,No,Yes,Yes,No,No,Yes,Month-to-month,Yes,Electronic check,82.23,4867.33,No,Yes,49-72 Months
CUST12110,Female,1,Yes,No,33,Yes,Yes,DSL,Yes,Yes,Yes,No,No,Yes,One year,No,Mailed check,67.79,2321.78,No,Yes,25-48 Months
CUST12111,Female,0,No,No,32,Yes,No,No,No internet service,No internet service,No internet service,No internet service,No internet service,No internet service,Two year,Yes,Mailed check,33.61,1194.41,No,No,25-48 Months
CUST12112,Male,0,No,Yes,59,Yes,No,Fiber optic,No,Yes,No,Yes,No,No,Month-to-month,Yes,Electronic check,79.95,4715.83,No,No,49-72 Months
CUST12113,Female,0,Yes,No,41,Yes,No,DSL,No,No,Yes,No,No,Yes,One year,No,Credit card,64.98,2573.99,No,No,25-48 Months
CUST12114,Male,0,Yes,Yes,12,Yes,No,DSL,Yes,Yes,No,No,No,Yes,Month-to-month,Yes,Credit card,69.53,830.17,Yes,No,0-12 Months
CUST12115,Male,0,Yes,No,11,Yes,Yes,Fiber optic,No,No,Yes,No,No,No,Month-to-month,No,Bank transfer,87.69,951.61,Yes,No,0-12 Months
CUST12116,Female,0,No,No,19,Yes,Yes,Fiber optic,No,No,No,No,No,No,Two year,Yes,Mailed check,75.74,1544.51,No,No,13-24 Months
CUST12117,Male,0,Yes,No,54,Yes,No,DSL,No,No,No,Yes,Yes,No,One year,Yes,Mailed check,55.84,3085.23,No,No,49-72 Months
CUST12118,Female,1,Yes,No,57,No,No phone service,Fiber optic,Yes,Yes,Yes,No,No,No,Two year,Yes,Bank transfer,79.76,4564.67,No,Yes,49-72 Months
CUST12119,Male,0,No,No,42,Yes,Yes,Fiber optic,No,No,No,Yes,No,No,Month-to-month,Yes,Bank transfer,82.29,3577.97,No,No,25-48 Months
CUST12120,Female,0,No,Yes,71,Yes,Yes,Fiber optic,Yes,No,No,No,No,No,Month-to-month,Yes,Bank transfer,93.1,6569.37,No,No,49-72 Months
CUST12121,Female,0,Yes,No,31,Yes,No,DSL,No,Yes,No,Yes,No,Yes,One year,Yes,Electronic check,66.49,2111.42,No,No,25-48 Months
CUST12122,Female,0,Yes,Yes,52,Yes,Yes,Fiber optic,No,Yes,No,No,Yes,No,Two year,No,Bank transfer,88.98,4586.34,No,No,49-72 Months
CUST12123,Male,0,No,No,2,Yes,Yes,DSL,No,No,No,No,No,Yes,Two year,Yes,Credit card,68.99,100.26,No,No,0-12 Months
CUST12124,Male,1,No,No,38,Yes,Yes,DSL,Yes,Yes,Yes,No,No,Yes,Month-to-month,No,Electronic check,69.45,2473.51,No,Yes,25-48 Months
CUST12125,Female,0,No,No,32,Yes,Yes,Fiber optic,No,No,Yes,No,Yes,No,Month-to-month,Yes,Electronic check,93.34,2994.98,Yes,No,25-48 Months
CUST12126,Female,0,Yes,No,10,No,No phone service,No,No internet service,No internet service,No internet service,No internet service,No internet service,No internet service,Month-to-month,No,Mailed check,22.78,238.14,No,No,0-12 Months
CUST12127,Male,0,No,No,8,Yes,Yes,Fiber optic,Yes,Yes,No,Yes,Yes,Yes,One year,Yes,Bank transfer,105.86,835.88,No,No,0-12 Months
CUST12128,Male,1,No,No,20,Yes,Yes,DSL,No,Yes,Yes,No,Yes,Yes,Month-to-month,Yes,Electronic check,78.84,1613.08,No,Yes,13-24 Months
CUST12129,Male,0,No,Yes,20,No,No phone service,Fiber optic,No,Yes,Yes,Yes,No,No,Month-to-month,No,Credit card,76.63,1612.52,No,No,13-24 Months
CUST12130,Female,0,No,No,9,Yes,Yes,Fiber optic,No,Yes,Yes,Yes,No,Yes,One year,Yes,Electronic check,98.38,883.99,No,No,0-12 Months
CUST12131,Male,0,Yes,Yes,72,Yes,No,No,No internet service,No internet service,No internet service,No internet service,No internet service,No internet service,One year,No,Credit card,30.38,2235.8,No,No,49-72 Months
CUST12132,Male,0,Yes,No,15,Yes,Yes,No,No internet service,No internet service,No internet service,No internet service,No internet service,No internet service,Two year,Yes,Electronic check,41.26,648.72,No,No,13-24 Months
CUST12133,Female,0,No,Yes,63,Yes,No,DSL,Yes,No,No,No,No,No,Two year,No,Electronic check,65.02,4182.29,No,No,49-72 Months
CUST12134,Male,0,No,No,21,Yes,Yes,DSL,Yes,No,No,No,No,Yes,Month-to-month,Yes,Credit card,72.81,1571.66,Yes,No,13-24 Months
CUST12135,Male,0,No,Yes,5,Yes,Yes,DSL,Yes,No,No,No,No,Yes,Two year,Yes,Credit card,67.65,484.07,Yes,No,0-12 Months
CUST12136,Male,0,Yes,Yes,35,Yes,Yes,Fiber optic,No,No,No,No,No,No,One year,Yes,Credit card,87.57,3086.26,No,No,25-48 Months
CUST12137,Female,1,No,No,68,Yes,Yes,DSL,Yes,Yes,No,No,Yes,No,Two year,Yes,Electronic check,68.35,4573.11,No,Yes,49-72 Months
CUST12138,Female,0,No,Yes,48,Yes,No,DSL,No,No,No,No,Yes,No,Month-to-month,Yes,Mailed check,54.32,2708.23,No,No,25-48 Months
CUST12139,Female,0,Yes,No,62,Yes,No,Fiber optic,No,No,Yes,No,No,No,Month-to-month,Yes,Electronic check,84.76,5306.63,No,No,49-72 Months
CUST12140,Female,0,Yes,Yes,35,Yes,No,DSL,Yes,No,Yes,No,Yes,No,One year,Yes,Electronic check,63.71,2267.86,No,No,25-48 Months
CUST12141,Female,0,No,No,70,No,No phone service,DSL,Yes,No,No,No,Yes,No,Two year,No,Electronic check,52.29,3536.79,No,No,49-72 Months
CUST12142,Female,1,No,No,21,Yes,Yes,Fiber optic,Yes,No,Yes,No,Yes,Yes,Two year,No,Electronic check,102.49,2271.49,No,Yes,13-24 Months
CUST12143,Female,0,No,No,39,Yes,Yes,DSL,Yes,Yes,No,No,Yes,Yes,One year,Yes,Credit card,79.92,3197.08,No,No,25-48 Months
CUST12144,Male,0,No,Yes,34,Yes,No,Fiber optic,No,No,No,Yes,No,Yes,Month-to-month,Yes,Electronic check,86.65,2971.35,No,No,25-48 Months
CUST12145,Male,0,Yes,No,15,Yes,Yes,No,No internet service,No internet service,No internet service,No internet service,No internet service,No internet service,One year,Yes,Bank transfer,39.36,362.6,No,No,13-24 Months
CUST12146,Female,0,Yes,No,6,Yes,Yes,DSL,No,Yes,No,No,No,Yes,Two year,No,Bank transfer,69.83,391.91,No,No,0-12 Months
CUST12147,Male,0,No,No,66,Yes,Yes,Fiber optic,No,No,Yes,No,No,Yes,One year,Yes,Electronic check,97.57,6592.96,No,No,49-72 Months
CUST12148,Male,0,No,No,56,Yes,Yes,No,No internet service,No internet service,No internet service,No internet service,No internet service,No internet service,One year,No,Credit card,38.96,2219.95,No,No,49-72 Months
CUST12149,Female,0,No,No,49,Yes,No,No,No internet service,No internet service,No internet service,No internet service,No internet service,No internet service,Month-to-month,Yes,Mailed check,29.0,1324.24,No,No,49-72 Months
CUST12150,Male,1,No,Yes,1,Yes,No,Fiber optic,Yes,Yes,Yes,Yes,No,Yes,One year,Yes,Credit card,98.95,54.37,Yes,Yes,0-12 Months
CUST12151,Male,0,Yes,Yes,65,Yes,No,Fiber optic,No,No,No,Yes,No,No,Month-to-month,Yes,Credit card,75.43,4870.88,No,No,49-72 Months
CUST12152,Male,0,No,Yes,28,Yes,No,DSL,Yes,No,Yes,No,No,No,Two year,Yes,Credit card,46.36,1388.47,No,No,25-48 Months
CUST12153,Male,0,Yes,Yes,20,Yes,No,Fiber optic,Yes,No,No,Yes,Yes,Yes,One year,Yes,Bank transfer,98.42,1847.77,Yes,No,13-24 Months
CUST12154,Male,0,Yes,Yes,48,Yes,Yes,No,No internet service,No internet service,No internet service,No internet service,No internet service,No internet service,One year,No,Electronic check,31.28,1586.24,No,No,25-48 Months
CUST12155,Female,0,Yes,No,72,Yes,No,Fiber optic,No,No,No,No,No,No,Two year,Yes,Electronic check,70.62,5147.76,No,No,49-72 Months
CUST12156,Female,0,Yes,No,65,Yes,Yes,Fiber optic,No,No,No,Yes,Yes,No,Month-to-month,Yes,Bank transfer,92.5,6191.71,No,No,49-72 Months
CUST12157,Female,0,Yes,No,51,Yes,Yes,DSL,Yes,No,No,Yes,No,Yes,Month-to-month,No,Mailed check,71.39,3683.76,No,No,49-72 Months
CUST12158,Male,0,Yes,Yes,43,Yes,No,Fiber optic,No,Yes,No,No,No,No,One year,Yes,Credit card,82.74,3458.6,No,No,25-48 Months
CUST12159,Female,0,Yes,No,49,Yes,No,Fiber optic,No,No,No,Yes,Yes,Yes,Month-to-month,Yes,Bank transfer,93.17,4561.33,No,No,49-72 Months
CUST12160,Male,1,Yes,No,25,Yes,No,Fiber optic,No,No,Yes,No,Yes,No,Month-to-month,No,Electronic check,95.13,2299.03,Yes,Yes,25-48 Months
CUST12161,Male,0,No,No,41,Yes,No,DSL,Yes,No,Yes,No,Yes,Yes,Two year,No,Electronic check,84.97,3514.89,No,No,25-48 Months
CUST12162,Male,0,Yes,Yes,71,Yes,Yes,Fiber optic,No,No,No,No,Yes,No,One year,Yes,Electronic check,87.47,6349.76,No,No,49-72 Months
CUST12163,Male,0,Yes,Yes,64,Yes,Yes,Fiber optic,No,Yes,No,No,No,No,Month-to-month,No,Bank transfer,82.77,5228.32,Yes,No,49-72 Months
CUST12164,Female,0,No,Yes,61,Yes,Yes,DSL,No,Yes,No,Yes,No,No,Month-to-month,Yes,Electronic check,58.18,3623.74,No,No,49-72 Months
CUST12165,Female,0,No,No,12,No,No phone service,DSL,No,No,Yes,Yes,No,No,Month-to-month,Yes,Bank transfer,59.14,660.14,Yes,No,0-12 Months
CUST12166,Male,0,No,No,69,No,No phone service,DSL,No,No,No,Yes,No,No,One year,Yes,Bank transfer,41.38,2731.18,No,No,49-72 Months
CUST12167,Female,0,Yes,Yes,14,Yes,Yes,Fiber optic,No,No,Yes,Yes,Yes,Yes,Month-to-month,Yes,Electronic check,103.3,1574.07,No,No,13-24 Months
CUST12168,Male,0,No,Yes,34,No,No phone service,Fiber optic,Yes,No,No,No,Yes,No,Two year,No,Bank transfer,73.5,2517.68,No,No,25-48 Months
CUST12169,Female,0,Yes,No,48,Yes,No,No,No internet service,No internet service,No internet service,No internet service,No internet service,No internet service,One year,No,Bank transfer,28.37,1400.92,No,No,25-48 Months
CUST12170,Female,0,Yes,No,61,Yes,No,DSL,No,No,No,Yes,No,No,Month-to-month,Yes,Mailed check,52.62,3278.47,No,No,49-72 Months
CUST12171,Male,0,Yes,No,35,Yes,No,No,No internet service,No internet service,No internet service,No internet service,No internet service,No internet service,Month-to-month,Yes,Credit card,34.13,1058.63,No,No,25-48 Months
CUST12172,Female,0,No,No,65,Yes,Yes,Fiber optic,Yes,No,Yes,No,No,No,One year,No,Electronic check,78.27,5066.35,No,No,49-72 Months
CUST12173,Male,0,Yes,No,59,Yes,No,Fiber optic,Yes,No,Yes,Yes,No,No,Month-to-month,No,Mailed check,89.06,5123.24,No,No,49-72 Months
CUST12174,Female,0,Yes,Yes,36,Yes,No,DSL,No,Yes,Yes,No,Yes,Yes,Month-to-month,Yes,Credit card,77.59,2751.37,No,No,25-48 Months
CUST12175,Male,0,Yes,No,19,No,No phone service,DSL,Yes,No,No,Yes,No,Yes,Two year,Yes,Mailed check,53.55,2111.56,No,No,13-24 Months
CUST12176,Male,0,No,No,42,Yes,No,No,No internet service,No internet service,No internet service,No internet service,No internet service,No internet service,Month-to-month,No,Mailed check,32.94,1419.51,No,No,25-48 Months
CUST12177,Female,0,No,No,69,Yes,No,DSL,No,No,No,Yes,No,No,Month-to-month,No,Bank transfer,55.45,3776.51,No,No,49-72 Months
CUST12178,Female,0,Yes,Yes,19,Yes,Yes,DSL,No,No,No,No,No,Yes,Two year,Yes,Bank transfer,60.41,1149.79,No,No,13-24 Months
CUST12179,Male,0,No,No,39,Yes,No,DSL,No,Yes,No,No,No,Yes,Month-to-month,No,Electronic check,52.94,2052.98,No,No,25-48 Months
CUST12180,Female,0,No,No,69,Yes,No,No,No internet service,No internet service,No internet service,No internet service,No internet service,No internet service,Month-to-month,Yes,Mailed check,32.03,2235.13,No,No,49-72 Months
CUST12181,Female,0,No,No,52,Yes,No,DSL,No,Yes,No,No,No,No,Month-to-month,Yes,Electronic check,56.59,2892.73,No,No,49-72 Months
CUST12182,Male,0,Yes,Yes,12,No,No phone service,DSL,Yes,No,No,No,Yes,Yes,Two year,Yes,Bank transfer,55.3,653.76,No,No,0-12 Months
CUST12183,Male,0,No,No,47,Yes,No,Fiber optic,No,Yes,No,No,No,Yes,Two year,Yes,Mailed check,90.8,4279.67,No,No,25-48 Months
CUST12184,Female,0,Yes,No,36,Yes,Yes,Fiber optic,No,Yes,Yes,No,Yes,No,Month-to-month,No,Bank transfer,96.57,3510.75,No,No,25-48 Months
CUST12185,Male,0,No,No,63,Yes,No,Fiber optic,Yes,Yes,No,Yes,No,Yes,One year,Yes,Bank transfer,102.17,6454.4,No,No,49-72 Months
CUST12186,Male,0,Yes,No,51,No,No phone service,Fiber optic,Yes,No,No,Yes,No,Yes,Month-to-month,Yes,Electronic check,83.52,4128.22,No,No,49-72 Months
CUST12187,Male,1,Yes,Yes,43,Yes,Yes,No,No internet service,No internet service,No internet service,No internet service,No internet service,No internet service,One year,No,Electronic check,44.4,1808.4,No,Yes,25-48 Months
CUST12188,Female,0,Yes,Yes,34,Yes,Yes,No,No internet service,No internet service,No internet service,No internet service,No internet service,No internet service,Month-to-month,Yes,Mailed check,38.82,1369.63,No,No,25-48 Months
CUST12189,Female,0,No,No,49,Yes,No,Fiber optic,Yes,No,Yes,No,No,Yes,Month-to-month,No,Electronic check,92.14,4494.52,Yes,No,49-72 Months
CUST12190,Male,0,Yes,No,18,Yes,Yes,DSL,No,No,No,Yes,Yes,No,Two year,No,Bank transfer,59.58,1036.83,No,No,13-24 Months
CUST12191,Female,0,No,No,61,Yes,No,Fiber optic,No,Yes,No,Yes,Yes,No,Month-to-month,Yes,Bank transfer,92.27,5608.27,Yes,No,49-72 Months
CUST12192,Male,0,Yes,No,57,Yes,No,DSL,Yes,No,Yes,Yes,No,Yes,Month-to-month,Yes,Electronic check,70.8,4015.61,Yes,No,49-72 Months
CUST12193,Female,0,No,No,5,No,No phone service,DSL,No,No,Yes,Yes,Yes,Yes,Two year,No,Credit card,72.08,218.98,No,No,0-12 Months
CUST12194,Male,0,No,No,24,Yes,No,No,No internet service,No internet service,No internet service,No internet service,No internet service,No internet service,One year,Yes,Mailed check,31.07,883.96,No,No,13-24 Months
CUST12195,Male,0,No,No,64,Yes,Yes,No,No internet service,No internet service,No internet service,No internet service,No internet service,No internet service,One year,Yes,Electronic check,40.91,2609.39,No,No,49-72 Months
CUST12196,Female,0,No,No,59,No,No phone service,Fiber optic,Yes,Yes,No,No,No,No,Two year,No,Electronic check,82.02,4840.31,No,No,49-72 Months
CUST12197,Male,1,No,Yes,38,Yes,No,No,No internet service,No internet service,No internet service,No internet service,No internet service,No internet service,Month-to-month,Yes,Mailed check,36.7,1400.81,No,Yes,25-48 Months
CUST12198,Female,0,Yes,No,33,Yes,No,No,No internet service,No internet service,No internet service,No internet service,No internet service,No internet service,Month-to-month,Yes,Electronic check,29.56,1052.62,No,No,25-48 Months
CUST12199,Female,1,No,No,10,Yes,Yes,Fiber optic,No,Yes,No,Yes,Yes,Yes,Month-to-month,No,Credit card,116.64,1221.14,Yes,Yes,0-12 Months
CUST12200,Male,0,Yes,No,37,Yes,No,Fiber optic,No,No,No,No,No,No,Month-to-month,No,Mailed check,72.47,2675.39,Yes,No,25-48 Months
CUST12201,Male,0,No,No,11,Yes,No,Fiber optic,Yes,No,No,Yes,Yes,No,Month-to-month,Yes,Credit card,98.65,1015.37,Yes,No,0-12 Months
CUST12202,Female,0,No,Yes,24,Yes,Yes,DSL,No,No,Yes,No,No,Yes,Month-to-month,Yes,Electronic check,65.27,1665.35,Yes,No,13-24 Months
CUST12203,Male,0,Yes,No,71,Yes,No,DSL,No,Yes,Yes,No,No,No,Month-to-month,Yes,Bank transfer,64.3,4569.79,No,No,49-72 Months
CUST12204,Male,1,Yes,No,21,Yes,No,Fiber optic,No,No,Yes,Yes,No,Yes,Month-to-month,No,Credit card,87.18,1878.39,No,Yes,13-24 Months
CUST12205,Male,1,Yes,No,20,Yes,Yes,DSL,Yes,No,No,No,Yes,Yes,Month-to-month,No,Electronic check,79.09,1495.11,No,Yes,13-24 Months
CUST12206,Male,1,No,Yes,10,Yes,Yes,DSL,Yes,No,No,Yes,No,Yes,Month-to-month,Yes,Electronic check,69.73,749.23,No,Yes,0-12 Months
CUST12207,Male,0,No,Yes,47,Yes,No,DSL,Yes,No,Yes,No,No,No,One year,No,Mailed check,54.82,2462.35,No,No,25-48 Months
CUST12208,Female,0,No,No,47,Yes,No,Fiber optic,No,No,No,No,Yes,Yes,Month-to-month,Yes,Credit card,84.17,3924.13,No,No,25-48 Months
CUST12209,Female,0,No,No,15,Yes,Yes,No,No internet service,No internet service,No internet service,No internet service,No internet service,No internet service,Month-to-month,No,Bank transfer,39.49,602.98,No,No,13-24 Months
CUST12210,Male,1,No,No,44,Yes,Yes,Fiber optic,No,No,No,No,No,Yes,Two year,Yes,Bank transfer,91.47,4163.77,No,Yes,25-48 Months
CUST12211,Male,0,Yes,Yes,62,Yes,Yes,Fiber optic,Yes,Yes,Yes,Yes,No,Yes,One year,No,Bank transfer,111.45,6962.63,No,No,49-72 Months
CUST12212,Male,0,Yes,No,6,Yes,No,No,No internet service,No internet service,No internet service,No internet service,No internet service,No internet service,Month-to-month,No,Electronic check,31.11,301.63,No,No,0-12 Months
CUST12213,Female,0,No,Yes,66,Yes,Yes,No,No internet service,No internet service,No internet service,No internet service,No internet service,No internet service,One year,No,Mailed check,34.58,2319.07,No,No,49-72 Months
CUST12214,Male,0,No,Yes,4,No,No phone service,Fiber optic,No,No,No,Yes,Yes,No,One year,No,Electronic check,73.39,204.78,No,No,0-12 Months
CUST12215,Female,1,No,No,23,Yes,No,No,No internet service,No internet service,No internet service,No internet service,No internet service,No internet service,Month-to-month,No,Electronic check,24.82,482.63,Yes,Yes,13-24 Months
CUST12216,Female,0,Yes,No,13,Yes,No,Fiber optic,Yes,Yes,No,Yes,No,Yes,Month-to-month,No,Credit card,91.53,1250.74,No,No,13-24 Months
CUST12217,Female,0,Yes,Yes,31,No,No phone service,DSL,Yes,No,Yes,Yes,No,Yes,One year,No,Bank transfer,68.07,2029.88,No,No,25-48 Months
CUST12218,Male,0,Yes,Yes,16,Yes,Yes,DSL,No,Yes,No,Yes,Yes,No,Month-to-month,No,Credit card,68.71,975.78,No,No,13-24 Months
CUST12219,Female,0,Yes,Yes,41,Yes,No,Fiber optic,Yes,No,Yes,Yes,Yes,No,Month-to-month,No,Electronic check,92.34,3707.83,Yes,No,25-48 Months
CUST12220,Male,0,Yes,No,1,Yes,Yes,Fiber optic,Yes,Yes,Yes,No,No,No,Month-to-month,Yes,Mailed check,92.01,113.46,Yes,No,0-12 Months
CUST12221,Female,0,No,No,12,Yes,No,Fiber optic,Yes,No,Yes,No,No,Yes,Month-to-month,Yes,Credit card,85.37,960.9,No,No,0-12 Months
CUST12222,Male,0,Yes,No,56,Yes,No,Fiber optic,No,Yes,No,Yes,No,No,Two year,Yes,Electronic check,86.52,4945.72,No,No,49-72 Months
CUST12223,Female,1,No,No,50,Yes,Yes,DSL,No,No,No,No,No,No,Month-to-month,Yes,Electronic check,54.32,2750.18,Yes,Yes,49-72 Months
CUST12224,Male,0,Yes,No,20,Yes,Yes,DSL,No,No,No,No,Yes,Yes,Month-to-month,No,Mailed check,70.18,1418.75,No,No,13-24 Months
CUST12225,Female,0,No,Yes,66,Yes,No,Fiber optic,No,No,No,No,Yes,No,One year,Yes,Mailed check,81.42,5404.57,No,No,49-72 Months
CUST12226,Male,1,Yes,No,36,Yes,No,DSL,No,Yes,No,No,No,No,Month-to-month,Yes,Credit card,56.44,2080.26,No,Yes,25-48 Months
CUST12227,Male,0,Yes,No,38,Yes,No,Fiber optic,Yes,No,No,No,No,No,One year,Yes,Mailed check,80.51,3108.7,No,No,25-48 Months
CUST12228,Male,0,Yes,Yes,22,Yes,No,Fiber optic,No,Yes,No,No,Yes,No,Month-to-month,Yes,Credit card,92.92,1978.86,Yes,No,13-24 Months
CUST12229,Male,0,No,Yes,61,Yes,No,Fiber optic,No,No,No,No,No,No,Month-to-month,Yes,Credit card,71.66,4472.14,No,No,49-72 Months
CUST12230,Female,0,No,Yes,50,Yes,No,DSL,No,No,Yes,No,No,Yes,One year,No,Electronic check,59.04,3002.22,No,No,49-72 Months
CUST12231,Female,0,Yes,Yes,59,Yes,No,Fiber optic,No,No,No,No,No,No,Month-to-month,No,Bank transfer,74.56,4367.17,No,No,49-72 Months
CUST12232,Male,1,Yes,No,20,Yes,No,No,No internet service,No internet service,No internet service,No internet service,No internet service,No internet service,Month-to-month,Yes,Electronic check,29.63,654.48,No,Yes,13-24 Months
CUST12233,Female,0,No,No,36,Yes,No,No,No internet service,No internet service,No internet service,No internet service,No internet service,No internet service,Two year,Yes,Electronic check,22.59,706.47,No,No,25-48 Months
CUST12234,Male,0,Yes,No,15,Yes,No,No,No internet service,No internet service,No internet service,No internet service,No internet service,No internet service,Month-to-month,No,Credit card,22.12,2111.56,No,No,13-24 Months
CUST12235,Male,0,Yes,No,62,Yes,Yes,Fiber optic,No,Yes,No,Yes,Yes,Yes,Month-to-month,No,Electronic check,105.3,6551.4,No,No,49-72 Months
CUST12236,Female,0,No,No,3,Yes,Yes,DSL,Yes,Yes,No,Yes,Yes,No,Month-to-month,Yes,Mailed check,85.93,86.22,No,No,0-12 Months
CUST12237,Male,0,No,No,5,Yes,No,Fiber optic,No,No,Yes,No,No,Yes,Month-to-month,Yes,Electronic check,94.42,631.95,Yes,No,0-12 Months
CUST12238,Male,0,Yes,Yes,56,Yes,No,No,No internet service,No internet service,No internet service,No internet service,No internet service,No internet service,Month-to-month,Yes,Electronic check,24.41,1262.61,No,No,49-72 Months
CUST12239,Female,0,Yes,No,31,No,No phone service,DSL,Yes,Yes,No,No,No,Yes,Month-to-month,Yes,Mailed check,54.85,1746.19,No,No,25-48 Months
CUST12240,Male,0,No,No,35,Yes,Yes,DSL,No,No,No,No,Yes,No,Month-to-month,Yes,Mailed check,64.81,2381.59,No,No,25-48 Months
CUST12241,Male,1,Yes,Yes,71,Yes,No,DSL,Yes,No,Yes,Yes,No,No,Month-to-month,No,Mailed check,66.52,4513.75,No,Yes,49-72 Months
CUST12242,Male,0,Yes,Yes,70,Yes,Yes,Fiber optic,Yes,No,Yes,No,Yes,No,Month-to-month,No,Credit card,94.13,6607.85,No,No,49-72 Months
CUST12243,Male,0,No,No,26,No,No phone service,Fiber optic,No,No,Yes,Yes,Yes,No,One year,Yes,Electronic check,90.51,2424.22,No,No,25-48 Months
CUST12244,Female,0,No,No,1,Yes,Yes,DSL,Yes,Yes,No,No,Yes,Yes,One year,No,Electronic check,78.15,167.44,Yes,No,0-12 Months
CUST12245,Female,0,Yes,Yes,7,Yes,Yes,No,No internet service,No internet service,No internet service,No internet service,No internet service,No internet service,Month-to-month,No,Electronic check,38.84,369.26,No,No,0-12 Months
CUST12246,Female,0,No,No,36,Yes,Yes,Fiber optic,No,No,No,Yes,Yes,No,Two year,No,Bank transfer,92.35,3398.81,No,No,25-48 Months
CUST12247,Male,0,No,No,25,Yes,No,DSL,No,No,Yes,No,No,No,One year,No,Bank transfer,53.38,1307.58,No,No,25-48 Months
CUST12248,Male,0,Yes,No,59,Yes,Yes,DSL,No,Yes,No,Yes,No,No,One year,No,Credit card,70.78,4212.97,No,No,49-72 Months
CUST12249,Female,0,No,Yes,61,Yes,Yes,DSL,Yes,Yes,Yes,Yes,Yes,No,Month-to-month,Yes,Bank transfer,88.92,5585.33,No,No,49-72 Months
CUST12250,Male,1,Yes,No,29,Yes,Yes,Fiber optic,Yes,No,No,Yes,No,Yes,Two year,Yes,Electronic check,102.4,3070.8,No,Yes,25-48 Months
CUST12251,Male,1,Yes,No,18,Yes,Yes,DSL,Yes,Yes,No,Yes,No,No,Two year,No,Electronic check,67.58,1163.17,No,Yes,13-24 Months
CUST12252,Male,1,No,Yes,41,Yes,No,Fiber optic,No,No,No,No,Yes,No,Month-to-month,Yes,Mailed check,75.27,3171.38,Yes,Yes,25-48 Months
CUST12253,Male,0,Yes,No,19,Yes,Yes,Fiber optic,No,Yes,Yes,Yes,No,Yes,One year,No,Bank transfer,117.3,2337.23,No,No,13-24 Months
CUST12254,Female,0,Yes,No,4,Yes,Yes,Fiber optic,No,Yes,No,No,No,No,One year,No,Electronic check,88.53,283.76,No,No,0-12 Months
CUST12255,Female,0,Yes,Yes,65,Yes,No,DSL,No,Yes,No,Yes,No,Yes,Month-to-month,Yes,Bank transfer,62.51,4061.51,No,No,49-72 Months
CUST12256,Female,0,Yes,Yes,41,Yes,No,Fiber optic,No,Yes,No,No,No,No,Month-to-month,Yes,Credit card,84.71,3450.28,No,No,25-48 Months
CUST12257,Male,0,No,Yes,15,Yes,No,No,No internet service,No internet service,No internet service,No internet service,No internet service,No internet service,Month-to-month,Yes,Bank transfer,25.47,456.02,No,No,13-24 Months
CUST12258,Female,0,No,No,54,Yes,No,DSL,No,No,No,Yes,Yes,No,Month-to-month,Yes,Bank transfer,71.84,3846.7,No,No,49-72 Months
CUST12259,Female,0,No,Yes,64,Yes,No,DSL,Yes,Yes,No,Yes,Yes,Yes,Month-to-month,Yes,Credit card,76.96,4875.2,Yes,No,49-72 Months
CUST12260,Male,0,Yes,No,72,Yes,Yes,Fiber optic,Yes,No,Yes,No,No,Yes,One year,Yes,Electronic check,103.29,7524.52,No,No,49-72 Months
CUST12261,Male,0,Yes,No,15,Yes,No,Fiber optic,Yes,No,No,No,No,No,One year,Yes,Electronic check,79.78,1100.22,Yes,No,13-24 Months
CUST12262,Female,0,Yes,Yes,50,Yes,No,DSL,Yes,No,No,No,Yes,No,Two year,Yes,Electronic check,54.38,2733.81,No,No,49-72 Months
CUST12263,Female,0,Yes,No,22,Yes,No,Fiber optic,No,Yes,No,No,Yes,No,Month-to-month,Yes,Electronic check,82.08,1747.45,No,No,13-24 Months
CUST12264,Female,0,Yes,No,18,Yes,No,Fiber optic,No,No,No,Yes,No,Yes,Month-to-month,No,Credit card,83.16,1584.19,Yes,No,13-24 Months
CUST12265,Female,0,No,No,2,Yes,No,No,No internet service,No internet service,No internet service,No internet service,No internet service,No internet service,Month-to-month,No,Electronic check,26.58,4.24,No,No,0-12 Months
CUST12266,Male,0,No,Yes,36,Yes,Yes,DSL,No,Yes,No,No,Yes,Yes,Two year,Yes,Bank transfer,76.94,2772.68,No,No,25-48 Months
CUST12267,Female,0,No,No,20,Yes,Yes,Fiber optic,No,No,No,No,Yes,No,Month-to-month,Yes,Bank transfer,76.84,1345.53,No,No,13-24 Months
CUST12268,Female,0,Yes,No,16,Yes,No,DSL,No,No,Yes,No,Yes,Yes,One year,No,Bank transfer,69.97,1119.69,Yes,No,13-24 Months
CUST12269,Male,0,No,No,67,Yes,No,Fiber optic,No,Yes,No,Yes,No,No,Month-to-month,Yes,Mailed check,75.12,5018.98,No,No,49-72 Months
CUST12270,Female,0,Yes,Yes,30,No,No phone service,Fiber optic,Yes,No,Yes,No,Yes,Yes,Month-to-month,Yes,Mailed check,90.79,2729.42,No,No,25-48 Months
CUST12271,Male,0,Yes,No,55,Yes,No,Fiber optic,Yes,Yes,No,No,No,No,Month-to-month,Yes,Mailed check,81.0,4559.0,No,No,49-72 Months
CUST12272,Male,1,No,No,66,Yes,No,No,No internet service,No internet service,No internet service,No internet service,No internet service,No internet service,Month-to-month,Yes,Credit card,30.67,2072.28,No,Yes,49-72 Months
CUST12273,Male,0,No,Yes,26,Yes,Yes,DSL,Yes,No,No,No,Yes,Yes,One year,Yes,Electronic check,69.33,1834.24,Yes,No,25-48 Months
CUST12274,Female,0,Yes,No,57,Yes,No,Fiber optic,Yes,Yes,Yes,No,No,No,Month-to-month,Yes,Electronic check,86.85,4891.54,Yes,No,49-72 Months
CUST12275,Female,0,Yes,No,69,Yes,No,DSL,No,No,No,No,No,No,Month-to-month,Yes,Mailed check,39.77,2914.95,No,No,49-72 Months
CUST12276,Male,1,Yes,No,2,Yes,Yes,Fiber optic,No,No,No,No,No,No,Two year,Yes,Electronic check,75.77,4.47,Yes,Yes,0-12 Months
CUST12277,Female,0,No,No,56,Yes,No,DSL,Yes,Yes,No,Yes,No,Yes,Month-to-month,Yes,Mailed check,79.01,4328.69,No,No,49-72 Months
CUST12278,Female,0,Yes,No,62,Yes,Yes,No,No internet service,No internet service,No internet service,No internet service,No internet service,No internet service,Month-to-month,No,Credit card,44.14,2675.47,Yes,No,49-72 Months
CUST12279,Male,0,No,No,34,Yes,No,No,No internet service,No internet service,No internet service,No internet service,No internet service,No internet service,Two year,Yes,Bank transfer,23.78,823.7,No,No,25-48 Months
CUST12280,Male,1,Yes,No,56,No,No phone service,No,No internet service,No internet service,No internet service,No internet service,No internet service,No internet service,Month-to-month,Yes,Credit card,18.31,1028.68,No,Yes,49-72 Months
CUST12281,Female,0,Yes,No,55,Yes,No,DSL,No,No,Yes,No,No,Yes,Two year,No,Mailed check,64.29,3475.68,No,No,49-72 Months
CUST12282,Male,0,No,No,20,Yes,Yes,Fiber optic,No,No,No,No,Yes,Yes,Two year,Yes,Electronic check,96.4,1942.14,No,No,13-24 Months
CUST12283,Female,0,No,No,50,Yes,Yes,DSL,Yes,No,No,No,Yes,No,Month-to-month,Yes,Bank transfer,66.12,3398.68,No,No,49-72 Months
CUST12284,Female,0,Yes,No,25,Yes,No,No,No internet service,No internet service,No internet service,No internet service,No internet service,No internet service,Month-to-month,Yes,Credit card,22.21,559.82,No,No,25-48 Months
CUST12285,Female,0,No,No,25,Yes,Yes,Fiber optic,Yes,No,Yes,Yes,Yes,No,Month-to-month,No,Mailed check,108.39,2608.89,No,No,25-48 Months
CUST12286,Female,0,No,No,53,Yes,No,Fiber optic,No,No,No,No,Yes,No,Month-to-month,No,Credit card,79.46,4203.11,Yes,No,49-72 Months
CUST12287,Male,0,No,Yes,14,Yes,No,Fiber optic,No,Yes,Yes,No,No,Yes,One year,Yes,Credit card,83.77,1107.4,No,No,13-24 Months
CUST12288,Male,0,No,Yes,60,Yes,No,DSL,Yes,No,Yes,Yes,No,No,Month-to-month,Yes,Mailed check,64.77,3774.61,No,No,49-72 Months
CUST12289,Male,0,No,No,43,Yes,No,Fiber optic,Yes,No,No,No,No,Yes,Month-to-month,Yes,Electronic check,85.28,3670.23,No,No,25-48 Months
CUST12290,Male,1,No,Yes,62,No,No phone service,DSL,Yes,No,Yes,Yes,No,Yes,Month-to-month,No,Mailed check,59.46,3613.95,Yes,Yes,49-72 Months
CUST12291,Female,0,No,Yes,69,Yes,Yes,No,No internet service,No internet service,No internet service,No internet service,No internet service,No internet service,Month-to-month,No,Credit card,37.63,2570.2,No,No,49-72 Months
CUST12292,Female,0,Yes,No,63,Yes,No,No,No internet service,No internet service,No internet service,No internet service,No internet service,No internet service,One year,Yes,Electronic check,28.94,1856.73,No,No,49-72 Months
CUST12293,Male,0,Yes,Yes,2,Yes,No,Fiber optic,Yes,No,No,Yes,No,No,One year,Yes,Bank transfer,90.61,206.87,No,No,0-12 Months
CUST12294,Female,0,Yes,Yes,54,Yes,Yes,No,No internet service,No internet service,No internet service,No internet service,No internet service,No internet service,One year,Yes,Bank transfer,32.43,1847.83,No,No,49-72 Months
CUST12295,Female,0,Yes,No,16,Yes,No,DSL,No,Yes,No,No,Yes,Yes,Two year,Yes,Electronic check,65.15,904.68,No,No,13-24 Months
CUST12296,Female,0,Yes,No,55,Yes,No,No,No internet service,No internet service,No internet service,No internet service,No internet service,No internet service,Month-to-month,No,Bank transfer,33.86,1845.82,No,No,49-72 Months
CUST12297,Male,0,No,No,43,Yes,No,DSL,Yes,Yes,No,No,No,No,One year,Yes,Electronic check,72.48,3197.45,No,No,25-48 Months
CUST12298,Male,0,Yes,No,61,Yes,No,Fiber optic,Yes,Yes,Yes,Yes,No,No,Month-to-month,Yes,Credit card,106.69,6373.99,No,No,49-72 Months
CUST12299,Male,0,Yes,No,38,Yes,No,Fiber optic,Yes,Yes,No,Yes,Yes,No,Two year,No,Bank transfer,100.66,3811.41,No,No,25-48 Months
CUST12300,Female,0,No,No,45,Yes,No,DSL,No,Yes,Yes,No,No,No,Month-to-month,Yes,Credit card,58.25,2637.18,No,No,25-48 Months
CUST12301,Male,0,Yes,No,51,Yes,No,Fiber optic,Yes,No,No,Yes,No,Yes,Two year,No,Electronic check,89.33,4468.09,No,No,49-72 Months
CUST12302,Male,1,Yes,Yes,42,Yes,Yes,DSL,Yes,Yes,Yes,Yes,No,No,One year,Yes,Electronic check,75.06,3098.63,No,Yes,25-48 Months
CUST12303,Male,0,Yes,Yes,24,Yes,No,No,No internet service,No internet service,No internet service,No internet service,No internet service,No internet service,One year,Yes,Credit card,21.29,415.91,Yes,No,13-24 Months
CUST12304,Male,1,Yes,No,30,Yes,No,DSL,No,No,No,No,No,Yes,Month-to-month,No,Mailed check,60.41,1834.76,Yes,Yes,25-48 Months
CUST12305,Male,0,Yes,No,37,Yes,No,Fiber optic,No,Yes,No,Yes,No,Yes,Month-to-month,No,Electronic check,98.61,3448.48,Yes,No,25-48 Months
CUST12306,Male,1,No,No,53,Yes,No,Fiber optic,Yes,No,No,No,Yes,No,Month-to-month,Yes,Electronic check,86.32,4513.98,No,Yes,49-72 Months
CUST12307,Female,0,No,No,63,Yes,Yes,DSL,Yes,No,Yes,Yes,No,No,Month-to-month,No,Mailed check,82.46,5137.68,No,No,49-72 Months
CUST12308,Female,0,Yes,No,11,Yes,No,Fiber optic,No,Yes,No,No,No,Yes,Two year,No,Electronic check,100.63,1179.54,No,No,0-12 Months
CUST12309,Male,0,Yes,No,23,Yes,No,Fiber optic,No,No,No,Yes,No,Yes,One year,No,Bank transfer,91.43,1977.83,Yes,No,13-24 Months
CUST12310,Male,0,Yes,No,50,No,No phone service,DSL,Yes,No,No,No,No,No,Two year,No,Bank transfer,41.65,2186.13,No,No,49-72 Months
CUST12311,Female,0,No,Yes,55,Yes,Yes,Fiber optic,Yes,No,Yes,No,No,Yes,Month-to-month,Yes,Mailed check,94.71,5268.77,No,No,49-72 Months
CUST12312,Female,0,Yes,No,55,Yes,No,DSL,Yes,Yes,Yes,No,Yes,No,Month-to-month,Yes,Credit card,75.87,4256.48,Yes,No,49-72 Months
CUST12313,Male,0,Yes,Yes,4,Yes,Yes,DSL,No,No,Yes,No,No,Yes,One year,No,Electronic check,74.27,262.92,No,No,0-12 Months
CUST12314,Male,0,No,No,54,Yes,Yes,Fiber optic,No,No,Yes,No,No,Yes,Month-to-month,Yes,Mailed check,90.72,4865.06,No,No,49-72 Months
CUST12315,Male,0,Yes,No,61,Yes,Yes,Fiber optic,No,Yes,Yes,Yes,No,No,Two year,No,Electronic check,91.2,5500.39,No,No,49-72 Months
CUST12316,Male,0,Yes,No,5,Yes,No,No,No internet service,No internet service,No internet service,No internet service,No internet service,No internet service,One year,Yes,Credit card,21.45,153.69,No,No,0-12 Months
CUST12317,Female,0,Yes,No,18,No,No phone service,No,No internet service,No internet service,No internet service,No internet service,No internet service,No internet service,Month-to-month,No,Credit card,18.0,295.87,No,No,13-24 Months
CUST12318,Male,0,No,No,44,Yes,Yes,Fiber optic,No,No,No,No,No,No,One year,Yes,Mailed check,79.91,3451.39,Yes,No,25-48 Months
CUST12319,Male,0,No,No,31,Yes,No,Fiber optic,No,Yes,Yes,Yes,No,No,One year,Yes,Electronic check,95.45,2930.69,No,No,25-48 Months
CUST12320,Male,0,No,No,21,Yes,No,DSL,No,Yes,No,No,Yes,No,One year,No,Electronic check,59.14,1271.55,No,No,13-24 Months
CUST12321,Male,0,No,No,47,Yes,Yes,DSL,No,No,No,Yes,No,Yes,Month-to-month,No,Credit card,53.66,2421.05,No,No,25-48 Months
CUST12322,Female,0,No,No,30,Yes,Yes,Fiber optic,No,No,No,No,No,No,Month-to-month,Yes,Bank transfer,78.72,2285.62,No,No,25-48 Months
CUST12323,Female,0,No,No,55,Yes,No,No,No internet service,No internet service,No internet service,No internet service,No internet service,No internet service,Month-to-month,Yes,Credit card,28.33,1666.38,No,No,49-72 Months
CUST12324,Female,0,No,Yes,68,Yes,No,DSL,Yes,Yes,No,Yes,No,Yes,One year,No,Electronic check,70.22,4702.73,No,No,49-72 Months
CUST12325,Male,0,Yes,No,69,Yes,No,DSL,No,No,Yes,No,Yes,No,Month-to-month,No,Mailed check,49.08,3502.51,No,No,49-72 Months
CUST12326,Male,0,No,No,41,Yes,No,Fiber optic,No,Yes,Yes,No,No,No,One year,Yes,Bank transfer,83.29,3372.89,No,No,25-48 Months
CUST12327,Female,0,Yes,No,45,Yes,Yes,DSL,No,Yes,No,Yes,No,Yes,Month-to-month,Yes,Credit card,80.6,3518.56,No,No,25-48 Months
CUST12328,Male,0,Yes,No,30,Yes,No,Fiber optic,Yes,No,Yes,No,No,Yes,Two year,Yes,Mailed check,89.67,2799.7,No,No,25-48 Months
CUST12329,Male,1,No,No,45,Yes,Yes,Fiber optic,No,No,Yes,No,No,No,Two year,No,Electronic check,83.63,3902.79,No,Yes,25-48 Months
CUST12330,Female,0,Yes,No,45,Yes,No,Fiber optic,No,Yes,No,No,No,Yes,One year,Yes,Credit card,83.14,3694.8,No,No,25-48 Months
CUST12331,Female,0,No,No,45,Yes,Yes,DSL,No,Yes,Yes,No,Yes,No,Month-to-month,Yes,Electronic check,74.77,3451.89,Yes,No,25-48 Months
CUST12332,Female,0,Yes,No,55,Yes,Yes,No,No internet service,No internet service,No internet service,No internet service,No internet service,No internet service,Month-to-month,Yes,Mailed check,29.38,1624.34,No,No,49-72 Months
CUST12333,Female,0,No,Yes,59,Yes,No,DSL,Yes,No,No,No,No,Yes,Month-to-month,No,Mailed check,56.33,3336.24,No,No,49-72 Months
CUST12334,Male,0,No,No,5,Yes,Yes,No,No internet service,No internet service,No internet service,No internet service,No internet service,No internet service,Month-to-month,No,Electronic check,42.61,238.16,No,No,0-12 Months
CUST12335,Male,0,No,Yes,32,Yes,No,Fiber optic,No,No,No,No,Yes,Yes,One year,Yes,Mailed check,92.36,2956.99,No,No,25-48 Months
CUST12336,Female,0,Yes,Yes,6,Yes,Yes,No,No internet service,No internet service,No internet service,No internet service,No internet service,No internet service,Two year,Yes,Bank transfer,34.29,213.92,No,No,0-12 Months
CUST12337,Male,1,Yes,No,26,Yes,No,Fiber optic,Yes,No,No,Yes,Yes,Yes,Month-to-month,Yes,Mailed check,101.43,2637.71,No,Yes,25-48 Months
CUST12338,Female,0,No,Yes,37,No,No phone service,DSL,No,Yes,No,No,Yes,Yes,Month-to-month,Yes,Electronic check,54.4,1966.78,Yes,No,25-48 Months
CUST12339,Female,1,Yes,No,13,Yes,Yes,No,No internet service,No internet service,No internet service,No internet service,No internet service,No internet service,One year,Yes,Credit card,32.34,363.79,No,Yes,13-24 Months
CUST12340,Male,0,No,No,69,Yes,No,Fiber optic,No,No,Yes,Yes,No,No,Two year,No,Credit card,80.24,5444.47,No,No,49-72 Months
CUST12341,Female,0,No,No,25,Yes,Yes,DSL,Yes,No,No,No,Yes,No,Month-to-month,No,Bank transfer,61.15,1377.95,No,No,25-48 Months
CUST12342,Male,0,Yes,No,13,Yes,Yes,DSL,Yes,No,Yes,No,Yes,No,Month-to-month,No,Credit card,73.53,948.54,Yes,No,13-24 Months
CUST12343,Male,0,Yes,Yes,20,Yes,No,Fiber optic,No,No,No,Yes,Yes,Yes,Two year,Yes,Credit card,103.95,2011.59,No,No,13-24 Months
CUST12344,Male,0,Yes,No,72,Yes,No,Fiber optic,Yes,No,Yes,No,No,No,Month-to-month,Yes,Credit card,75.01,5269.86,No,No,49-72 Months
CUST12345,Male,0,No,Yes,60,Yes,No,Fiber optic,No,Yes,No,No,No,Yes,One year,No,Credit card,95.43,5660.02,No,No,49-72 Months
CUST12346,Female,0,Yes,No,21,Yes,Yes,Fiber optic,No,Yes,No,Yes,No,No,One year,Yes,Bank transfer,78.42,1604.42,No,No,13-24 Months
CUST12347,Male,1,Yes,No,61,Yes,No,Fiber optic,Yes,Yes,Yes,No,No,Yes,Month-to-month,Yes,Bank transfer,99.5,6025.26,No,Yes,49-72 Months
CUST12348,Female,0,Yes,No,26,Yes,No,Fiber optic,No,Yes,Yes,No,Yes,No,Month-to-month,Yes,Bank transfer,82.71,2261.98,No,No,25-48 Months
CUST12349,Female,0,No,No,54,Yes,Yes,Fiber optic,Yes,No,Yes,Yes,Yes,No,Two year,No,Credit card,106.56,5706.4,No,No,49-72 Months
CUST12350,Female,0,Yes,No,42,Yes,Yes,DSL,No,No,No,No,Yes,Yes,Month-to-month,No,Bank transfer,66.94,2926.94,No,No,25-48 Months
CUST12351,Female,0,Yes,No,11,Yes,No,No,No internet service,No internet service,No internet service,No internet service,No internet service,No internet service,Month-to-month,Yes,Bank transfer,33.59,309.41,No,No,0-12 Months
CUST12352,Male,0,No,No,37,Yes,No,DSL,Yes,Yes,Yes,Yes,No,Yes,Month-to-month,Yes,Electronic check,72.98,2738.7,No,No,25-48 Months
CUST12353,Male,0,No,Yes,11,Yes,Yes,Fiber optic,No,No,No,No,No,No,Month-to-month,No,Credit card,84.47,849.08,No,No,0-12 Months
CUST12354,Female,1,No,No,27,Yes,Yes,Fiber optic,No,No,No,Yes,Yes,Yes,One year,No,Mailed check,99.92,2835.03,No,Yes,25-48 Months
CUST12355,Female,0,Yes,No,34,Yes,Yes,Fiber optic,No,Yes,No,No,No,No,Two year,No,Electronic check,93.04,3261.42,No,No,25-48 Months
CUST12356,Male,0,Yes,No,38,Yes,No,DSL,Yes,No,No,Yes,No,No,Two year,Yes,Credit card,59.03,2302.99,No,No,25-48 Months
CUST12357,Female,0,No,Yes,61,Yes,No,DSL,Yes,No,Yes,Yes,Yes,No,Month-to-month,Yes,Mailed check,73.03,4613.27,No,No,49-72 Months
CUST12358,Male,0,Yes,No,53,Yes,No,Fiber optic,No,Yes,Yes,No,Yes,No,Month-to-month,No,Electronic check,92.28,4960.32,No,No,49-72 Months
CUST12359,Female,0,No,No,65,Yes,No,No,No internet service,No internet service,No internet service,No internet service,No internet service,No internet service,Month-to-month,No,Electronic check,34.37,2268.81,No,No,49-72 Months
CUST12360,Male,0,No,Yes,3,Yes,No,Fiber optic,No,Yes,No,No,No,Yes,Two year,Yes,Electronic check,91.65,166.55,No,No,0-12 Months
CUST12361,Female,0,Yes,No,67,Yes,No,Fiber optic,Yes,Yes,No,No,Yes,Yes,Month-to-month,Yes,Electronic check,99.18,6456.53,No,No,49-72 Months
CUST12362,Female,0,No,No,28,Yes,No,DSL,Yes,Yes,Yes,No,Yes,Yes,Month-to-month,Yes,Bank transfer,70.32,1865.33,No,No,25-48 Months
CUST12363,Male,0,No,No,14,Yes,Yes,DSL,Yes,Yes,Yes,No,Yes,No,Two year,Yes,Credit card,74.1,902.54,No,No,13-24 Months
CUST12364,Female,0,Yes,No,52,No,No phone service,DSL,No,No,Yes,No,No,No,Month-to-month,Yes,Mailed check,48.9,2478.97,No,No,49-72 Months
CUST12365,Female,0,No,No,30,Yes,No,DSL,Yes,No,Yes,No,No,No,Month-to-month,No,Bank transfer,52.24,1654.61,No,No,25-48 Months
CUST12366,Male,0,Yes,Yes,58,Yes,Yes,Fiber optic,Yes,No,Yes,No,Yes,No,Month-to-month,Yes,Credit card,95.3,5441.97,No,No,49-72 Months
CUST12367,Female,0,Yes,No,54,Yes,No,DSL,Yes,Yes,No,No,Yes,No,One year,Yes,Mailed check,63.93,3415.13,No,No,49-72 Months
CUST12368,Male,0,Yes,Yes,69,Yes,No,DSL,No,Yes,No,Yes,Yes,No,One year,Yes,Bank transfer,65.81,4545.4,No,No,49-72 Months
CUST12369,Male,0,No,No,15,Yes,No,Fiber optic,Yes,No,Yes,No,Yes,Yes,One year,No,Mailed check,97.1,1463.81,No,No,13-24 Months
CUST12370,Female,0,No,Yes,38,Yes,No,No,No internet service,No internet service,No internet service,No internet service,No internet service,No internet service,Month-to-month,No,Bank transfer,30.16,1098.6,No,No,25-48 Months
CUST12371,Female,0,No,Yes,14,Yes,No,No,No internet service,No internet service,No internet service,No internet service,No internet service,No internet service,Month-to-month,Yes,Electronic check,24.63,439.85,No,No,13-24 Months
CUST12372,Female,0,Yes,No,57,Yes,Yes,Fiber optic,No,No,No,No,No,No,One year,Yes,Credit card,77.62,4426.46,Yes,No,49-72 Months
CUST12373,Female,0,No,Yes,59,Yes,Yes,DSL,Yes,Yes,Yes,No,No,No,Two year,Yes,Electronic check,80.85,4783.93,No,No,49-72 Months
CUST12374,Female,0,Yes,Yes,8,Yes,No,Fiber optic,No,Yes,No,Yes,Yes,Yes,Month-to-month,Yes,Mailed check,105.98,1045.91,Yes,No,0-12 Months
CUST12375,Female,0,No,No,72,Yes,No,DSL,No,No,No,No,Yes,Yes,Month-to-month,Yes,Electronic check,66.54,4929.61,No,No,49-72 Months
CUST12376,Female,0,Yes,Yes,19,Yes,No,Fiber optic,Yes,Yes,No,Yes,Yes,Yes,One year,No,Bank transfer,107.05,2035.4,No,No,13-24 Months
CUST12377,Male,0,Yes,Yes,32,Yes,Yes,Fiber optic,Yes,Yes,Yes,No,Yes,No,Month-to-month,Yes,Mailed check,105.28,3412.63,No,No,25-48 Months
CUST12378,Female,1,Yes,No,29,Yes,No,Fiber optic,No,No,Yes,No,No,No,Month-to-month,No,Electronic check,79.65,2235.96,No,Yes,25-48 Months
CUST12379,Male,0,No,No,41,Yes,No,No,No internet service,No internet service,No internet service,No internet service,No internet service,No internet service,Month-to-month,Yes,Electronic check,25.56,880.87,No,No,25-48 Months
CUST12380,Female,0,Yes,No,45,Yes,No,Fiber optic,No,Yes,No,Yes,Yes,Yes,Two year,Yes,Electronic check,106.15,4831.42,No,No,25-48 Months
CUST12381,Female,0,No,No,13,Yes,No,Fiber optic,No,Yes,Yes,No,Yes,No,One year,Yes,Credit card,101.25,1231.63,Yes,No,13-24 Months
CUST12382,Male,0,Yes,No,27,Yes,No,DSL,Yes,No,Yes,No,Yes,Yes,Month-to-month,Yes,Electronic check,71.14,1965.84,Yes,No,25-48 Months
CUST12383,Female,1,Yes,No,19,Yes,Yes,No,No internet service,No internet service,No internet service,No internet service,No internet service,No internet service,Two year,Yes,Bank transfer,42.39,977.19,Yes,Yes,13-24 Months
CUST12384,Female,0,Yes,No,26,Yes,Yes,DSL,No,No,Yes,No,No,No,Month-to-month,No,Mailed check,59.71,1402.33,Yes,No,25-48 Months
CUST12385,Male,1,No,Yes,53,Yes,Yes,No,No internet service,No internet service,No internet service,No internet service,No internet service,No internet service,Month-to-month,Yes,Electronic check,32.9,1561.59,No,Yes,49-72 Months
CUST12386,Female,1,No,No,51,No,No phone service,DSL,No,No,No,Yes,No,No,Month-to-month,Yes,Electronic check,42.66,2101.95,No,Yes,49-72 Months
CUST12387,Female,1,Yes,No,37,Yes,Yes,DSL,No,No,Yes,No,Yes,No,Month-to-month,No,Credit card,66.95,2541.92,Yes,Yes,25-48 Months
CUST12388,Female,0,Yes,No,9,Yes,No,No,No internet service,No internet service,No internet service,No internet service,No internet service,No internet service,Two year,No,Bank transfer,32.82,395.39,No,No,0-12 Months
CUST12389,Male,0,Yes,Yes,52,No,No phone service,DSL,No,Yes,No,No,No,Yes,Month-to-month,No,Electronic check,49.58,2642.86,No,No,49-72 Months
CUST12390,Female,0,No,Yes,54,Yes,No,No,No internet service,No internet service,No internet service,No internet service,No internet service,No internet service,Month-to-month,No,Bank transfer,34.08,1863.29,No,No,49-72 Months
CUST12391,Female,0,Yes,No,3,Yes,No,DSL,No,Yes,No,No,Yes,No,Two year,Yes,Credit card,58.15,175.8,No,No,0-12 Months
CUST12392,Female,0,No,Yes,69,Yes,No,No,No internet service,No internet service,No internet service,No internet service,No internet service,No internet service,Month-to-month,Yes,Electronic check,29.51,2045.74,No,No,49-72 Months
CUST12393,Female,0,No,No,8,Yes,No,Fiber optic,Yes,No,Yes,Yes,No,Yes,Month-to-month,Yes,Mailed check,91.14,823.84,No,No,0-12 Months
CUST12394,Male,0,Yes,No,14,Yes,Yes,Fiber optic,Yes,No,No,Yes,No,No,Month-to-month,No,Electronic check,85.28,1142.43,No,No,13-24 Months
CUST12395,Male,0,No,No,3,Yes,Yes,Fiber optic,No,Yes,Yes,No,No,No,Two year,Yes,Electronic check,93.64,284.24,No,No,0-12 Months
CUST12396,Female,0,No,Yes,24,Yes,No,DSL,No,Yes,No,No,No,No,Month-to-month,Yes,Mailed check,55.34,1235.86,No,No,13-24 Months
CUST12397,Female,0,No,No,13,Yes,No,No,No internet service,No internet service,No internet service,No internet service,No internet service,No internet service,Month-to-month,Yes,Bank transfer,27.5,386.23,No,No,13-24 Months
CUST12398,Male,0,Yes,No,43,Yes,No,DSL,Yes,Yes,No,No,No,No,One year,Yes,Mailed check,55.17,2373.6,No,No,25-48 Months
CUST12399,Male,0,Yes,No,29,Yes,No,Fiber optic,No,No,No,Yes,No,No,Two year,Yes,Mailed check,74.0,2352.78,No,No,25-48 Months
CUST12400,Female,1,Yes,Yes,72,Yes,No,Fiber optic,No,Yes,No,No,No,No,Two year,Yes,Mailed check,81.59,5756.38,No,Yes,49-72 Months
CUST12401,Male,0,Yes,Yes,51,Yes,Yes,Fiber optic,Yes,No,Yes,No,No,Yes,Month-to-month,Yes,Mailed check,95.35,4938.0,Yes,No,49-72 Months
CUST12402,Female,0,Yes,No,42,Yes,No,DSL,Yes,Yes,No,No,No,Yes,Two year,Yes,Electronic check,74.98,3108.02,No,No,25-48 Months
CUST12403,Male,1,Yes,Yes,31,Yes,Yes,DSL,No,No,No,Yes,Yes,No,Two year,Yes,Bank transfer,69.71,2227.1,No,Yes,25-48 Months
CUST12404,Male,0,No,No,63,Yes,Yes,DSL,Yes,No,Yes,No,Yes,Yes,One year,Yes,Electronic check,83.47,5318.68,No,No,49-72 Months
CUST12405,Male,1,Yes,No,26,Yes,Yes,No,No internet service,No internet service,No internet service,No internet service,No internet service,No internet service,One year,No,Credit card,43.89,1117.93,No,Yes,25-48 Months
CUST12406,Male,0,Yes,No,18,Yes,Yes,DSL,Yes,No,Yes,No,Yes,No,Month-to-month,Yes,Electronic check,69.7,1172.13,No,No,13-24 Months
CUST12407,Female,0,Yes,No,57,No,No phone service,No,No internet service,No internet service,No internet service,No internet service,No internet service,No internet service,One year,No,Bank transfer,22.09,1174.56,No,No,49-72 Months
CUST12408,Male,0,No,Yes,7,Yes,No,DSL,Yes,No,Yes,No,No,No,One year,Yes,Mailed check,62.36,444.9,No,No,0-12 Months
CUST12409,Male,0,No,Yes,48,Yes,No,DSL,Yes,No,Yes,Yes,No,No,Month-to-month,Yes,Bank transfer,62.26,2930.68,No,No,25-48 Months
CUST12410,Female,0,No,Yes,60,Yes,Yes,Fiber optic,No,Yes,No,No,Yes,No,Month-to-month,No,Credit card,86.17,5151.91,No,No,49-72 Months
CUST12411,Male,0,Yes,No,33,Yes,No,DSL,No,Yes,Yes,No,No,No,Month-to-month,Yes,Electronic check,49.06,1519.83,No,No,25-48 Months
CUST12412,Male,0,No,No,3,Yes,Yes,Fiber optic,No,No,No,Yes,No,Yes,Two year,Yes,Bank transfer,89.31,308.58,No,No,0-12 Months
CUST12413,Female,0,Yes,Yes,4,Yes,Yes,No,No internet service,No internet service,No internet service,No internet service,No internet service,No internet service,One year,No,Electronic check,42.43,98.31,No,No,0-12 Months
CUST12414,Male,1,Yes,No,4,Yes,No,DSL,No,No,Yes,No,Yes,No,Month-to-month,Yes,Electronic check,57.94,198.43,No,Yes,0-12 Months
CUST12415,Female,1,Yes,No,42,Yes,No,Fiber optic,No,No,Yes,Yes,Yes,No,Two year,Yes,Credit card,96.65,4164.74,No,Yes,25-48 Months
CUST12416,Female,0,Yes,No,9,Yes,Yes,Fiber optic,Yes,No,Yes,No,No,No,One year,No,Electronic check,88.04,804.23,No,No,0-12 Months
CUST12417,Female,0,Yes,Yes,51,Yes,Yes,DSL,Yes,No,Yes,No,No,Yes,Two year,Yes,Electronic check,74.08,3838.42,No,No,49-72 Months
CUST12418,Female,0,No,Yes,17,No,No phone service,DSL,No,No,No,Yes,Yes,No,Month-to-month,No,Electronic check,54.5,850.1,No,No,13-24 Months
CUST12419,Male,0,No,Yes,17,Yes,Yes,No,No internet service,No internet service,No internet service,No internet service,No internet service,No internet service,Month-to-month,Yes,Mailed check,42.01,736.28,No,No,13-24 Months
CUST12420,Female,0,Yes,No,20,Yes,No,DSL,No,No,No,Yes,No,Yes,One year,Yes,Credit card,59.55,1225.5,No,No,13-24 Months
CUST12421,Male,1,No,Yes,14,No,No phone service,No,No internet service,No internet service,No internet service,No internet service,No internet service,No internet service,Month-to-month,Yes,Electronic check,18.0,174.75,Yes,Yes,13-24 Months
CUST12422,Male,0,Yes,No,22,Yes,Yes,Fiber optic,Yes,No,Yes,No,No,Yes,Month-to-month,Yes,Mailed check,88.96,1961.95,No,No,13-24 Months
CUST12423,Male,0,Yes,No,52,Yes,No,DSL,Yes,No,No,Yes,No,No,Month-to-month,No,Mailed check,57.71,2967.14,No,No,49-72 Months
CUST12424,Male,0,No,No,27,Yes,Yes,Fiber optic,No,No,No,No,No,Yes,One year,No,Electronic check,105.46,2869.21,No,No,25-48 Months
CUST12425,Male,1,No,No,43,Yes,No,No,No internet service,No internet service,No internet service,No internet service,No internet service,No internet service,Month-to-month,Yes,Bank transfer,28.77,1131.12,No,Yes,25-48 Months
CUST12426,Male,0,Yes,Yes,3,Yes,No,Fiber optic,Yes,No,No,Yes,No,No,Month-to-month,No,Mailed check,77.75,149.29,No,No,0-12 Months
CUST12427,Male,0,Yes,No,8,Yes,No,Fiber optic,No,No,No,No,No,No,Month-to-month,Yes,Mailed check,74.1,481.35,No,No,0-12 Months
CUST12428,Male,0,No,No,10,Yes,No,No,No internet service,No internet service,No internet service,No internet service,No internet service,No internet service,Month-to-month,Yes,Credit card,33.56,243.55,No,No,0-12 Months
CUST12429,Male,0,No,No,29,Yes,No,DSL,Yes,No,No,Yes,Yes,Yes,Two year,No,Electronic check,70.86,2004.97,No,No,25-48 Months
CUST12430,Male,0,No,No,40,Yes,Yes,No,No internet service,No internet service,No internet service,No internet service,No internet service,No internet service,Month-to-month,Yes,Electronic check,31.42,1297.88,No,No,25-48 Months
CUST12431,Female,1,Yes,No,65,Yes,No,No,No internet service,No internet service,No internet service,No internet service,No internet service,No internet service,One year,Yes,Credit card,42.56,2773.96,No,Yes,49-72 Months
CUST12432,Female,0,Yes,Yes,21,Yes,No,Fiber optic,Yes,No,No,Yes,No,No,Month-to-month,Yes,Bank transfer,86.86,1831.17,No,No,13-24 Months
CUST12433,Female,0,Yes,Yes,24,Yes,No,No,No internet service,No internet service,No internet service,No internet service,No internet service,No internet service,Month-to-month,Yes,Credit card,37.66,825.7,No,No,13-24 Months
CUST12434,Male,0,Yes,Yes,60,Yes,No,Fiber optic,No,Yes,Yes,Yes,No,Yes,Two year,Yes,Bank transfer,95.0,5698.11,No,No,49-72 Months
CUST12435,Female,0,No,No,26,Yes,Yes,Fiber optic,No,No,Yes,No,Yes,No,Two year,No,Mailed check,102.87,2775.06,No,No,25-48 Months
CUST12436,Female,0,Yes,Yes,9,Yes,No,Fiber optic,No,Yes,No,No,No,Yes,Month-to-month,No,Bank transfer,91.54,847.45,No,No,0-12 Months
CUST12437,Female,0,Yes,No,20,Yes,No,Fiber optic,Yes,Yes,No,Yes,Yes,Yes,Month-to-month,Yes,Electronic check,106.56,2195.98,Yes,No,13-24 Months
CUST12438,Male,0,No,No,56,Yes,No,Fiber optic,No,Yes,No,No,Yes,No,Month-to-month,Yes,Bank transfer,80.86,4487.52,No,No,49-72 Months
CUST12439,Male,0,No,No,36,Yes,No,DSL,No,Yes,No,No,No,No,Month-to-month,Yes,Mailed check,51.32,1809.22,No,No,25-48 Months
CUST12440,Male,0,Yes,No,36,Yes,Yes,Fiber optic,Yes,No,Yes,Yes,Yes,No,One year,Yes,Credit card,106.25,3866.72,No,No,25-48 Months
CUST12441,Male,0,No,No,22,Yes,No,DSL,Yes,No,No,No,Yes,Yes,Month-to-month,No,Bank transfer,67.26,1404.73,No,No,13-24 Months
CUST12442,Female,1,No,Yes,1,No,No phone service,DSL,Yes,No,No,No,No,Yes,One year,No,Electronic check,53.86,44.21,No,Yes,0-12 Months
CUST12443,Female,0,No,Yes,69,Yes,No,DSL,No,Yes,No,Yes,No,No,One year,No,Mailed check,57.62,3990.47,No,No,49-72 Months
CUST12444,Female,0,Yes,No,37,No,No phone service,No,No internet service,No internet service,No internet service,No internet service,No internet service,No internet service,Month-to-month,No,Electronic check,22.11,786.74,Yes,No,25-48 Months
CUST12445,Female,0,No,Yes,72,No,No phone service,Fiber optic,No,Yes,No,Yes,No,No,One year,No,Bank transfer,71.72,5096.52,No,No,49-72 Months
CUST12446,Male,0,No,Yes,13,Yes,No,Fiber optic,Yes,Yes,Yes,No,Yes,Yes,Two year,Yes,Mailed check,106.25,1329.25,No,No,13-24 Months
CUST12447,Male,0,Yes,No,43,Yes,No,DSL,Yes,No,Yes,No,Yes,No,One year,Yes,Mailed check,61.96,2553.94,No,No,25-48 Months
CUST12448,Male,0,Yes,Yes,37,Yes,Yes,Fiber optic,Yes,No,No,Yes,Yes,Yes,Two year,Yes,Credit card,104.29,3880.77,No,No,25-48 Months
CUST12449,Female,0,No,No,25,Yes,Yes,DSL,No,No,Yes,No,No,Yes,One year,No,Credit card,67.92,1764.88,No,No,25-48 Months
CUST12450,Male,0,Yes,No,21,Yes,Yes,DSL,Yes,Yes,No,No,No,No,One year,Yes,Credit card,62.49,1271.91,No,No,13-24 Months
CUST12451,Male,0,No,No,41,Yes,No,Fiber optic,Yes,No,No,Yes,No,Yes,Two year,Yes,Electronic check,88.79,3859.45,No,No,25-48 Months
CUST12452,Female,0,Yes,No,42,Yes,No,Fiber optic,No,Yes,Yes,Yes,No,Yes,One year,Yes,Bank transfer,98.4,4072.13,No,No,25-48 Months
CUST12453,Female,1,Yes,No,42,Yes,No,DSL,No,No,No,Yes,Yes,Yes,Month-to-month,No,Credit card,72.54,2987.31,No,Yes,25-48 Months
CUST12454,Male,0,Yes,Yes,2,Yes,No,Fiber optic,Yes,No,No,No,No,No,Month-to-month,No,Bank transfer,81.25,224.08,Yes,No,0-12 Months
CUST12455,Male,0,No,Yes,68,Yes,No,No,No internet service,No internet service,No internet service,No internet service,No internet service,No internet service,Two year,Yes,Electronic check,32.53,2261.97,No,No,49-72 Months
CUST12456,Male,1,Yes,No,8,Yes,Yes,DSL,No,Yes,No,No,Yes,Yes,Month-to-month,No,Credit card,76.43,665.02,Yes,Yes,0-12 Months
CUST12457,Male,1,No,No,61,Yes,Yes,DSL,Yes,Yes,Yes,No,Yes,No,Month-to-month,Yes,Credit card,75.53,4692.77,Yes,Yes,49-72 Months
CUST12458,Male,0,No,No,14,Yes,Yes,Fiber optic,No,Yes,No,No,No,No,Month-to-month,No,Bank transfer,78.37,1022.58,Yes,No,13-24 Months
CUST12459,Male,0,No,No,21,Yes,No,DSL,No,No,No,Yes,Yes,Yes,One year,Yes,Electronic check,66.35,1423.23,No,No,13-24 Months
CUST12460,Female,0,No,Yes,24,Yes,Yes,No,No internet service,No internet service,No internet service,No internet service,No internet service,No internet service,One year,Yes,Electronic check,36.39,761.46,No,No,13-24 Months
CUST12461,Female,0,No,No,50,Yes,No,Fiber optic,No,No,No,No,No,No,Month-to-month,Yes,Bank transfer,71.86,3678.3,No,No,49-72 Months
CUST12462,Female,0,Yes,No,45,Yes,No,Fiber optic,No,No,No,Yes,Yes,No,Month-to-month,Yes,Mailed check,94.76,4344.04,Yes,No,25-48 Months
CUST12463,Male,0,No,No,64,Yes,No,Fiber optic,Yes,No,No,Yes,No,Yes,Two year,No,Bank transfer,93.38,6059.92,No,No,49-72 Months
CUST12464,Female,0,No,No,64,Yes,Yes,Fiber optic,No,No,Yes,No,Yes,Yes,One year,No,Electronic check,100.54,6430.5,No,No,49-72 Months
CUST12465,Male,0,Yes,No,26,Yes,Yes,DSL,Yes,No,Yes,Yes,No,Yes,Two year,Yes,Electronic check,81.74,2207.29,No,No,25-48 Months
CUST12466,Male,0,Yes,No,32,No,No phone service,No,No internet service,No internet service,No internet service,No internet service,No internet service,No internet service,Month-to-month,Yes,Mailed check,30.11,977.02,No,No,25-48 Months
CUST12467,Female,0,No,No,57,Yes,No,Fiber optic,Yes,No,No,No,Yes,No,One year,No,Electronic check,85.59,4989.41,Yes,No,49-72 Months
CUST12468,Male,0,Yes,Yes,53,Yes,Yes,DSL,No,Yes,No,No,No,No,One year,Yes,Bank transfer,57.18,3005.77,No,No,49-72 Months
CUST12469,Male,0,No,No,33,Yes,No,Fiber optic,No,Yes,No,No,No,Yes,Month-to-month,Yes,Mailed check,88.61,2898.27,No,No,25-48 Months
CUST12470,Female,0,Yes,Yes,52,Yes,No,DSL,No,No,Yes,Yes,No,No,Two year,Yes,Bank transfer,54.25,2855.4,No,No,49-72 Months
CUST12471,Female,1,Yes,Yes,18,Yes,Yes,DSL,Yes,No,No,Yes,No,No,Month-to-month,No,Bank transfer,62.23,1019.23,No,Yes,13-24 Months
CUST12472,Female,0,No,No,35,Yes,No,Fiber optic,No,No,Yes,Yes,No,Yes,One year,No,Electronic check,99.12,3450.27,No,No,25-48 Months
CUST12473,Male,0,Yes,No,12,Yes,No,Fiber optic,Yes,No,No,No,No,No,One year,No,Credit card,86.48,1033.67,Yes,No,0-12 Months
CUST12474,Female,0,Yes,Yes,51,Yes,No,Fiber optic,No,Yes,Yes,No,No,Yes,Month-to-month,Yes,Credit card,95.25,4750.89,No,No,49-72 Months
CUST12475,Female,0,No,No,10,Yes,Yes,DSL,Yes,Yes,No,No,Yes,No,One year,No,Bank transfer,75.95,767.4,No,No,0-12 Months
CUST12476,Male,1,Yes,Yes,52,Yes,Yes,Fiber optic,Yes,No,Yes,No,No,Yes,Month-to-month,Yes,Credit card,92.89,4870.11,No,Yes,49-72 Months
CUST12477,Female,0,No,No,34,Yes,Yes,DSL,Yes,No,No,No,No,No,One year,Yes,Electronic check,57.96,2037.44,No,No,25-48 Months
CUST12478,Female,0,No,No,67,Yes,Yes,Fiber optic,No,Yes,Yes,No,No,Yes,Month-to-month,No,Mailed check,105.62,6956.38,Yes,No,49-72 Months
CUST12479,Female,0,No,No,39,Yes,No,Fiber optic,Yes,No,No,Yes,Yes,No,Month-to-month,No,Electronic check,89.47,3570.21,Yes,No,25-48 Months
CUST12480,Male,0,Yes,No,8,Yes,No,Fiber optic,No,Yes,No,No,No,Yes,Month-to-month,No,Mailed check,83.0,497.88,No,No,0-12 Months
CUST12481,Male,0,Yes,No,29,Yes,No,No,No internet service,No internet service,No internet service,No internet service,No internet service,No internet service,Month-to-month,No,Mailed check,29.05,769.92,No,No,25-48 Months
CUST12482,Male,0,No,No,22,Yes,Yes,No,No internet service,No internet service,No internet service,No internet service,No internet service,No internet service,One year,No,Bank transfer,39.89,1040.81,No,No,13-24 Months
CUST12483,Male,0,No,No,70,Yes,Yes,No,No internet service,No internet service,No internet service,No internet service,No internet service,No internet service,Two year,No,Electronic check,35.96,2529.69,No,No,49-72 Months
CUST12484,Female,0,No,No,61,Yes,No,No,No internet service,No internet service,No internet service,No internet service,No internet service,No internet service,Month-to-month,No,Electronic check,29.11,1692.09,No,No,49-72 Months
CUST12485,Male,0,No,No,43,Yes,Yes,Fiber optic,Yes,No,No,No,Yes,No,Month-to-month,Yes,Mailed check,83.11,3464.72,No,No,25-48 Months
CUST12486,Male,1,Yes,No,49,Yes,Yes,No,No internet service,No internet service,No internet service,No internet service,No internet service,No internet service,Month-to-month,Yes,Electronic check,36.65,1694.34,No,Yes,49-72 Months
CUST12487,Female,0,Yes,No,29,No,No phone service,No,No internet service,No internet service,No internet service,No internet service,No internet service,No internet service,One year,No,Bank transfer,24.99,648.85,Yes,No,25-48 Months
CUST12488,Female,0,Yes,Yes,31,Yes,Yes,Fiber optic,Yes,No,Yes,Yes,No,Yes,Month-to-month,No,Bank transfer,103.66,3291.31,No,No,25-48 Months
CUST12489,Female,0,Yes,Yes,53,Yes,No,DSL,Yes,Yes,Yes,No,No,Yes,Month-to-month,Yes,Electronic check,82.35,4408.37,No,No,49-72 Months
CUST12490,Male,1,Yes,No,34,Yes,Yes,DSL,No,Yes,No,No,No,Yes,One year,No,Electronic check,65.39,2308.6,No,Yes,25-48 Months
CUST12491,Male,0,No,No,38,Yes,No,No,No internet service,No internet service,No internet service,No internet service,No internet service,No internet service,Month-to-month,Yes,Electronic check,27.55,962.31,No,No,25-48 Months
CUST12492,Male,0,Yes,No,57,Yes,No,Fiber optic,Yes,Yes,Yes,No,No,Yes,Month-to-month,No,Bank transfer,93.65,5178.46,No,No,49-72 Months
CUST12493,Female,0,Yes,No,4,Yes,Yes,No,No internet service,No internet service,No internet service,No internet service,No internet service,No internet service,Month-to-month,No,Credit card,33.51,185.15,No,No,0-12 Months
CUST12494,Female,0,Yes,No,2,Yes,No,DSL,Yes,No,Yes,No,Yes,No,Month-to-month,Yes,Electronic check,69.68,134.24,Yes,No,0-12 Months
CUST12495,Male,0,No,Yes,12,Yes,No,Fiber optic,No,No,No,Yes,No,No,Month-to-month,No,Credit card,78.63,879.82,No,No,0-12 Months
CUST12496,Female,0,No,No,35,Yes,No,Fiber optic,Yes,Yes,No,No,Yes,No,One year,No,Credit card,101.72,3639.92,No,No,25-48 Months
CUST12497,Female,0,No,No,70,Yes,Yes,No,No internet service,No internet service,No internet service,No internet service,No internet service,No internet service,Month-to-month,No,Electronic check,38.24,2780.4,No,No,49-72 Months
CUST12498,Female,0,No,No,72,Yes,No,DSL,No,No,Yes,Yes,No,No,Month-to-month,No,Credit card,55.64,4143.99,No,No,49-72 Months
CUST12499,Male,0,Yes,No,21,Yes,Yes,No,No internet service,No internet service,No internet service,No internet service,No internet service,No internet service,Month-to-month,Yes,Mailed check,32.04,590.29,No,No,13-24 Months
CUST12500,Female,0,No,Yes,61,Yes,No,Fiber optic,Yes,Yes,Yes,No,No,Yes,One year,Yes,Credit card,105.33,6523.68,No,No,49-72 Months
CUST12501,Female,0,Yes,No,35,Yes,No,DSL,No,Yes,No,No,Yes,Yes,Two year,No,Mailed check,70.1,2484.8,No,No,25-48 Months
CUST12502,Male,0,Yes,No,48,Yes,No,Fiber optic,Yes,Yes,No,Yes,No,No,One year,No,Electronic check,96.53,4583.45,Yes,No,25-48 Months
CUST12503,Male,0,No,Yes,15,Yes,No,DSL,No,Yes,Yes,No,No,No,Month-to-month,Yes,Credit card,60.35,1001.99,No,No,13-24 Months
CUST12504,Female,0,No,No,71,No,No phone service,DSL,No,No,Yes,Yes,Yes,No,One year,Yes,Electronic check,57.08,3981.84,No,No,49-72 Months
CUST12505,Female,0,Yes,No,15,Yes,Yes,Fiber optic,No,Yes,No,Yes,No,Yes,Month-to-month,Yes,Credit card,105.7,1535.26,Yes,No,13-24 Months
CUST12506,Male,0,Yes,No,6,Yes,No,DSL,No,No,Yes,Yes,No,Yes,Month-to-month,Yes,Electronic check,68.86,485.45,Yes,No,0-12 Months
CUST12507,Male,0,No,Yes,68,Yes,No,DSL,No,No,No,No,Yes,Yes,Month-to-month,No,Bank transfer,65.81,4425.78,No,No,49-72 Months
CUST12508,Female,0,Yes,No,22,Yes,No,No,No internet service,No internet service,No internet service,No internet service,No internet service,No internet service,Month-to-month,Yes,Mailed check,27.97,647.93,Yes,No,13-24 Months
CUST12509,Female,0,Yes,No,32,Yes,No,Fiber optic,Yes,No,No,Yes,Yes,Yes,Month-to-month,Yes,Credit card,103.36,3267.53,No,No,25-48 Months
CUST12510,Female,0,Yes,No,22,Yes,No,Fiber optic,Yes,Yes,No,Yes,No,No,Month-to-month,No,Electronic check,89.63,1985.73,Yes,No,13-24 Months
CUST12511,Female,0,Yes,No,27,Yes,No,DSL,No,No,No,Yes,Yes,Yes,Month-to-month,Yes,Mailed check,66.22,1807.77,No,No,25-48 Months
CUST12512,Male,0,No,No,15,Yes,Yes,No,No internet service,No internet service,No internet service,No internet service,No internet service,No internet service,Two year,No,Bank transfer,47.76,639.75,No,No,13-24 Months
CUST12513,Female,0,Yes,No,44,Yes,Yes,No,No internet service,No internet service,No internet service,No internet service,No internet service,No internet service,Two year,Yes,Credit card,35.5,1578.68,No,No,25-48 Months
CUST12514,Female,0,Yes,No,9,Yes,No,Fiber optic,No,No,Yes,Yes,Yes,No,Two year,No,Electronic check,88.05,750.36,Yes,No,0-12 Months
CUST12515,Male,0,No,No,34,Yes,No,No,No internet service,No internet service,No internet service,No internet service,No internet service,No internet service,Month-to-month,Yes,Mailed check,35.69,1136.86,Yes,No,25-48 Months
CUST12516,Female,0,No,Yes,15,Yes,No,No,No internet service,No internet service,No internet service,No internet service,No internet service,No internet service,Two year,Yes,Mailed check,33.39,411.79,No,No,13-24 Months
CUST12517,Male,1,Yes,Yes,62,Yes,Yes,Fiber optic,Yes,Yes,Yes,No,Yes,No,Two year,Yes,Electronic check,100.69,6154.29,No,Yes,49-72 Months
CUST12518,Female,1,Yes,Yes,45,No,No phone service,Fiber optic,No,No,No,No,No,No,Two year,No,Credit card,64.61,2858.73,No,Yes,25-48 Months
CUST12519,Female,0,Yes,Yes,72,Yes,No,DSL,Yes,No,No,Yes,No,No,Month-to-month,Yes,Electronic check,63.34,4606.75,Yes,No,49-72 Months
CUST12520,Male,0,No,Yes,58,Yes,Yes,DSL,No,No,Yes,No,Yes,Yes,One year,Yes,Bank transfer,77.06,4360.17,No,No,49-72 Months
CUST12521,Male,0,No,Yes,19,Yes,No,DSL,No,No,Yes,Yes,No,No,Month-to-month,No,Mailed check,63.93,1221.35,No,No,13-24 Months
CUST12522,Female,0,No,Yes,16,Yes,No,DSL,No,No,Yes,Yes,No,Yes,Month-to-month,Yes,Electronic check,66.97,1101.45,No,No,13-24 Months
CUST12523,Female,0,No,No,8,Yes,No,DSL,Yes,No,Yes,Yes,No,No,Month-to-month,No,Mailed check,69.09,632.76,No,No,0-12 Months
CUST12524,Female,0,No,Yes,33,Yes,No,No,No internet service,No internet service,No internet service,No internet service,No internet service,No internet service,Two year,Yes,Credit card,28.46,895.43,No,No,25-48 Months
CUST12525,Male,0,No,No,18,Yes,No,DSL,No,Yes,No,No,No,Yes,Month-to-month,Yes,Mailed check,58.77,1070.88,No,No,13-24 Months
CUST12526,Female,0,No,Yes,35,Yes,No,No,No internet service,No internet service,No internet service,No internet service,No internet service,No internet service,Month-to-month,Yes,Electronic check,35.27,1141.85,No,No,25-48 Months
CUST12527,Male,0,Yes,No,43,Yes,No,Fiber optic,No,Yes,No,No,No,No,Two year,Yes,Electronic check,81.46,3398.41,No,No,25-48 Months
CUST12528,Male,0,No,No,50,Yes,No,DSL,Yes,No,No,No,Yes,Yes,Month-to-month,Yes,Bank transfer,72.43,3650.74,No,No,49-72 Months
CUST12529,Female,0,Yes,No,3,Yes,Yes,Fiber optic,No,Yes,Yes,No,Yes,Yes,Two year,Yes,Electronic check,112.12,501.85,No,No,0-12 Months
CUST12530,Male,0,Yes,No,59,Yes,No,DSL,No,No,Yes,Yes,No,No,One year,Yes,Credit card,57.14,3423.92,No,No,49-72 Months
CUST12531,Female,0,No,Yes,28,No,No phone service,No,No internet service,No internet service,No internet service,No internet service,No internet service,No internet service,Month-to-month,No,Bank transfer,22.66,537.3,No,No,25-48 Months
CUST12532,Female,0,Yes,No,46,Yes,Yes,No,No internet service,No internet service,No internet service,No internet service,No internet service,No internet service,Month-to-month,No,Mailed check,48.6,2145.37,No,No,25-48 Months
CUST12533,Female,0,No,No,64,Yes,No,DSL,Yes,No,Yes,No,No,No,Month-to-month,No,Bank transfer,59.2,3838.03,No,No,49-72 Months
CUST12534,Female,1,No,No,70,Yes,Yes,No,No internet service,No internet service,No internet service,No internet service,No internet service,No internet service,Two year,Yes,Mailed check,30.97,2225.42,No,Yes,49-72 Months
CUST12535,Female,0,Yes,No,47,Yes,No,Fiber optic,Yes,No,Yes,Yes,No,No,Two year,No,Credit card,94.11,4427.56,No,No,25-48 Months
CUST12536,Male,1,No,No,14,Yes,Yes,DSL,Yes,No,Yes,Yes,Yes,No,Month-to-month,Yes,Mailed check,70.68,972.61,No,Yes,13-24 Months
CUST12537,Male,1,Yes,No,7,Yes,Yes,Fiber optic,No,No,Yes,Yes,No,No,Month-to-month,No,Electronic check,86.51,647.36,Yes,Yes,0-12 Months
CUST12538,Female,0,Yes,Yes,31,Yes,No,Fiber optic,No,Yes,No,Yes,No,Yes,Month-to-month,Yes,Bank transfer,92.03,2770.45,No,No,25-48 Months
CUST12539,Female,0,No,No,51,Yes,No,DSL,No,Yes,No,Yes,No,No,One year,No,Bank transfer,59.86,3134.86,No,No,49-72 Months
CUST12540,Male,0,No,Yes,29,Yes,No,Fiber optic,Yes,No,Yes,No,No,No,Month-to-month,No,Bank transfer,85.94,2520.59,No,No,25-48 Months
CUST12541,Male,1,No,No,15,Yes,No,DSL,No,No,No,Yes,Yes,No,Month-to-month,No,Credit card,73.03,1031.0,Yes,Yes,13-24 Months
CUST12542,Male,0,Yes,Yes,25,Yes,No,Fiber optic,No,No,No,No,No,No,One year,No,Mailed check,75.42,1878.83,No,No,25-48 Months
CUST12543,Male,0,No,Yes,61,No,No phone service,DSL,No,Yes,No,Yes,No,No,Month-to-month,Yes,Mailed check,47.11,3151.53,No,No,49-72 Months
CUST12544,Female,0,Yes,No,41,Yes,No,No,No internet service,No internet service,No internet service,No internet service,No internet service,No internet service,Month-to-month,No,Mailed check,26.79,1075.09,No,No,25-48 Months
CUST12545,Female,0,No,No,69,Yes,No,Fiber optic,Yes,Yes,No,No,No,No,One year,Yes,Credit card,82.72,5752.69,No,No,49-72 Months
CUST12546,Male,0,Yes,No,4,Yes,Yes,DSL,No,No,No,Yes,Yes,No,One year,Yes,Credit card,62.93,318.47,No,No,0-12 Months
CUST12547,Female,0,No,Yes,57,Yes,No,DSL,No,No,No,No,No,No,Month-to-month,Yes,Credit card,52.8,3025.0,No,No,49-72 Months
CUST12548,Male,0,Yes,Yes,31,Yes,Yes,DSL,Yes,Yes,Yes,No,Yes,No,One year,No,Electronic check,80.51,2463.61,No,No,25-48 Months
CUST12549,Female,1,Yes,No,3,Yes,No,Fiber optic,No,No,No,Yes,Yes,No,Month-to-month,Yes,Mailed check,89.33,209.76,No,Yes,0-12 Months
CUST12550,Male,0,No,No,67,Yes,Yes,DSL,No,No,No,Yes,Yes,Yes,One year,Yes,Electronic check,80.0,5346.26,No,No,49-72 Months
CUST12551,Female,1,No,No,50,Yes,No,No,No internet service,No internet service,No internet service,No internet service,No internet service,No internet service,Two year,Yes,Mailed check,33.1,1643.4,No,Yes,49-72 Months
CUST12552,Male,0,No,No,17,Yes,No,No,No internet service,No internet service,No internet service,No internet service,No internet service,No internet service,One year,No,Electronic check,23.09,494.57,No,No,13-24 Months
CUST12553,Male,0,No,No,60,Yes,No,Fiber optic,Yes,No,No,Yes,Yes,Yes,One year,No,Electronic check,97.59,5983.64,No,No,49-72 Months
CUST12554,Female,0,No,No,66,Yes,No,DSL,No,No,No,Yes,No,Yes,One year,Yes,Mailed check,60.8,4157.68,No,No,49-72 Months
CUST12555,Male,0,No,No,24,Yes,No,Fiber optic,Yes,Yes,No,Yes,Yes,No,Month-to-month,Yes,Mailed check,103.89,2465.2,No,No,13-24 Months
CUST12556,Female,0,Yes,No,32,Yes,Yes,Fiber optic,No,No,No,No,No,Yes,Month-to-month,Yes,Electronic check,96.33,3166.38,No,No,25-48 Months
CUST12557,Female,0,No,No,19,Yes,No,Fiber optic,Yes,Yes,Yes,No,Yes,No,Month-to-month,Yes,Electronic check,94.87,1824.86,No,No,13-24 Months
CUST12558,Male,0,Yes,No,66,Yes,No,Fiber optic,Yes,Yes,No,No,Yes,No,One year,No,Bank transfer,87.04,5658.59,No,No,49-72 Months
CUST12559,Female,1,No,No,60,Yes,No,Fiber optic,No,No,No,Yes,No,No,Month-to-month,Yes,Electronic check,80.79,4728.83,Yes,Yes,49-72 Months
CUST12560,Female,1,No,No,66,No,No phone service,Fiber optic,No,Yes,No,No,Yes,Yes,Month-to-month,Yes,Bank transfer,82.41,5413.01,Yes,Yes,49-72 Months
CUST12561,Female,0,No,Yes,15,Yes,No,No,No internet service,No internet service,No internet service,No internet service,No internet service,No internet service,One year,No,Mailed check,29.58,432.37,No,No,13-24 Months
CUST12562,Female,0,No,Yes,35,Yes,No,DSL,No,No,No,Yes,Yes,Yes,Month-to-month,Yes,Credit card,75.08,2556.2,Yes,No,25-48 Months
CUST12563,Female,0,No,No,69,Yes,No,Fiber optic,No,Yes,Yes,Yes,Yes,No,One year,No,Electronic check,98.34,6884.68,No,No,49-72 Months
CUST12564,Male,0,No,Yes,27,No,No phone service,Fiber optic,No,No,No,Yes,No,No,Month-to-month,No,Electronic check,67.6,1944.24,No,No,25-48 Months
CUST12565,Female,1,Yes,Yes,7,Yes,No,DSL,No,Yes,Yes,Yes,No,No,Month-to-month,Yes,Bank transfer,61.71,416.99,Yes,Yes,0-12 Months
CUST12566,Female,0,No,No,6,Yes,Yes,Fiber optic,No,No,No,No,Yes,No,Month-to-month,Yes,Credit card,81.82,613.36,Yes,No,0-12 Months
CUST12567,Female,0,Yes,No,33,Yes,No,No,No internet service,No internet service,No internet service,No internet service,No internet service,No internet service,Month-to-month,Yes,Electronic check,32.81,1116.86,No,No,25-48 Months
CUST12568,Female,1,No,No,58,Yes,No,Fiber optic,Yes,No,Yes,No,No,No,Month-to-month,Yes,Electronic check,86.41,4854.86,Yes,Yes,49-72 Months
CUST12569,Female,0,Yes,No,49,Yes,Yes,DSL,Yes,No,No,No,No,Yes,Month-to-month,Yes,Credit card,71.82,3356.56,No,No,49-72 Months
CUST12570,Male,1,Yes,No,17,Yes,Yes,DSL,Yes,No,No,No,No,No,Month-to-month,No,Electronic check,61.92,1079.86,Yes,Yes,13-24 Months
CUST12571,Female,0,Yes,No,42,Yes,Yes,DSL,No,Yes,No,No,Yes,No,One year,No,Electronic check,63.72,2663.85,Yes,No,25-48 Months
CUST12572,Male,0,Yes,No,72,No,No phone service,DSL,Yes,Yes,No,No,No,Yes,Month-to-month,Yes,Credit card,57.28,4049.49,No,No,49-72 Months
CUST12573,Male,0,No,No,40,Yes,Yes,No,No internet service,No internet service,No internet service,No internet service,No internet service,No internet service,One year,No,Credit card,42.7,1742.83,No,No,25-48 Months
CUST12574,Male,0,Yes,No,46,Yes,No,Fiber optic,Yes,No,No,No,Yes,No,One year,Yes,Mailed check,87.29,4190.48,No,No,25-48 Months
CUST12575,Male,0,No,No,71,No,No phone service,DSL,Yes,No,No,Yes,Yes,No,Month-to-month,No,Credit card,65.21,4635.85,No,No,49-72 Months
CUST12576,Female,0,Yes,Yes,70,Yes,No,No,No internet service,No internet service,No internet service,No internet service,No internet service,No internet service,Month-to-month,Yes,Bank transfer,31.26,2154.37,No,No,49-72 Months
CUST12577,Male,0,No,Yes,68,Yes,No,Fiber optic,No,Yes,Yes,Yes,Yes,Yes,Month-to-month,Yes,Electronic check,113.84,7684.96,No,No,49-72 Months
CUST12578,Male,0,No,No,1,Yes,No,DSL,Yes,Yes,No,No,No,No,Two year,No,Bank transfer,70.24,0.0,No,No,0-12 Months
CUST12579,Female,0,No,Yes,52,Yes,No,Fiber optic,Yes,No,Yes,Yes,No,No,Two year,Yes,Mailed check,85.51,4511.79,No,No,49-72 Months
CUST12580,Female,0,No,No,35,Yes,No,DSL,No,No,No,No,No,No,Month-to-month,Yes,Bank transfer,46.77,1602.69,No,No,25-48 Months
CUST12581,Female,0,Yes,No,69,Yes,Yes,No,No internet service,No internet service,No internet service,No internet service,No internet service,No internet service,One year,Yes,Credit card,34.71,2384.33,No,No,49-72 Months
CUST12582,Male,0,No,No,5,Yes,No,Fiber optic,No,No,Yes,Yes,No,Yes,Two year,Yes,Electronic check,83.46,384.59,No,No,0-12 Months
CUST12583,Female,0,Yes,No,17,Yes,Yes,No,No internet service,No internet service,No internet service,No internet service,No internet service,No internet service,One year,No,Bank transfer,39.32,796.78,No,No,13-24 Months
CUST12584,Female,0,No,No,53,Yes,Yes,DSL,Yes,Yes,No,No,No,Yes,Month-to-month,No,Mailed check,76.18,3924.1,No,No,49-72 Months
CUST12585,Male,0,No,Yes,52,Yes,No,No,No internet service,No internet service,No internet service,No internet service,No internet service,No internet service,Month-to-month,Yes,Electronic check,30.96,1664.8,No,No,49-72 Months
CUST12586,Female,0,Yes,No,14,Yes,Yes,DSL,No,Yes,No,No,No,Yes,Month-to-month,Yes,Bank transfer,62.88,949.98,No,No,13-24 Months
CUST12587,Female,0,No,No,29,Yes,No,No,No internet service,No internet service,No internet service,No internet service,No internet service,No internet service,One year,Yes,Bank transfer,37.94,1041.29,No,No,25-48 Months
CUST12588,Female,0,No,No,8,Yes,Yes,No,No internet service,No internet service,No internet service,No internet service,No internet service,No internet service,One year,No,Credit card,27.6,269.27,No,No,0-12 Months
CUST12589,Female,1,Yes,No,1,Yes,No,Fiber optic,Yes,Yes,Yes,Yes,Yes,Yes,Month-to-month,Yes,Credit card,102.39,88.8,Yes,Yes,0-12 Months
CUST12590,Male,0,Yes,Yes,29,Yes,Yes,Fiber optic,No,No,No,No,No,Yes,Month-to-month,No,Bank transfer,93.43,2774.63,No,No,25-48 Months
CUST12591,Female,0,Yes,Yes,36,Yes,Yes,Fiber optic,Yes,No,No,No,Yes,No,Two year,No,Electronic check,95.58,3363.33,No,No,25-48 Months
CUST12592,Female,0,No,Yes,51,Yes,Yes,No,No internet service,No internet service,No internet service,No internet service,No internet service,No internet service,Two year,Yes,Mailed check,33.93,1751.96,No,No,49-72 Months
CUST12593,Male,0,No,No,37,Yes,No,DSL,No,No,No,No,No,No,Month-to-month,Yes,Mailed check,50.27,1865.98,No,No,25-48 Months
CUST12594,Female,1,Yes,No,69,Yes,No,Fiber optic,No,No,No,Yes,No,No,Month-to-month,No,Electronic check,80.65,5607.93,Yes,Yes,49-72 Months
CUST12595,Male,0,Yes,No,53,Yes,No,No,No internet service,No internet service,No internet service,No internet service,No internet service,No internet service,Month-to-month,Yes,Mailed check,35.89,1711.53,Yes,No,49-72 Months
CUST12596,Female,0,No,No,52,Yes,No,Fiber optic,No,Yes,No,No,No,No,Month-to-month,Yes,Bank transfer,73.92,3786.28,Yes,No,49-72 Months
CUST12597,Male,0,No,No,12,No,No phone service,Fiber optic,Yes,Yes,No,Yes,No,Yes,Month-to-month,No,Bank transfer,88.46,1108.37,No,No,0-12 Months
CUST12598,Male,0,Yes,No,52,Yes,No,No,No internet service,No internet service,No internet service,No internet service,No internet service,No internet service,Month-to-month,No,Credit card,35.39,1980.59,No,No,49-72 Months
CUST12599,Male,0,Yes,Yes,1,Yes,No,DSL,No,No,Yes,No,Yes,No,Two year,Yes,Electronic check,57.01,140.83,No,No,0-12 Months
CUST12600,Male,0,No,Yes,7,Yes,Yes,Fiber optic,Yes,Yes,Yes,No,No,No,Two year,Yes,Mailed check,96.74,709.5,Yes,No,0-12 Months
CUST12601,Female,0,Yes,No,17,Yes,No,DSL,No,Yes,Yes,No,Yes,No,Month-to-month,Yes,Bank transfer,66.71,1066.18,No,No,13-24 Months
CUST12602,Male,0,Yes,No,43,Yes,No,DSL,No,No,No,Yes,No,Yes,Two year,No,Bank transfer,53.93,2342.96,No,No,25-48 Months
CUST12603,Female,0,No,No,71,Yes,Yes,Fiber optic,No,No,Yes,No,Yes,No,One year,No,Electronic check,95.46,6824.56,No,No,49-72 Months
CUST12604,Male,0,No,No,17,Yes,Yes,Fiber optic,No,No,No,No,No,Yes,Month-to-month,No,Electronic check,90.76,1685.38,Yes,No,13-24 Months
CUST12605,Male,0,Yes,No,59,Yes,No,Fiber optic,No,Yes,Yes,Yes,No,No,Two year,No,Electronic check,97.48,5680.58,No,No,49-72 Months
CUST12606,Male,0,Yes,Yes,3,Yes,No,Fiber optic,No,No,Yes,No,No,No,One year,Yes,Credit card,79.89,209.38,No,No,0-12 Months
CUST12607,Female,1,Yes,Yes,29,Yes,No,DSL,Yes,No,Yes,No,No,Yes,Two year,Yes,Credit card,69.19,2167.31,No,Yes,25-48 Months
CUST12608,Male,0,Yes,No,22,Yes,No,DSL,No,No,No,No,Yes,Yes,Month-to-month,Yes,Electronic check,71.36,1554.05,Yes,No,13-24 Months
CUST12609,Female,1,No,No,38,Yes,No,Fiber optic,No,No,No,No,No,No,Month-to-month,No,Electronic check,71.79,2767.3,Yes,Yes,25-48 Months
CUST12610,Female,0,Yes,Yes,54,No,No phone service,Fiber optic,No,No,No,Yes,Yes,No,Month-to-month,Yes,Electronic check,71.1,3754.42,No,No,49-72 Months
CUST12611,Female,0,No,Yes,50,Yes,Yes,Fiber optic,No,Yes,No,Yes,No,No,Month-to-month,No,Electronic check,92.61,4603.13,No,No,49-72 Months
CUST12612,Female,0,No,Yes,69,Yes,Yes,Fiber optic,No,No,No,Yes,No,Yes,One year,No,Electronic check,93.01,6443.96,No,No,49-72 Months
CUST12613,Female,0,Yes,No,30,Yes,Yes,No,No internet service,No internet service,No internet service,No internet service,No internet service,No internet service,Two year,No,Electronic check,36.55,1065.94,No,No,25-48 Months
CUST12614,Female,0,Yes,No,23,Yes,Yes,Fiber optic,No,No,No,Yes,Yes,Yes,One year,No,Mailed check,98.89,2288.86,Yes,No,13-24 Months
CUST12615,Female,0,No,Yes,47,Yes,No,DSL,No,Yes,No,Yes,No,Yes,Month-to-month,Yes,Electronic check,62.8,2972.07,No,No,25-48 Months
CUST12616,Female,0,No,Yes,21,Yes,No,No,No internet service,No internet service,No internet service,No internet service,No internet service,No internet service,Month-to-month,Yes,Mailed check,34.67,733.77,No,No,13-24 Months
CUST12617,Female,1,No,Yes,20,Yes,No,No,No internet service,No internet service,No internet service,No internet service,No internet service,No internet service,Two year,Yes,Mailed check,29.9,537.99,No,Yes,13-24 Months
CUST12618,Male,0,Yes,No,23,No,No phone service,Fiber optic,Yes,Yes,No,Yes,No,No,Month-to-month,Yes,Credit card,91.23,2164.49,No,No,13-24 Months
CUST12619,Male,0,No,Yes,68,Yes,No,No,No internet service,No internet service,No internet service,No internet service,No internet service,No internet service,Month-to-month,Yes,Credit card,24.8,1700.91,No,No,49-72 Months
CUST12620,Male,0,No,No,21,Yes,No,Fiber optic,No,No,Yes,Yes,Yes,Yes,Two year,Yes,Mailed check,109.03,2236.42,No,No,13-24 Months
CUST12621,Male,0,No,Yes,21,Yes,No,Fiber optic,No,Yes,No,No,No,Yes,Two year,No,Electronic check,88.46,1793.28,Yes,No,13-24 Months
CUST12622,Male,0,Yes,Yes,1,Yes,No,DSL,Yes,No,Yes,No,No,No,One year,Yes,Electronic check,60.09,0.0,No,No,0-12 Months
CUST12623,Female,0,No,No,15,Yes,Yes,Fiber optic,Yes,No,Yes,No,No,No,Month-to-month,No,Electronic check,86.5,1393.84,Yes,No,13-24 Months
CUST12624,Female,1,No,No,17,Yes,No,DSL,No,Yes,No,Yes,No,No,Month-to-month,Yes,Mailed check,56.69,906.62,No,Yes,13-24 Months
CUST12625,Female,0,Yes,Yes,51,Yes,Yes,DSL,Yes,No,No,No,Yes,No,One year,No,Bank transfer,75.29,3767.16,No,No,49-72 Months
CUST12626,Female,0,No,No,63,Yes,No,DSL,No,Yes,Yes,Yes,Yes,No,Two year,Yes,Mailed check,58.67,3617.24,No,No,49-72 Months
CUST12627,Female,0,Yes,No,14,Yes,Yes,DSL,No,No,No,No,No,Yes,Two year,Yes,Electronic check,55.02,611.21,No,No,13-24 Months
CUST12628,Female,1,Yes,No,59,No,No phone service,Fiber optic,No,No,No,No,Yes,No,Month-to-month,Yes,Bank transfer,63.94,3948.8,Yes,Yes,49-72 Months
CUST12629,Female,0,Yes,No,50,Yes,No,Fiber optic,No,No,No,No,Yes,No,Two year,No,Electronic check,87.86,4399.87,No,No,49-72 Months
CUST12630,Male,0,No,No,34,Yes,Yes,DSL,No,No,No,No,No,No,Month-to-month,Yes,Electronic check,60.4,1982.88,No,No,25-48 Months
CUST12631,Male,0,Yes,No,6,Yes,No,No,No internet service,No internet service,No internet service,No internet service,No internet service,No internet service,Month-to-month,No,Bank transfer,24.93,122.09,No,No,0-12 Months
CUST12632,Male,0,Yes,Yes,49,Yes,Yes,DSL,No,No,No,No,No,No,Month-to-month,No,Electronic check,54.64,2576.92,No,No,49-72 Months
CUST12633,Male,0,No,No,6,Yes,Yes,Fiber optic,Yes,No,Yes,No,No,No,Two year,Yes,Bank transfer,92.65,570.65,No,No,0-12 Months
CUST12634,Female,0,Yes,No,69,Yes,Yes,DSL,No,No,Yes,Yes,Yes,No,Month-to-month,Yes,Credit card,79.1,5445.67,No,No,49-72 Months
CUST12635,Female,0,No,Yes,7,Yes,No,DSL,No,No,Yes,No,Yes,No,Month-to-month,No,Credit card,56.93,487.63,No,No,0-12 Months
CUST12636,Female,0,No,Yes,51,Yes,Yes,DSL,No,No,No,No,No,No,Two year,Yes,Electronic check,57.67,2885.04,No,No,49-72 Months
CUST12637,Male,0,No,Yes,1,Yes,No,Fiber optic,No,Yes,No,No,No,No,Month-to-month,No,Mailed check,78.28,107.19,No,No,0-12 Months
CUST12638,Female,0,No,No,13,Yes,Yes,Fiber optic,Yes,No,No,No,No,Yes,Month-to-month,Yes,Mailed check,93.49,1216.79,No,No,13-24 Months
CUST12639,Female,0,No,No,43,Yes,Yes,DSL,No,No,No,Yes,No,No,One year,No,Credit card,57.52,2404.71,No,No,25-48 Months
CUST12640,Female,0,Yes,No,27,No,No phone service,Fiber optic,No,Yes,No,Yes,No,No,One year,No,Credit card,76.05,2082.1,Yes,No,25-48 Months
CUST12641,Male,0,No,Yes,71,Yes,Yes,DSL,Yes,No,Yes,Yes,No,Yes,Month-to-month,No,Electronic check,75.09,5324.81,Yes,No,49-72 Months
CUST12642,Female,0,Yes,No,3,Yes,Yes,No,No internet service,No internet service,No internet service,No internet service,No internet service,No internet service,Two year,Yes,Credit card,37.48,192.08,No,No,0-12 Months
CUST12643,Male,0,No,No,58,Yes,Yes,Fiber optic,No,Yes,Yes,Yes,Yes,Yes,Month-to-month,No,Electronic check,118.81,6923.3,No,No,49-72 Months
CUST12644,Male,0,Yes,No,17,Yes,No,DSL,No,No,No,No,No,No,Two year,No,Electronic check,55.22,900.37,No,No,13-24 Months
CUST12645,Male,1,No,No,45,Yes,No,Fiber optic,No,Yes,No,Yes,No,Yes,One year,Yes,Mailed check,98.95,4523.82,No,Yes,25-48 Months
CUST12646,Male,0,No,No,58,Yes,Yes,No,No internet service,No internet service,No internet service,No internet service,No internet service,No internet service,Month-to-month,No,Electronic check,38.58,2260.91,No,No,49-72 Months
CUST12647,Female,0,No,No,56,Yes,Yes,Fiber optic,No,No,No,No,Yes,No,Two year,Yes,Credit card,94.66,5259.57,No,No,49-72 Months
CUST12648,Male,0,Yes,No,54,Yes,No,Fiber optic,Yes,No,No,No,No,Yes,Month-to-month,No,Electronic check,77.99,4287.13,Yes,No,49-72 Months
CUST12649,Male,0,Yes,No,29,Yes,Yes,Fiber optic,No,No,No,Yes,Yes,No,Month-to-month,No,Credit card,85.53,2549.68,No,No,25-48 Months
CUST12650,Female,0,No,No,54,Yes,No,Fiber optic,Yes,Yes,No,Yes,No,No,Two year,Yes,Credit card,84.97,4516.33,Yes,No,49-72 Months
CUST12651,Female,0,No,No,27,Yes,No,No,No internet service,No internet service,No internet service,No internet service,No internet service,No internet service,Month-to-month,Yes,Credit card,25.32,625.43,No,No,25-48 Months
CUST12652,Male,0,Yes,Yes,45,Yes,No,No,No internet service,No internet service,No internet service,No internet service,No internet service,No internet service,Month-to-month,No,Mailed check,35.24,1595.7,No,No,25-48 Months
CUST12653,Female,0,No,Yes,31,Yes,Yes,Fiber optic,No,Yes,Yes,No,Yes,No,Month-to-month,Yes,Bank transfer,91.46,2806.85,Yes,No,25-48 Months
CUST12654,Male,0,No,Yes,36,Yes,No,Fiber optic,No,Yes,No,Yes,No,Yes,Month-to-month,No,Mailed check,85.22,3041.95,Yes,No,25-48 Months
CUST12655,Male,0,Yes,No,61,Yes,No,Fiber optic,No,No,Yes,No,No,Yes,Two year,No,Credit card,86.39,5206.26,No,No,49-72 Months
CUST12656,Male,0,No,No,37,Yes,No,Fiber optic,No,Yes,Yes,No,Yes,Yes,Two year,Yes,Electronic check,99.68,3702.12,No,No,25-48 Months
CUST12657,Male,0,No,Yes,67,Yes,No,No,No internet service,No internet service,No internet service,No internet service,No internet service,No internet service,Month-to-month,Yes,Bank transfer,34.38,2320.92,No,No,49-72 Months
CUST12658,Female,1,Yes,Yes,36,Yes,No,Fiber optic,Yes,No,Yes,No,No,No,Month-to-month,Yes,Bank transfer,83.66,2897.32,No,Yes,25-48 Months
CUST12659,Male,1,Yes,No,5,Yes,No,Fiber optic,No,No,No,Yes,Yes,Yes,Month-to-month,No,Bank transfer,93.09,434.53,Yes,Yes,0-12 Months
CUST12660,Female,0,No,No,46,No,No phone service,DSL,No,No,No,No,No,No,Month-to-month,Yes,Credit card,44.44,1999.01,No,No,25-48 Months
CUST12661,Female,0,No,No,52,Yes,No,Fiber optic,No,Yes,No,Yes,No,No,Month-to-month,Yes,Electronic check,80.5,4208.18,No,No,49-72 Months
CUST12662,Female,0,Yes,No,49,No,No phone service,No,No internet service,No internet service,No internet service,No internet service,No internet service,No internet service,Month-to-month,No,Mailed check,20.61,1055.78,No,No,49-72 Months
CUST12663,Female,0,No,No,6,Yes,No,Fiber optic,Yes,No,No,Yes,No,Yes,Month-to-month,Yes,Mailed check,94.85,626.97,No,No,0-12 Months
CUST12664,Male,0,No,No,10,Yes,No,DSL,No,Yes,Yes,No,No,Yes,One year,Yes,Electronic check,65.15,621.86,No,No,0-12 Months
CUST12665,Female,0,No,No,23,No,No phone service,DSL,No,No,No,No,No,Yes,Two year,Yes,Electronic check,51.3,1222.8,No,No,13-24 Months
CUST12666,Male,0,Yes,Yes,17,Yes,No,Fiber optic,No,No,No,Yes,Yes,No,One year,Yes,Electronic check,82.72,1286.15,No,No,13-24 Months
CUST12667,Female,0,No,No,44,Yes,Yes,No,No internet service,No internet service,No internet service,No internet service,No internet service,No internet service,One year,Yes,Credit card,44.81,2078.29,No,No,25-48 Months
CUST12668,Female,0,Yes,No,41,Yes,Yes,No,No internet service,No internet service,No internet service,No internet service,No internet service,No internet service,Month-to-month,Yes,Credit card,35.43,1396.9,No,No,25-48 Months
CUST12669,Male,0,Yes,No,15,Yes,No,No,No internet service,No internet service,No internet service,No internet service,No internet service,No internet service,Two year,Yes,Electronic check,27.8,309.29,No,No,13-24 Months
CUST12670,Male,0,Yes,No,44,Yes,No,Fiber optic,No,Yes,No,No,Yes,Yes,Two year,Yes,Electronic check,86.7,3759.5,No,No,25-48 Months
CUST12671,Male,0,No,No,58,Yes,No,Fiber optic,Yes,Yes,Yes,Yes,No,Yes,Two year,No,Electronic check,96.4,5706.89,No,No,49-72 Months
CUST12672,Female,1,No,Yes,50,Yes,Yes,Fiber optic,No,No,No,Yes,No,Yes,Month-to-month,No,Mailed check,89.94,4547.9,Yes,Yes,49-72 Months
CUST12673,Female,0,Yes,No,52,Yes,No,Fiber optic,No,No,Yes,No,No,No,One year,Yes,Credit card,74.36,4009.96,No,No,49-72 Months
CUST12674,Male,0,No,Yes,70,Yes,No,Fiber optic,Yes,No,No,Yes,Yes,No,One year,Yes,Electronic check,86.09,6050.2,No,No,49-72 Months
CUST12675,Male,1,Yes,Yes,68,No,No phone service,Fiber optic,No,Yes,No,Yes,Yes,No,Month-to-month,Yes,Bank transfer,82.22,5699.48,No,Yes,49-72 Months
CUST12676,Male,1,Yes,Yes,63,Yes,No,Fiber optic,No,No,No,Yes,No,Yes,Two year,Yes,Electronic check,90.01,5641.71,No,Yes,49-72 Months
CUST12677,Male,0,No,No,58,Yes,No,DSL,Yes,No,Yes,Yes,Yes,Yes,Month-to-month,Yes,Credit card,80.4,4558.5,No,No,49-72 Months
CUST12678,Female,0,No,No,23,Yes,No,DSL,Yes,No,Yes,Yes,No,Yes,Month-to-month,No,Credit card,56.02,1317.63,No,No,13-24 Months
CUST12679,Male,0,Yes,No,44,Yes,No,No,No internet service,No internet service,No internet service,No internet service,No internet service,No internet service,Month-to-month,Yes,Credit card,24.79,1096.83,No,No,25-48 Months
CUST12680,Male,0,No,No,44,Yes,Yes,No,No internet service,No internet service,No internet service,No internet service,No internet service,No internet service,Month-to-month,Yes,Electronic check,42.69,1918.19,No,No,25-48 Months
CUST12681,Male,0,Yes,No,52,Yes,No,Fiber optic,Yes,No,Yes,No,No,No,Two year,No,Mailed check,78.28,4137.23,No,No,49-72 Months
CUST12682,Male,0,Yes,No,67,Yes,No,DSL,Yes,No,No,No,No,Yes,Month-to-month,No,Electronic check,61.39,4145.63,No,No,49-72 Months
CUST12683,Female,0,No,No,28,Yes,No,No,No internet service,No internet service,No internet service,No internet service,No internet service,No internet service,Month-to-month,No,Bank transfer,24.52,678.94,Yes,No,25-48 Months
CUST12684,Male,0,No,No,67,Yes,No,Fiber optic,Yes,Yes,No,No,Yes,No,One year,Yes,Electronic check,98.53,6597.39,No,No,49-72 Months
CUST12685,Female,0,Yes,No,18,Yes,No,Fiber optic,Yes,No,No,No,No,Yes,Month-to-month,Yes,Bank transfer,83.03,1533.02,No,No,13-24 Months
CUST12686,Male,0,No,No,27,Yes,No,Fiber optic,Yes,Yes,No,No,Yes,No,One year,Yes,Bank transfer,95.44,2459.78,No,No,25-48 Months
CUST12687,Male,0,No,No,51,Yes,No,Fiber optic,No,Yes,Yes,No,Yes,Yes,One year,Yes,Bank transfer,95.38,4808.12,No,No,49-72 Months
CUST12688,Female,0,Yes,No,60,Yes,No,Fiber optic,No,No,Yes,No,No,No,Month-to-month,Yes,Credit card,67.87,4240.15,No,No,49-72 Months
CUST12689,Male,0,No,Yes,49,Yes,No,No,No internet service,No internet service,No internet service,No internet service,No internet service,No internet service,Two year,No,Mailed check,32.35,1547.22,No,No,49-72 Months
CUST12690,Female,0,No,Yes,15,Yes,Yes,DSL,Yes,No,Yes,Yes,Yes,No,One year,No,Electronic check,69.4,1095.27,No,No,13-24 Months
CUST12691,Female,0,No,No,68,Yes,No,DSL,No,Yes,No,Yes,Yes,No,One year,Yes,Bank transfer,62.43,4213.98,No,No,49-72 Months
CUST12692,Male,1,No,No,15,Yes,No,DSL,No,No,No,No,Yes,No,Two year,Yes,Credit card,66.33,978.59,No,Yes,13-24 Months
CUST12693,Female,0,No,Yes,51,Yes,Yes,DSL,No,No,No,Yes,No,No,One year,No,Bank transfer,77.65,3786.34,No,No,49-72 Months
CUST12694,Female,0,Yes,No,48,Yes,Yes,DSL,No,Yes,No,No,No,No,Month-to-month,Yes,Bank transfer,62.1,3030.73,No,No,25-48 Months
CUST12695,Female,0,No,Yes,72,Yes,No,DSL,No,No,Yes,No,No,Yes,Month-to-month,No,Credit card,57.54,4100.13,No,No,49-72 Months
CUST12696,Female,0,No,No,1,Yes,No,DSL,Yes,No,Yes,Yes,No,Yes,One year,No,Mailed check,72.13,0.0,No,No,0-12 Months
CUST12697,Female,0,Yes,No,7,Yes,No,DSL,Yes,Yes,No,No,Yes,No,Two year,No,Credit card,60.43,310.66,No,No,0-12 Months
CUST12698,Female,0,No,No,53,Yes,Yes,DSL,No,No,No,Yes,Yes,No,Month-to-month,No,Electronic check,66.89,3553.85,No,No,49-72 Months
CUST12699,Female,0,No,Yes,31,Yes,Yes,DSL,No,No,Yes,No,Yes,No,Month-to-month,Yes,Mailed check,77.01,2332.39,No,No,25-48 Months
CUST12700,Female,0,No,Yes,18,Yes,No,Fiber optic,No,No,Yes,No,No,No,Month-to-month,No,Electronic check,81.05,1393.84,Yes,No,13-24 Months
CUST12701,Male,1,Yes,No,12,Yes,Yes,Fiber optic,Yes,Yes,No,No,Yes,No,One year,Yes,Mailed check,91.89,1068.08,No,Yes,0-12 Months
CUST12702,Male,0,Yes,Yes,48,Yes,Yes,DSL,No,No,No,Yes,No,Yes,Month-to-month,Yes,Electronic check,71.03,3158.86,No,No,25-48 Months
CUST12703,Female,0,No,No,30,No,No phone service,Fiber optic,No,Yes,Yes,Yes,Yes,No,Two year,Yes,Electronic check,78.44,2224.07,No,No,25-48 Months
CUST12704,Male,1,Yes,No,7,Yes,Yes,No,No internet service,No internet service,No internet service,No internet service,No internet service,No internet service,Two year,Yes,Electronic check,27.62,244.53,Yes,Yes,0-12 Months
CUST12705,Female,0,No,Yes,3,Yes,Yes,No,No internet service,No internet service,No internet service,No internet service,No internet service,No internet service,Month-to-month,Yes,Electronic check,40.83,163.69,No,No,0-12 Months
CUST12706,Female,0,Yes,Yes,63,Yes,No,DSL,No,No,No,No,No,No,Month-to-month,Yes,Electronic check,46.18,2954.22,No,No,49-72 Months
CUST12707,Male,0,Yes,No,6,Yes,Yes,Fiber optic,Yes,Yes,Yes,No,No,No,One year,Yes,Credit card,104.87,677.84,Yes,No,0-12 Months
CUST12708,Female,0,Yes,Yes,15,Yes,No,Fiber optic,No,No,No,Yes,Yes,Yes,Month-to-month,No,Electronic check,88.73,1365.92,No,No,13-24 Months
CUST12709,Female,0,Yes,Yes,71,Yes,No,DSL,No,No,Yes,Yes,No,No,Month-to-month,Yes,Mailed check,66.14,4810.84,No,No,49-72 Months
CUST12710,Female,0,No,No,43,Yes,No,DSL,No,Yes,Yes,Yes,Yes,Yes,Month-to-month,Yes,Electronic check,87.21,3798.04,No,No,25-48 Months
CUST12711,Female,0,Yes,No,18,Yes,No,DSL,No,Yes,Yes,No,Yes,Yes,One year,Yes,Electronic check,74.78,1348.94,Yes,No,13-24 Months
CUST12712,Male,0,Yes,No,22,Yes,No,Fiber optic,Yes,Yes,Yes,No,Yes,No,Month-to-month,Yes,Credit card,95.49,2223.92,No,No,13-24 Months
CUST12713,Female,0,Yes,Yes,61,Yes,No,Fiber optic,No,Yes,No,Yes,No,No,Two year,No,Credit card,82.0,5044.65,No,No,49-72 Months
CUST12714,Female,0,No,No,61,Yes,No,Fiber optic,Yes,No,No,Yes,Yes,No,One year,No,Credit card,89.31,5493.86,No,No,49-72 Months
CUST12715,Female,0,Yes,No,53,Yes,No,DSL,No,No,No,No,Yes,No,Two year,Yes,Mailed check,48.99,2556.39,No,No,49-72 Months
CUST12716,Male,0,No,No,26,Yes,No,DSL,Yes,No,No,No,No,Yes,Month-to-month,Yes,Electronic check,65.2,1697.84,No,No,25-48 Months
CUST12717,Female,0,No,No,40,Yes,No,DSL,No,No,Yes,No,Yes,Yes,Month-to-month,No,Electronic check,72.03,2789.9,No,No,25-48 Months
CUST12718,Male,0,No,No,8,Yes,Yes,Fiber optic,No,No,Yes,No,No,No,Month-to-month,Yes,Bank transfer,85.85,565.67,No,No,0-12 Months
CUST12719,Male,0,No,No,21,Yes,No,No,No internet service,No internet service,No internet service,No internet service,No internet service,No internet service,Month-to-month,Yes,Credit card,30.15,495.69,No,No,13-24 Months
CUST12720,Female,0,No,Yes,43,Yes,No,Fiber optic,No,Yes,No,Yes,No,Yes,Month-to-month,No,Credit card,89.73,3840.74,No,No,25-48 Months
CUST12721,Female,0,No,No,21,Yes,No,No,No internet service,No internet service,No internet service,No internet service,No internet service,No internet service,One year,No,Electronic check,23.92,611.75,No,No,13-24 Months
CUST12722,Male,0,Yes,No,3,No,No phone service,Fiber optic,No,Yes,No,Yes,Yes,No,One year,Yes,Electronic check,75.48,261.22,Yes,No,0-12 Months
CUST12723,Female,1,Yes,No,31,Yes,Yes,Fiber optic,No,No,Yes,No,Yes,No,Month-to-month,Yes,Electronic check,91.16,2895.29,No,Yes,25-48 Months
CUST12724,Male,0,Yes,Yes,27,No,No phone service,Fiber optic,No,No,No,No,No,Yes,Month-to-month,No,Bank transfer,70.04,1821.73,No,No,25-48 Months
CUST12725,Male,0,No,Yes,27,Yes,Yes,Fiber optic,Yes,No,No,No,Yes,No,Month-to-month,Yes,Electronic check,99.78,2718.18,No,No,25-48 Months
CUST12726,Female,0,No,No,57,Yes,No,Fiber optic,Yes,No,Yes,No,Yes,Yes,Month-to-month,No,Mailed check,102.34,5996.15,No,No,49-72 Months
CUST12727,Female,0,No,No,33,No,No phone service,No,No internet service,No internet service,No internet service,No internet service,No internet service,No internet service,Two year,Yes,Credit card,27.7,978.06,No,No,25-48 Months
CUST12728,Male,0,Yes,No,44,Yes,No,Fiber optic,No,No,No,No,No,No,Month-to-month,Yes,Bank transfer,78.45,3421.91,No,No,25-48 Months
CUST12729,Male,0,No,Yes,43,Yes,No,DSL,Yes,Yes,No,No,No,No,Month-to-month,Yes,Electronic check,52.08,2103.76,No,No,25-48 Months
CUST12730,Male,0,Yes,Yes,31,Yes,No,Fiber optic,No,Yes,Yes,Yes,Yes,No,Month-to-month,No,Electronic check,89.58,2671.83,No,No,25-48 Months
CUST12731,Male,0,Yes,No,65,Yes,No,No,No internet service,No internet service,No internet service,No internet service,No internet service,No internet service,Month-to-month,No,Credit card,24.7,1657.97,No,No,49-72 Months
CUST12732,Female,0,Yes,No,17,Yes,No,Fiber optic,Yes,No,Yes,No,Yes,Yes,Two year,No,Mailed check,97.24,1670.69,No,No,13-24 Months
CUST12733,Female,0,Yes,No,15,Yes,No,Fiber optic,No,No,No,No,Yes,Yes,Month-to-month,Yes,Bank transfer,85.12,1420.53,No,No,13-24 Months
CUST12734,Female,1,No,No,34,Yes,No,DSL,No,Yes,Yes,No,Yes,Yes,One year,No,Electronic check,77.46,2638.82,No,Yes,25-48 Months
CUST12735,Female,0,Yes,No,4,Yes,No,Fiber optic,No,No,Yes,No,No,No,Month-to-month,No,Credit card,85.89,224.8,Yes,No,0-12 Months
CUST12736,Female,0,Yes,No,72,Yes,No,DSL,Yes,No,No,No,Yes,No,One year,Yes,Bank transfer,55.96,4010.8,Yes,No,49-72 Months
CUST12737,Male,0,No,No,28,Yes,Yes,DSL,Yes,No,No,Yes,No,Yes,Two year,No,Credit card,65.79,1845.4,No,No,25-48 Months
CUST12738,Female,0,No,No,2,Yes,Yes,Fiber optic,Yes,Yes,Yes,Yes,No,No,Two year,No,Mailed check,110.22,189.64,Yes,No,0-12 Months
CUST12739,Female,0,No,No,17,No,No phone service,DSL,Yes,No,No,No,Yes,No,Month-to-month,No,Electronic check,53.16,903.42,Yes,No,13-24 Months
CUST12740,Female,0,Yes,Yes,58,Yes,Yes,Fiber optic,No,No,No,No,Yes,No,Two year,No,Electronic check,86.32,5036.59,No,No,49-72 Months
CUST12741,Female,0,No,No,9,Yes,No,No,No internet service,No internet service,No internet service,No internet service,No internet service,No internet service,Month-to-month,No,Credit card,37.91,179.06,No,No,0-12 Months
CUST12742,Female,0,No,Yes,31,Yes,Yes,DSL,No,Yes,Yes,Yes,Yes,Yes,Month-to-month,No,Electronic check,92.23,2805.31,Yes,No,25-48 Months
CUST12743,Male,0,Yes,No,66,Yes,No,Fiber optic,Yes,No,No,No,Yes,No,One year,Yes,Electronic check,84.04,5647.72,No,No,49-72 Months
CUST12744,Male,0,No,No,62,Yes,Yes,Fiber optic,No,No,No,No,No,Yes,Two year,No,Electronic check,93.35,5916.84,No,No,49-72 Months
CUST12745,Male,0,Yes,Yes,19,Yes,No,DSL,No,No,Yes,No,No,No,Month-to-month,Yes,Bank transfer,60.76,1052.35,No,No,13-24 Months
CUST12746,Female,1,Yes,No,55,Yes,Yes,Fiber optic,Yes,Yes,No,No,Yes,Yes,One year,No,Credit card,110.19,5958.63,No,Yes,49-72 Months
CUST12747,Male,0,No,Yes,28,No,No phone service,Fiber optic,No,No,No,Yes,No,No,Month-to-month,No,Credit card,76.34,2198.62,No,No,25-48 Months
CUST12748,Male,0,No,No,50,Yes,Yes,Fiber optic,Yes,Yes,No,No,No,No,Month-to-month,No,Bank transfer,87.25,4524.77,No,No,49-72 Months
CUST12749,Female,0,Yes,No,65,Yes,Yes,No,No internet service,No internet service,No internet service,No internet service,No internet service,No internet service,Two year,No,Credit card,37.13,2431.07,No,No,49-72 Months
CUST12750,Female,1,No,Yes,3,Yes,No,Fiber optic,No,No,No,No,Yes,No,Month-to-month,Yes,Electronic check,90.23,279.39,No,Yes,0-12 Months
CUST12751,Female,0,No,No,52,Yes,Yes,No,No internet service,No internet service,No internet service,No internet service,No internet service,No internet service,Month-to-month,Yes,Credit card,35.05,1765.95,No,No,49-72 Months
CUST12752,Male,0,No,Yes,10,Yes,Yes,Fiber optic,No,No,No,Yes,No,No,Month-to-month,Yes,Mailed check,83.77,918.76,No,No,0-12 Months
CUST12753,Male,0,Yes,Yes,21,No,No phone service,DSL,Yes,No,Yes,No,No,Yes,One year,Yes,Mailed check,57.56,1184.44,No,No,13-24 Months
CUST12754,Female,0,No,No,37,Yes,Yes,Fiber optic,No,No,No,Yes,Yes,No,Month-to-month,No,Electronic check,86.08,3310.73,No,No,25-48 Months
CUST12755,Female,0,Yes,No,15,Yes,No,DSL,No,No,No,Yes,No,No,Month-to-month,Yes,Electronic check,56.63,878.33,Yes,No,13-24 Months
CUST12756,Male,0,No,Yes,9,Yes,Yes,Fiber optic,Yes,No,No,Yes,No,Yes,Month-to-month,Yes,Electronic check,90.67,836.76,Yes,No,0-12 Months
CUST12757,Male,1,Yes,No,44,Yes,Yes,Fiber optic,No,No,No,No,Yes,No,Two year,Yes,Electronic check,95.33,4128.91,No,Yes,25-48 Months
CUST12758,Female,0,Yes,No,39,Yes,No,Fiber optic,No,Yes,No,No,No,No,One year,Yes,Mailed check,71.89,2740.94,No,No,25-48 Months
CUST12759,Female,0,No,No,5,Yes,Yes,DSL,No,Yes,No,No,Yes,No,One year,No,Electronic check,73.25,316.8,Yes,No,0-12 Months
CUST12760,Male,0,Yes,Yes,25,Yes,No,Fiber optic,No,Yes,Yes,No,Yes,No,One year,No,Electronic check,88.35,2201.36,No,No,25-48 Months
CUST12761,Female,0,Yes,No,56,No,No phone service,DSL,No,No,Yes,Yes,No,Yes,Month-to-month,Yes,Credit card,51.71,2984.26,No,No,49-72 Months
CUST12762,Male,1,Yes,No,64,Yes,Yes,Fiber optic,No,No,Yes,Yes,Yes,No,One year,No,Credit card,99.13,6410.15,No,Yes,49-72 Months
CUST12763,Male,0,No,No,72,Yes,No,Fiber optic,No,No,Yes,Yes,No,No,Month-to-month,Yes,Credit card,86.5,6190.17,No,No,49-72 Months
CUST12764,Male,0,Yes,No,52,Yes,Yes,No,No internet service,No internet service,No internet service,No internet service,No internet service,No internet service,Month-to-month,No,Bank transfer,37.46,1780.57,No,No,49-72 Months
CUST12765,Male,0,No,No,9,Yes,Yes,DSL,No,Yes,No,No,Yes,Yes,Month-to-month,Yes,Bank transfer,77.7,641.31,No,No,0-12 Months
CUST12766,Female,0,Yes,Yes,10,Yes,Yes,Fiber optic,Yes,No,Yes,No,No,No,One year,No,Credit card,95.46,966.84,No,No,0-12 Months
CUST12767,Female,0,Yes,No,10,Yes,Yes,Fiber optic,No,Yes,Yes,No,No,Yes,Month-to-month,Yes,Bank transfer,88.94,907.98,No,No,0-12 Months
CUST12768,Male,0,Yes,No,62,Yes,No,No,No internet service,No internet service,No internet service,No internet service,No internet service,No internet service,Month-to-month,No,Electronic check,30.68,2048.56,No,No,49-72 Months
CUST12769,Male,0,No,No,60,Yes,Yes,Fiber optic,Yes,No,Yes,No,No,Yes,Month-to-month,Yes,Electronic check,92.18,5645.27,No,No,49-72 Months
CUST12770,Male,1,Yes,No,19,Yes,No,DSL,Yes,Yes,No,Yes,Yes,Yes,Month-to-month,Yes,Electronic check,72.66,1444.03,No,Yes,13-24 Months
CUST12771,Male,0,Yes,No,38,Yes,No,Fiber optic,No,Yes,No,No,Yes,No,Month-to-month,Yes,Credit card,81.5,3044.99,No,No,25-48 Months
CUST12772,Male,1,No,No,6,Yes,Yes,Fiber optic,No,No,No,Yes,Yes,No,One year,Yes,Bank transfer,84.14,527.36,Yes,Yes,0-12 Months
CUST12773,Female,0,No,No,15,Yes,No,Fiber optic,No,Yes,Yes,No,No,Yes,Month-to-month,No,Mailed check,91.94,1420.23,No,No,13-24 Months
CUST12774,Female,0,Yes,Yes,47,Yes,No,No,No internet service,No internet service,No internet service,No internet service,No internet service,No internet service,Month-to-month,Yes,Electronic check,21.16,1100.14,Yes,No,25-48 Months
CUST12775,Female,0,Yes,No,45,No,No phone service,DSL,No,No,No,Yes,Yes,No,One year,No,Electronic check,54.03,2352.01,No,No,25-48 Months
CUST12776,Female,0,No,No,5,Yes,Yes,No,No internet service,No internet service,No internet service,No internet service,No internet service,No internet service,One year,No,Bank transfer,44.59,294.26,No,No,0-12 Months
CUST12777,Male,0,Yes,No,53,Yes,No,DSL,No,No,Yes,Yes,No,Yes,One year,Yes,Mailed check,74.82,4013.33,No,No,49-72 Months
CUST12778,Male,0,Yes,No,66,Yes,No,No,No internet service,No internet service,No internet service,No internet service,No internet service,No internet service,Month-to-month,Yes,Mailed check,24.54,1579.26,No,No,49-72 Months
CUST12779,Male,0,No,No,62,Yes,No,No,No internet service,No internet service,No internet service,No internet service,No internet service,No internet service,Two year,No,Electronic check,24.06,1596.27,No,No,49-72 Months
CUST12780,Male,0,No,No,23,Yes,Yes,Fiber optic,No,No,Yes,No,Yes,No,Month-to-month,Yes,Bank transfer,97.91,2100.12,No,No,13-24 Months
CUST12781,Male,0,No,No,44,Yes,No,Fiber optic,Yes,No,No,Yes,No,No,One year,Yes,Credit card,85.28,3926.31,No,No,25-48 Months
CUST12782,Female,0,Yes,No,52,Yes,No,DSL,Yes,Yes,No,Yes,No,No,Month-to-month,No,Credit card,64.63,3466.06,No,No,49-72 Months
CUST12783,Male,0,Yes,No,46,Yes,No,DSL,Yes,No,Yes,No,No,No,Month-to-month,Yes,Electronic check,53.46,2443.66,No,No,25-48 Months
CUST12784,Female,0,No,No,19,Yes,Yes,DSL,No,No,No,Yes,No,No,One year,Yes,Mailed check,62.6,1155.6,Yes,No,13-24 Months
CUST12785,Female,0,Yes,Yes,47,Yes,No,DSL,Yes,No,Yes,Yes,No,No,Month-to-month,Yes,Electronic check,69.33,3255.54,No,No,25-48 Months
CUST12786,Female,0,No,Yes,52,Yes,Yes,Fiber optic,Yes,Yes,Yes,Yes,No,No,Month-to-month,No,Mailed check,98.14,5042.98,No,No,49-72 Months
CUST12787,Female,1,No,No,24,Yes,No,DSL,No,No,No,No,No,No,One year,Yes,Bank transfer,52.32,1237.55,No,Yes,13-24 Months
CUST12788,Male,0,Yes,Yes,17,Yes,No,No,No internet service,No internet service,No internet service,No internet service,No internet service,No internet service,Month-to-month,No,Electronic check,30.8,589.25,No,No,13-24 Months
CUST12789,Female,0,No,No,46,Yes,No,Fiber optic,No,Yes,Yes,Yes,No,No,One year,Yes,Credit card,86.74,3933.21,Yes,No,25-48 Months
CUST12790,Female,0,No,Yes,64,Yes,Yes,Fiber optic,No,Yes,No,Yes,No,No,One year,Yes,Mailed check,91.74,5946.87,No,No,49-72 Months
CUST12791,Female,0,No,No,28,Yes,No,Fiber optic,Yes,Yes,No,No,No,No,Month-to-month,No,Credit card,79.77,2213.72,No,No,25-48 Months
CUST12792,Male,0,Yes,Yes,50,No,No phone service,DSL,No,Yes,No,No,No,No,Month-to-month,Yes,Electronic check,49.28,2551.42,No,No,49-72 Months
CUST12793,Male,0,Yes,No,64,Yes,No,DSL,No,Yes,No,No,Yes,No,Two year,Yes,Electronic check,56.85,3747.52,No,No,49-72 Months
CUST12794,Male,1,No,No,28,Yes,No,DSL,No,Yes,No,Yes,No,Yes,Month-to-month,Yes,Bank transfer,64.01,1712.36,No,Yes,25-48 Months
CUST12795,Female,0,Yes,No,56,Yes,Yes,Fiber optic,No,No,No,Yes,Yes,No,One year,No,Bank transfer,98.51,5347.93,No,No,49-72 Months
CUST12796,Female,0,No,No,59,No,No phone service,Fiber optic,Yes,Yes,Yes,No,No,No,Month-to-month,Yes,Bank transfer,77.38,4578.83,No,No,49-72 Months
CUST12797,Male,0,Yes,No,5,Yes,No,DSL,No,Yes,No,No,No,No,Two year,No,Credit card,50.32,272.12,Yes,No,0-12 Months
CUST12798,Female,0,No,No,54,Yes,No,No,No internet service,No internet service,No internet service,No internet service,No internet service,No internet service,Month-to-month,Yes,Mailed check,30.92,1571.74,No,No,49-72 Months
CUST12799,Male,0,Yes,Yes,44,Yes,No,DSL,Yes,No,Yes,No,No,No,One year,Yes,Mailed check,68.98,3168.4,No,No,25-48 Months
CUST12800,Male,0,No,No,42,Yes,No,Fiber optic,Yes,Yes,Yes,Yes,No,Yes,Month-to-month,Yes,Credit card,107.82,4499.49,Yes,No,25-48 Months
CUST12801,Female,0,Yes,No,72,Yes,No,Fiber optic,Yes,Yes,No,Yes,No,Yes,One year,No,Mailed check,100.05,7254.83,No,No,49-72 Months
CUST12802,Female,1,Yes,No,57,Yes,Yes,Fiber optic,No,No,No,No,Yes,No,Month-to-month,No,Mailed check,93.97,5297.72,No,Yes,49-72 Months
CUST12803,Female,0,Yes,Yes,47,Yes,No,No,No internet service,No internet service,No internet service,No internet service,No internet service,No internet service,One year,No,Bank transfer,32.58,1411.91,No,No,25-48 Months
CUST12804,Female,0,No,No,25,Yes,No,Fiber optic,No,Yes,No,No,Yes,Yes,Month-to-month,Yes,Bank transfer,95.14,2472.0,No,No,25-48 Months
CUST12805,Male,0,Yes,Yes,44,Yes,No,Fiber optic,No,Yes,Yes,Yes,No,Yes,Month-to-month,Yes,Electronic check,101.57,4395.01,No,No,25-48 Months
CUST12806,Male,0,No,No,15,Yes,No,DSL,No,No,No,Yes,No,Yes,Two year,No,Electronic check,63.74,2111.56,No,No,13-24 Months
CUST12807,Male,0,No,No,51,No,No phone service,No,No internet service,No internet service,No internet service,No internet service,No internet service,No internet service,Month-to-month,No,Mailed check,19.73,940.22,No,No,49-72 Months
CUST12808,Male,0,Yes,Yes,53,Yes,No,Fiber optic,Yes,No,No,No,No,No,Month-to-month,No,Electronic check,80.93,4271.78,No,No,49-72 Months
CUST12809,Male,0,No,No,34,Yes,Yes,DSL,No,No,Yes,Yes,Yes,No,Month-to-month,Yes,Credit card,75.66,2559.73,No,No,25-48 Months
CUST12810,Female,0,Yes,No,8,Yes,Yes,Fiber optic,No,No,Yes,No,Yes,No,Two year,No,Electronic check,95.53,762.16,Yes,No,0-12 Months
CUST12811,Male,0,No,No,70,Yes,Yes,DSL,No,No,Yes,No,No,Yes,Month-to-month,Yes,Electronic check,70.82,4906.35,Yes,No,49-72 Months
CUST12812,Male,1,No,Yes,21,Yes,No,DSL,No,No,No,Yes,No,No,Month-to-month,Yes,Bank transfer,50.07,1108.95,No,Yes,13-24 Months
CUST12813,Male,0,Yes,No,7,Yes,No,No,No internet service,No internet service,No internet service,No internet service,No internet service,No internet service,One year,No,Bank transfer,28.97,278.18,No,No,0-12 Months
CUST12814,Female,1,Yes,Yes,56,Yes,Yes,Fiber optic,Yes,Yes,Yes,Yes,Yes,Yes,Month-to-month,No,Bank transfer,109.67,6238.99,No,Yes,49-72 Months
CUST12815,Female,1,Yes,No,49,Yes,No,DSL,No,No,Yes,Yes,No,Yes,Month-to-month,Yes,Mailed check,68.31,3311.63,No,Yes,49-72 Months
CUST12816,Female,0,No,No,42,Yes,Yes,Fiber optic,No,Yes,No,No,Yes,No,Two year,No,Credit card,95.72,3930.76,No,No,25-48 Months
CUST12817,Female,0,Yes,No,23,Yes,No,No,No internet service,No internet service,No internet service,No internet service,No internet service,No internet service,Month-to-month,Yes,Mailed check,36.59,858.69,No,No,13-24 Months
CUST12818,Male,0,No,Yes,52,Yes,No,DSL,No,No,No,No,Yes,Yes,One year,Yes,Mailed check,65.5,3435.73,No,No,49-72 Months
CUST12819,Male,0,Yes,No,53,Yes,No,Fiber optic,No,No,No,No,Yes,Yes,Month-to-month,No,Credit card,87.15,4648.98,No,No,49-72 Months
CUST12820,Female,0,No,Yes,16,Yes,Yes,Fiber optic,No,No,No,No,No,Yes,Two year,Yes,Electronic check,86.89,1512.97,No,No,13-24 Months
CUST12821,Female,0,Yes,No,37,Yes,No,DSL,Yes,No,No,No,No,Yes,Two year,Yes,Credit card,65.23,2422.32,No,No,25-48 Months
CUST12822,Male,1,No,Yes,18,Yes,No,Fiber optic,No,No,Yes,No,Yes,No,Month-to-month,Yes,Mailed check,83.59,1672.58,No,Yes,13-24 Months
CUST12823,Male,0,No,No,20,Yes,No,DSL,No,Yes,Yes,No,Yes,Yes,One year,Yes,Credit card,74.77,1565.69,No,No,13-24 Months
CUST12824,Female,0,No,Yes,46,Yes,Yes,Fiber optic,Yes,Yes,No,Yes,No,No,One year,Yes,Electronic check,101.77,4754.17,Yes,No,25-48 Months
CUST12825,Female,0,Yes,Yes,2,Yes,No,No,No internet service,No internet service,No internet service,No internet service,No internet service,No internet service,Month-to-month,No,Credit card,40.12,87.25,No,No,0-12 Months
CUST12826,Female,1,Yes,Yes,63,Yes,No,DSL,Yes,No,No,No,No,No,Month-to-month,Yes,Bank transfer,60.78,3804.08,No,Yes,49-72 Months
CUST12827,Female,0,Yes,No,3,Yes,Yes,No,No internet service,No internet service,No internet service,No internet service,No internet service,No internet service,Two year,Yes,Bank transfer,34.37,54.29,No,No,0-12 Months
CUST12828,Male,1,No,Yes,46,Yes,Yes,Fiber optic,No,No,Yes,No,Yes,Yes,Month-to-month,No,Mailed check,97.27,4488.99,Yes,Yes,25-48 Months
CUST12829,Male,0,Yes,No,49,Yes,No,DSL,Yes,No,No,No,Yes,No,Month-to-month,No,Credit card,65.15,3262.48,No,No,49-72 Months
CUST12830,Male,0,No,No,1,Yes,No,Fiber optic,Yes,No,No,No,Yes,No,Two year,No,Mailed check,85.93,70.18,No,No,0-12 Months
CUST12831,Female,0,Yes,No,22,Yes,No,DSL,No,No,No,Yes,Yes,No,One year,Yes,Mailed check,54.61,1171.67,No,No,13-24 Months
CUST12832,Female,0,No,No,14,Yes,Yes,No,No internet service,No internet service,No internet service,No internet service,No internet service,No internet service,Month-to-month,Yes,Credit card,49.96,616.98,No,No,13-24 Months
CUST12833,Male,0,No,Yes,45,Yes,No,Fiber optic,No,No,No,Yes,No,No,Month-to-month,No,Electronic check,80.87,3679.89,No,No,25-48 Months
CUST12834,Male,0,No,No,6,Yes,No,Fiber optic,Yes,No,No,No,No,No,Month-to-month,Yes,Electronic check,86.25,432.01,Yes,No,0-12 Months
CUST12835,Male,0,Yes,Yes,65,Yes,No,Fiber optic,No,No,No,Yes,No,Yes,Two year,Yes,Bank transfer,85.33,5578.46,No,No,49-72 Months
CUST12836,Male,0,Yes,No,21,No,No phone service,Fiber optic,No,No,No,No,No,No,Two year,No,Electronic check,64.84,1384.37,No,No,13-24 Months
CUST12837,Female,0,Yes,Yes,4,Yes,Yes,No,No internet service,No internet service,No internet service,No internet service,No internet service,No internet service,Month-to-month,Yes,Credit card,37.76,139.92,No,No,0-12 Months
CUST12838,Male,1,Yes,No,3,Yes,No,Fiber optic,No,No,No,No,No,No,Two year,No,Bank transfer,73.64,317.33,Yes,Yes,0-12 Months
CUST12839,Male,0,No,No,30,Yes,No,No,No internet service,No internet service,No internet service,No internet service,No internet service,No internet service,Month-to-month,No,Mailed check,26.2,913.31,No,No,25-48 Months
CUST12840,Male,0,No,No,31,Yes,Yes,Fiber optic,No,No,No,No,No,No,One year,No,Electronic check,92.99,2714.1,No,No,25-48 Months
CUST12841,Male,0,No,Yes,34,Yes,No,DSL,No,No,No,No,Yes,No,Month-to-month,No,Credit card,58.77,1879.38,No,No,25-48 Months
CUST12842,Male,0,Yes,No,20,Yes,No,No,No internet service,No internet service,No internet service,No internet service,No internet service,No internet service,Month-to-month,Yes,Credit card,22.11,488.98,No,No,13-24 Months
CUST12843,Male,0,No,Yes,54,Yes,No,Fiber optic,Yes,No,Yes,No,Yes,No,Month-to-month,No,Mailed check,92.51,5130.92,No,No,49-72 Months
CUST12844,Male,0,No,No,25,Yes,Yes,Fiber optic,No,No,Yes,No,No,Yes,Month-to-month,No,Mailed check,86.81,2061.22,No,No,25-48 Months
CUST12845,Female,0,No,No,15,Yes,No,No,No internet service,No internet service,No internet service,No internet service,No internet service,No internet service,Month-to-month,Yes,Electronic check,25.77,420.3,Yes,No,13-24 Months
CUST12846,Female,0,Yes,No,38,Yes,No,DSL,Yes,Yes,No,No,Yes,No,Month-to-month,No,Bank transfer,67.53,2426.65,No,No,25-48 Months
CUST12847,Female,0,Yes,No,23,Yes,Yes,Fiber optic,Yes,No,Yes,Yes,Yes,No,Two year,No,Bank transfer,106.7,2305.78,No,No,13-24 Months
CUST12848,Female,0,Yes,No,52,Yes,No,DSL,No,No,Yes,No,No,Yes,Two year,No,Electronic check,49.38,2733.46,No,No,49-72 Months
CUST12849,Male,0,No,No,66,Yes,Yes,Fiber optic,Yes,Yes,Yes,Yes,Yes,Yes,Two year,No,Credit card,124.58,8253.33,No,No,49-72 Months
CUST12850,Female,0,No,No,57,Yes,Yes,No,No internet service,No internet service,No internet service,No internet service,No internet service,No internet service,Month-to-month,Yes,Credit card,33.71,1798.22,No,No,49-72 Months
CUST12851,Female,0,Yes,No,57,Yes,Yes,No,No internet service,No internet service,No internet service,No internet service,No internet service,No internet service,Month-to-month,Yes,Electronic check,35.88,2027.73,No,No,49-72 Months
CUST12852,Male,0,Yes,No,52,Yes,Yes,Fiber optic,No,No,Yes,No,No,No,Month-to-month,Yes,Bank transfer,94.67,4860.25,No,No,49-72 Months
CUST12853,Male,0,No,Yes,35,Yes,Yes,Fiber optic,No,No,No,Yes,Yes,No,Month-to-month,Yes,Credit card,102.56,3555.35,No,No,25-48 Months
CUST12854,Female,1,No,No,14,Yes,No,No,No internet service,No internet service,No internet service,No internet service,No internet service,No internet service,Month-to-month,Yes,Credit card,26.9,351.56,No,Yes,13-24 Months
CUST12855,Female,0,Yes,No,14,Yes,No,Fiber optic,Yes,No,Yes,Yes,No,Yes,Month-to-month,Yes,Electronic check,102.32,1449.32,No,No,13-24 Months
CUST12856,Male,0,No,Yes,33,Yes,No,DSL,Yes,No,Yes,No,Yes,Yes,Month-to-month,No,Mailed check,74.79,2504.14,No,No,25-48 Months
CUST12857,Female,0,No,No,52,Yes,Yes,Fiber optic,No,No,No,No,No,No,Two year,Yes,Credit card,95.27,4899.28,No,No,49-72 Months
CUST12858,Male,0,No,No,1,No,No phone service,No,No internet service,No internet service,No internet service,No internet service,No internet service,No internet service,One year,Yes,Electronic check,18.0,0.0,Yes,No,0-12 Months
CUST12859,Male,0,Yes,Yes,34,Yes,No,No,No internet service,No internet service,No internet service,No internet service,No internet service,No internet service,Month-to-month,Yes,Mailed check,38.25,1332.8,No,No,25-48 Months
CUST12860,Male,0,No,No,19,Yes,Yes,Fiber optic,No,No,No,Yes,Yes,Yes,One year,No,Mailed check,98.07,1811.34,No,No,13-24 Months
CUST12861,Male,0,No,No,24,Yes,No,No,No internet service,No internet service,No internet service,No internet service,No internet service,No internet service,Month-to-month,No,Bank transfer,24.63,538.49,No,No,13-24 Months
CUST12862,Female,0,Yes,No,4,Yes,No,DSL,No,Yes,Yes,Yes,No,Yes,Month-to-month,No,Electronic check,70.48,290.38,No,No,0-12 Months
CUST12863,Male,0,No,No,36,Yes,No,DSL,No,Yes,Yes,No,No,No,Month-to-month,Yes,Credit card,51.8,1867.14,No,No,25-48 Months
CUST12864,Male,0,No,No,58,Yes,Yes,No,No internet service,No internet service,No internet service,No internet service,No internet service,No internet service,One year,Yes,Electronic check,32.34,1840.47,No,No,49-72 Months
CUST12865,Female,0,No,Yes,32,Yes,Yes,DSL,Yes,No,No,No,Yes,No,Month-to-month,No,Bank transfer,67.4,2240.96,No,No,25-48 Months
CUST12866,Male,0,Yes,No,9,Yes,No,DSL,Yes,No,Yes,Yes,Yes,No,One year,Yes,Mailed check,70.73,676.12,Yes,No,0-12 Months
CUST12867,Female,0,No,No,67,Yes,No,Fiber optic,No,Yes,No,No,Yes,No,Month-to-month,No,Electronic check,91.58,6297.45,No,No,49-72 Months
CUST12868,Female,0,No,No,20,Yes,Yes,Fiber optic,Yes,Yes,Yes,Yes,No,No,Month-to-month,Yes,Electronic check,106.11,2102.31,No,No,13-24 Months
CUST12869,Female,0,Yes,No,62,Yes,Yes,Fiber optic,No,No,Yes,Yes,No,No,Month-to-month,Yes,Credit card,91.82,5749.4,No,No,49-72 Months
CUST12870,Male,0,No,No,58,Yes,No,DSL,No,Yes,Yes,No,Yes,Yes,One year,Yes,Bank transfer,65.31,3904.82,No,No,49-72 Months
CUST12871,Female,0,No,No,22,Yes,No,No,No internet service,No internet service,No internet service,No internet service,No internet service,No internet service,Month-to-month,No,Bank transfer,19.33,353.71,No,No,13-24 Months
CUST12872,Female,0,No,No,67,No,No phone service,No,No internet service,No internet service,No internet service,No internet service,No internet service,No internet service,One year,Yes,Credit card,18.0,1177.32,No,No,49-72 Months
CUST12873,Male,0,Yes,No,48,Yes,Yes,Fiber optic,No,No,Yes,Yes,No,Yes,Month-to-month,Yes,Electronic check,94.82,4649.58,No,No,25-48 Months
CUST12874,Female,0,No,No,8,Yes,No,Fiber optic,No,No,No,Yes,No,Yes,Month-to-month,Yes,Bank transfer,84.04,726.2,Yes,No,0-12 Months
CUST12875,Female,0,Yes,No,15,Yes,Yes,Fiber optic,No,No,No,No,Yes,No,One year,Yes,Electronic check,97.11,1454.82,No,No,13-24 Months
CUST12876,Female,0,Yes,No,32,Yes,Yes,Fiber optic,No,Yes,No,No,No,No,Month-to-month,No,Bank transfer,83.96,2576.3,Yes,No,25-48 Months
CUST12877,Female,0,No,Yes,53,Yes,Yes,Fiber optic,No,No,No,Yes,No,No,Month-to-month,Yes,Electronic check,82.67,4277.83,No,No,49-72 Months
CUST12878,Female,0,Yes,No,67,No,No phone service,Fiber optic,No,No,No,No,No,No,Month-to-month,Yes,Credit card,64.98,4317.58,No,No,49-72 Months
CUST12879,Male,0,No,No,4,Yes,No,DSL,No,No,No,No,Yes,No,One year,Yes,Bank transfer,54.4,153.38,No,No,0-12 Months
CUST12880,Female,0,Yes,No,30,No,No phone service,DSL,No,No,No,Yes,Yes,No,One year,Yes,Mailed check,54.99,1587.2,No,No,25-48 Months
CUST12881,Female,0,Yes,No,13,Yes,Yes,Fiber optic,No,Yes,Yes,No,Yes,Yes,Month-to-month,Yes,Mailed check,107.23,1247.33,Yes,No,13-24 Months
CUST12882,Male,0,Yes,No,21,Yes,Yes,Fiber optic,No,Yes,Yes,No,No,No,One year,Yes,Electronic check,101.27,2018.11,No,No,13-24 Months
CUST12883,Male,0,No,Yes,41,Yes,Yes,Fiber optic,Yes,Yes,No,No,No,No,One year,No,Credit card,90.54,3641.69,No,No,25-48 Months
CUST12884,Male,0,No,No,19,Yes,Yes,Fiber optic,Yes,Yes,No,No,Yes,No,Month-to-month,No,Electronic check,108.65,2073.83,Yes,No,13-24 Months
CUST12885,Female,1,No,No,48,No,No phone service,Fiber optic,Yes,No,No,No,Yes,Yes,Month-to-month,Yes,Mailed check,87.49,4171.97,No,Yes,25-48 Months
CUST12886,Male,0,Yes,Yes,63,Yes,Yes,Fiber optic,Yes,No,No,Yes,Yes,No,One year,No,Electronic check,101.65,6408.79,No,No,49-72 Months
CUST12887,Female,1,Yes,Yes,20,Yes,Yes,DSL,No,Yes,No,No,No,No,One year,No,Credit card,52.06,1042.36,No,Yes,13-24 Months
CUST12888,Female,0,No,No,64,Yes,Yes,Fiber optic,Yes,No,No,Yes,Yes,No,Month-to-month,Yes,Bank transfer,88.3,5515.4,Yes,No,49-72 Months
CUST12889,Male,0,Yes,No,37,Yes,Yes,Fiber optic,No,No,No,No,No,No,One year,Yes,Electronic check,73.95,2821.26,No,No,25-48 Months
CUST12890,Male,0,Yes,No,31,No,No phone service,Fiber optic,No,No,Yes,No,No,Yes,Month-to-month,No,Bank transfer,78.07,2478.75,No,No,25-48 Months
CUST12891,Female,0,No,No,18,Yes,No,Fiber optic,Yes,Yes,No,No,No,Yes,One year,No,Credit card,95.77,1727.3,No,No,13-24 Months
CUST12892,Male,0,Yes,No,20,Yes,No,Fiber optic,Yes,No,No,No,No,No,Month-to-month,Yes,Bank transfer,82.67,1611.1,No,No,13-24 Months
CUST12893,Female,0,No,No,11,Yes,No,No,No internet service,No internet service,No internet service,No internet service,No internet service,No internet service,Month-to-month,Yes,Mailed check,30.19,440.89,No,No,0-12 Months
CUST12894,Male,0,No,No,44,Yes,Yes,Fiber optic,No,No,No,No,Yes,No,Month-to-month,Yes,Electronic check,93.52,4033.48,No,No,25-48 Months
CUST12895,Male,1,Yes,Yes,64,Yes,Yes,Fiber optic,No,No,No,Yes,No,No,Month-to-month,Yes,Electronic check,92.97,6028.55,No,Yes,49-72 Months
CUST12896,Male,1,Yes,No,34,Yes,No,No,No internet service,No internet service,No internet service,No internet service,No internet service,No internet service,Month-to-month,No,Electronic check,28.46,898.1,No,Yes,25-48 Months
CUST12897,Female,0,Yes,No,65,Yes,No,Fiber optic,No,Yes,No,No,No,No,One year,No,Mailed check,82.79,5486.72,No,No,49-72 Months
CUST12898,Male,0,No,No,55,Yes,Yes,Fiber optic,No,No,No,No,No,No,One year,No,Bank transfer,83.92,4652.77,Yes,No,49-72 Months
CUST12899,Female,0,No,No,1,No,No phone service,DSL,No,No,No,No,Yes,Yes,One year,Yes,Credit card,58.03,129.64,No,No,0-12 Months
CUST12900,Female,0,Yes,No,38,Yes,Yes,Fiber optic,No,No,Yes,No,Yes,No,Month-to-month,Yes,Credit card,95.64,3651.21,Yes,No,25-48 Months
CUST12901,Female,0,Yes,Yes,9,Yes,Yes,Fiber optic,Yes,No,No,Yes,No,No,One year,No,Electronic check,93.32,875.64,No,No,0-12 Months
CUST12902,Female,0,No,Yes,71,No,No phone service,Fiber optic,No,Yes,Yes,Yes,No,No,Month-to-month,Yes,Bank transfer,76.98,5467.94,No,No,49-72 Months
CUST12903,Male,0,No,Yes,17,Yes,Yes,Fiber optic,Yes,No,No,Yes,No,Yes,Month-to-month,No,Bank transfer,100.03,1619.16,No,No,13-24 Months
CUST12904,Female,0,Yes,Yes,52,No,No phone service,No,No internet service,No internet service,No internet service,No internet service,No internet service,No internet service,Month-to-month,No,Mailed check,18.3,1039.2,No,No,49-72 Months
CUST12905,Female,1,Yes,No,18,No,No phone service,DSL,No,Yes,Yes,No,No,Yes,Month-to-month,No,Bank transfer,51.65,908.51,No,Yes,13-24 Months
CUST12906,Male,0,Yes,Yes,63,Yes,Yes,Fiber optic,No,Yes,No,Yes,No,Yes,Month-to-month,No,Electronic check,100.5,6339.3,Yes,No,49-72 Months
CUST12907,Female,1,No,Yes,33,Yes,No,Fiber optic,No,No,No,No,Yes,No,Month-to-month,No,Electronic check,76.89,2410.36,Yes,Yes,25-48 Months
CUST12908,Male,0,No,No,4,Yes,No,Fiber optic,Yes,Yes,No,No,No,No,Two year,Yes,Mailed check,84.78,324.95,No,No,0-12 Months
CUST12909,Female,0,Yes,No,52,Yes,No,No,No internet service,No internet service,No internet service,No internet service,No internet service,No internet service,Two year,No,Electronic check,28.17,1496.53,No,No,49-72 Months
CUST12910,Male,0,No,Yes,9,Yes,Yes,DSL,No,Yes,No,Yes,No,No,Two year,Yes,Mailed check,64.19,715.76,No,No,0-12 Months
CUST12911,Female,0,Yes,No,64,Yes,No,DSL,No,No,No,No,No,Yes,Month-to-month,No,Mailed check,64.03,4092.51,No,No,49-72 Months
CUST12912,Male,0,Yes,No,30,Yes,Yes,Fiber optic,No,No,Yes,No,No,Yes,Two year,Yes,Credit card,102.19,3038.34,No,No,25-48 Months
CUST12913,Female,0,Yes,Yes,8,Yes,No,Fiber optic,Yes,Yes,Yes,Yes,Yes,No,Month-to-month,Yes,Credit card,100.52,751.41,Yes,No,0-12 Months
CUST12914,Female,0,No,Yes,5,Yes,Yes,Fiber optic,No,No,Yes,No,Yes,No,One year,No,Credit card,98.99,444.19,No,No,0-12 Months
CUST12915,Male,0,No,No,63,Yes,Yes,No,No internet service,No internet service,No internet service,No internet service,No internet service,No internet service,Month-to-month,No,Credit card,29.09,1975.7,No,No,49-72 Months
CUST12916,Male,0,No,No,1,Yes,No,DSL,No,Yes,No,No,No,No,Month-to-month,No,Credit card,49.09,0.0,No,No,0-12 Months
CUST12917,Male,0,Yes,No,15,Yes,No,Fiber optic,No,Yes,Yes,Yes,Yes,Yes,Month-to-month,Yes,Bank transfer,103.69,1522.27,Yes,No,13-24 Months
CUST12918,Male,0,Yes,Yes,38,Yes,No,Fiber optic,No,No,No,No,No,Yes,One year,No,Credit card,76.67,3027.22,No,No,25-48 Months
CUST12919,Female,0,Yes,No,42,Yes,Yes,No,No internet service,No internet service,No internet service,No internet service,No internet service,No internet service,Month-to-month,Yes,Bank transfer,38.88,1725.1,No,No,25-48 Months
CUST12920,Female,0,No,No,46,Yes,Yes,No,No internet service,No internet service,No internet service,No internet service,No internet service,No internet service,One year,Yes,Credit card,38.44,1953.42,No,No,25-48 Months
CUST12921,Male,0,Yes,Yes,53,Yes,Yes,Fiber optic,No,Yes,Yes,No,No,No,Two year,No,Electronic check,91.76,4949.26,No,No,49-72 Months
CUST12922,Female,1,No,No,26,Yes,No,Fiber optic,Yes,No,No,Yes,Yes,Yes,Month-to-month,No,Bank transfer,110.84,2901.34,Yes,Yes,25-48 Months
CUST12923,Male,0,Yes,No,61,Yes,No,DSL,Yes,Yes,No,No,No,No,Month-to-month,Yes,Credit card,61.84,3821.83,No,No,49-72 Months
CUST12924,Male,0,Yes,No,67,Yes,No,Fiber optic,No,No,No,Yes,Yes,Yes,One year,Yes,Mailed check,96.88,6410.04,No,No,49-72 Months
CUST12925,Female,0,Yes,No,54,Yes,Yes,Fiber optic,No,No,Yes,No,No,Yes,Month-to-month,No,Electronic check,96.43,5199.07,Yes,No,49-72 Months
CUST12926,Female,0,Yes,No,22,Yes,No,Fiber optic,Yes,No,Yes,No,Yes,No,Two year,No,Mailed check,87.5,1847.66,No,No,13-24 Months
CUST12927,Female,0,Yes,No,26,Yes,Yes,Fiber optic,No,No,Yes,Yes,No,No,Two year,Yes,Bank transfer,101.75,2759.93,No,No,25-48 Months
CUST12928,Female,0,Yes,No,60,Yes,Yes,Fiber optic,No,No,Yes,No,No,Yes,Month-to-month,No,Bank transfer,86.98,5101.34,No,No,49-72 Months
CUST12929,Female,0,No,Yes,39,Yes,No,Fiber optic,Yes,No,No,Yes,No,No,Month-to-month,No,Mailed check,86.43,3350.93,No,No,25-48 Months
CUST12930,Female,0,No,No,36,Yes,No,Fiber optic,No,Yes,Yes,Yes,No,No,Two year,Yes,Electronic check,93.72,3289.99,Yes,No,25-48 Months
CUST12931,Female,0,Yes,Yes,21,Yes,Yes,DSL,Yes,No,Yes,No,No,Yes,Two year,Yes,Credit card,78.92,1737.97,No,No,13-24 Months
CUST12932,Male,0,Yes,Yes,41,No,No phone service,DSL,Yes,Yes,No,Yes,No,Yes,Month-to-month,Yes,Bank transfer,60.44,2491.8,No,No,25-48 Months
CUST12933,Male,0,Yes,No,48,Yes,Yes,DSL,No,No,No,No,No,No,Month-to-month,No,Electronic check,60.72,2912.05,No,No,25-48 Months
CUST12934,Male,1,Yes,No,26,Yes,Yes,No,No internet service,No internet service,No internet service,No internet service,No internet service,No internet service,One year,Yes,Credit card,31.76,731.21,No,Yes,25-48 Months
CUST12935,Male,0,Yes,No,63,Yes,Yes,DSL,No,No,Yes,No,No,Yes,Month-to-month,No,Mailed check,77.35,4987.27,No,No,49-72 Months
CUST12936,Male,0,No,No,36,Yes,Yes,No,No internet service,No internet service,No internet service,No internet service,No internet service,No internet service,Two year,No,Electronic check,36.19,1228.35,Yes,No,25-48 Months
CUST12937,Female,0,Yes,Yes,24,Yes,Yes,DSL,Yes,Yes,Yes,Yes,No,No,One year,No,Credit card,74.52,1755.99,No,No,13-24 Months
CUST12938,Male,0,Yes,No,21,Yes,No,Fiber optic,No,No,Yes,Yes,Yes,No,One year,Yes,Credit card,88.81,1864.69,No,No,13-24 Months
CUST12939,Male,1,Yes,No,18,Yes,No,No,No internet service,No internet service,No internet service,No internet service,No internet service,No internet service,Month-to-month,Yes,Mailed check,31.49,609.74,No,Yes,13-24 Months
CUST12940,Male,0,Yes,No,15,Yes,No,Fiber optic,Yes,Yes,No,No,No,Yes,One year,No,Electronic check,84.1,1238.44,No,No,13-24 Months
CUST12941,Male,1,No,No,6,Yes,No,DSL,Yes,No,No,Yes,Yes,Yes,Month-to-month,No,Electronic check,78.42,585.49,Yes,Yes,0-12 Months
CUST12942,Male,0,Yes,No,43,Yes,No,DSL,Yes,Yes,No,Yes,Yes,Yes,Month-to-month,Yes,Credit card,76.01,3273.06,No,No,25-48 Months
CUST12943,Male,0,Yes,No,31,No,No phone service,No,No internet service,No internet service,No internet service,No internet service,No internet service,No internet service,Month-to-month,Yes,Credit card,26.52,955.49,No,No,25-48 Months
CUST12944,Male,0,No,No,28,Yes,Yes,Fiber optic,Yes,No,Yes,Yes,Yes,Yes,Month-to-month,No,Mailed check,104.79,2860.46,No,No,25-48 Months
CUST12945,Female,0,Yes,Yes,8,Yes,No,Fiber optic,Yes,Yes,No,No,Yes,Yes,One year,Yes,Electronic check,99.66,839.53,No,No,0-12 Months
CUST12946,Female,1,No,No,29,Yes,No,Fiber optic,No,Yes,No,No,No,No,Two year,No,Electronic check,82.77,2341.2,No,Yes,25-48 Months
CUST12947,Male,0,No,No,21,Yes,No,Fiber optic,No,No,No,Yes,Yes,No,Month-to-month,Yes,Credit card,90.31,1884.04,No,No,13-24 Months
CUST12948,Female,0,Yes,No,58,Yes,No,DSL,Yes,Yes,No,Yes,No,No,Month-to-month,No,Electronic check,62.42,3513.57,No,No,49-72 Months
CUST12949,Female,0,No,No,60,Yes,No,Fiber optic,Yes,No,Yes,No,No,No,Month-to-month,Yes,Mailed check,78.83,4839.57,No,No,49-72 Months
CUST12950,Female,0,Yes,No,50,Yes,Yes,Fiber optic,Yes,No,Yes,No,No,Yes,Month-to-month,No,Bank transfer,96.72,4945.71,No,No,49-72 Months
CUST12951,Female,0,No,No,31,Yes,Yes,DSL,No,Yes,No,Yes,No,Yes,One year,Yes,Electronic check,79.83,2111.56,No,No,25-48 Months
CUST12952,Male,0,Yes,No,47,Yes,Yes,Fiber optic,Yes,No,Yes,No,Yes,Yes,Month-to-month,Yes,Electronic check,116.46,5550.62,No,No,25-48 Months
CUST12953,Female,0,Yes,No,34,Yes,Yes,No,No internet service,No internet service,No internet service,No internet service,No internet service,No internet service,Two year,Yes,Mailed check,28.89,1201.78,No,No,25-48 Months
CUST12954,Female,0,No,No,2,Yes,Yes,No,No internet service,No internet service,No internet service,No internet service,No internet service,No internet service,One year,No,Bank transfer,33.31,83.54,Yes,No,0-12 Months
CUST12955,Female,1,No,No,67,Yes,Yes,DSL,Yes,Yes,Yes,No,No,Yes,Month-to-month,Yes,Credit card,70.34,4847.54,No,Yes,49-72 Months
CUST12956,Male,0,No,No,72,Yes,Yes,DSL,No,Yes,No,No,No,Yes,Month-to-month,Yes,Mailed check,66.26,4769.79,No,No,49-72 Months
CUST12957,Male,0,No,Yes,52,Yes,No,No,No internet service,No internet service,No internet service,No internet service,No internet service,No internet service,Month-to-month,No,Electronic check,26.81,1442.96,No,No,49-72 Months
CUST12958,Male,0,Yes,No,7,No,No phone service,DSL,No,Yes,No,Yes,Yes,No,Month-to-month,Yes,Mailed check,51.02,423.03,No,No,0-12 Months
CUST12959,Male,0,Yes,Yes,19,Yes,No,DSL,Yes,No,No,No,Yes,No,Month-to-month,Yes,Electronic check,70.32,1190.95,No,No,13-24 Months
CUST12960,Male,0,Yes,No,15,Yes,No,No,No internet service,No internet service,No internet service,No internet service,No internet service,No internet service,Month-to-month,No,Electronic check,35.73,527.0,No,No,13-24 Months
CUST12961,Male,0,Yes,No,48,Yes,No,DSL,No,Yes,Yes,No,Yes,No,Two year,No,Bank transfer,68.22,3256.67,No,No,25-48 Months
CUST12962,Male,0,Yes,No,14,Yes,No,Fiber optic,Yes,No,Yes,No,Yes,Yes,Month-to-month,Yes,Credit card,98.45,1376.28,No,No,13-24 Months
CUST12963,Female,1,No,No,3,Yes,Yes,Fiber optic,Yes,No,Yes,No,No,No,One year,No,Credit card,96.46,231.96,No,Yes,0-12 Months
CUST12964,Female,0,Yes,No,50,Yes,Yes,No,No internet service,No internet service,No internet service,No internet service,No internet service,No internet service,Month-to-month,Yes,Bank transfer,31.99,1612.85,No,No,49-72 Months
CUST12965,Female,0,Yes,Yes,54,Yes,No,DSL,No,Yes,No,No,Yes,No,Month-to-month,Yes,Bank transfer,63.19,3440.91,No,No,49-72 Months
CUST12966,Male,0,Yes,No,6,Yes,No,No,No internet service,No internet service,No internet service,No internet service,No internet service,No internet service,Month-to-month,Yes,Credit card,26.97,81.47,Yes,No,0-12 Months
CUST12967,Male,0,No,No,49,Yes,No,Fiber optic,No,No,Yes,No,No,Yes,Month-to-month,Yes,Bank transfer,98.72,4840.16,No,No,49-72 Months
CUST12968,Male,0,No,No,23,Yes,Yes,Fiber optic,No,No,No,No,No,Yes,Month-to-month,Yes,Bank transfer,82.21,1870.95,No,No,13-24 Months
CUST12969,Male,1,No,No,20,No,No phone service,DSL,Yes,Yes,Yes,No,Yes,No,One year,Yes,Mailed check,60.64,1309.22,No,Yes,13-24 Months
CUST12970,Male,1,Yes,No,60,Yes,No,DSL,No,Yes,Yes,No,No,No,One year,Yes,Electronic check,53.53,3257.94,No,Yes,49-72 Months
CUST12971,Female,1,No,No,45,Yes,No,Fiber optic,Yes,No,No,No,Yes,No,One year,Yes,Mailed check,90.76,4022.68,No,Yes,25-48 Months
CUST12972,Female,1,Yes,No,61,Yes,Yes,Fiber optic,No,No,No,No,Yes,No,Two year,Yes,Credit card,92.75,5735.93,No,Yes,49-72 Months
CUST12973,Male,0,No,No,56,Yes,No,No,No internet service,No internet service,No internet service,No internet service,No internet service,No internet service,Two year,Yes,Bank transfer,26.51,1480.53,No,No,49-72 Months
CUST12974,Male,0,No,Yes,2,Yes,No,Fiber optic,No,No,No,Yes,No,Yes,One year,Yes,Electronic check,80.79,166.63,No,No,0-12 Months
CUST12975,Male,0,Yes,No,45,No,No phone service,Fiber optic,Yes,Yes,No,No,Yes,Yes,Month-to-month,Yes,Bank transfer,87.07,3844.3,No,No,25-48 Months
CUST12976,Male,0,No,No,40,Yes,Yes,Fiber optic,No,Yes,No,No,Yes,No,Two year,No,Mailed check,90.51,3636.6,No,No,25-48 Months
CUST12977,Female,0,No,Yes,24,Yes,No,Fiber optic,No,No,Yes,No,Yes,Yes,Two year,No,Credit card,94.32,2339.27,No,No,13-24 Months
CUST12978,Male,0,Yes,Yes,29,Yes,Yes,Fiber optic,Yes,Yes,Yes,No,No,Yes,One year,No,Electronic check,112.1,3231.62,No,No,25-48 Months
CUST12979,Male,0,No,No,67,Yes,Yes,DSL,No,No,No,No,No,No,Month-to-month,No,Bank transfer,60.31,4166.99,No,No,49-72 Months
CUST12980,Male,0,Yes,No,68,Yes,No,No,No internet service,No internet service,No internet service,No internet service,No internet service,No internet service,Month-to-month,Yes,Bank transfer,33.8,2370.36,No,No,49-72 Months
CUST12981,Male,0,Yes,Yes,66,No,No phone service,Fiber optic,No,Yes,Yes,No,No,Yes,One year,No,Credit card,81.98,5343.85,No,No,49-72 Months
CUST12982,Female,0,Yes,No,54,Yes,No,Fiber optic,Yes,No,Yes,No,No,Yes,Two year,No,Bank transfer,105.22,5702.68,No,No,49-72 Months
CUST12983,Male,0,Yes,No,53,Yes,No,Fiber optic,No,No,Yes,No,Yes,No,One year,Yes,Credit card,87.58,4531.75,No,No,49-72 Months
CUST12984,Male,0,No,Yes,49,Yes,Yes,Fiber optic,No,Yes,No,No,Yes,Yes,One year,No,Electronic check,104.63,5049.47,No,No,49-72 Months
CUST12985,Female,0,Yes,Yes,32,Yes,No,DSL,No,Yes,Yes,No,Yes,No,Month-to-month,Yes,Electronic check,72.49,2180.56,Yes,No,25-48 Months
CUST12986,Female,0,No,No,61,Yes,No,DSL,No,No,Yes,Yes,No,Yes,Month-to-month,Yes,Mailed check,66.74,3942.92,No,No,49-72 Months
CUST12987,Female,0,Yes,Yes,42,Yes,Yes,No,No internet service,No internet service,No internet service,No internet service,No internet service,No internet service,One year,Yes,Bank transfer,38.04,1573.86,No,No,25-48 Months
CUST12988,Male,0,No,No,1,Yes,No,DSL,No,Yes,No,Yes,No,No,Month-to-month,No,Mailed check,57.15,41.96,No,No,0-12 Months
CUST12989,Male,0,No,No,63,Yes,Yes,Fiber optic,Yes,No,Yes,No,Yes,Yes,One year,No,Electronic check,106.09,6701.85,No,No,49-72 Months
CUST12990,Female,0,No,No,35,Yes,No,DSL,No,No,No,No,Yes,Yes,One year,No,Bank transfer,71.32,2424.39,No,No,25-48 Months
CUST12991,Female,0,Yes,Yes,51,Yes,Yes,Fiber optic,Yes,Yes,No,Yes,Yes,No,Month-to-month,Yes,Bank transfer,109.82,5667.5,No,No,49-72 Months
CUST12992,Female,0,Yes,Yes,71,Yes,Yes,DSL,Yes,Yes,Yes,Yes,No,Yes,Month-to-month,No,Mailed check,87.44,6190.98,No,No,49-72 Months
CUST12993,Female,0,Yes,Yes,45,Yes,Yes,Fiber optic,Yes,No,No,Yes,No,Yes,Two year,Yes,Electronic check,103.55,4684.64,No,No,25-48 Months
CUST12994,Female,0,No,Yes,65,Yes,No,Fiber optic,No,No,Yes,No,Yes,No,Month-to-month,Yes,Credit card,86.81,5385.08,No,No,49-72 Months
CUST12995,Female,0,No,No,14,Yes,No,DSL,No,Yes,No,No,Yes,Yes,Month-to-month,No,Bank transfer,73.74,1032.61,No,No,13-24 Months
CUST12996,Male,0,Yes,Yes,3,Yes,No,Fiber optic,Yes,No,No,No,Yes,Yes,One year,Yes,Electronic check,93.24,342.69,Yes,No,0-12 Months
CUST12997,Male,0,Yes,No,24,Yes,Yes,No,No internet service,No internet service,No internet service,No internet service,No internet service,No internet service,Two year,Yes,Bank transfer,28.83,509.88,No,No,13-24 Months
CUST12998,Male,0,No,No,65,Yes,No,Fiber optic,No,No,No,Yes,No,No,Two year,Yes,Electronic check,89.16,5798.18,No,No,49-72 Months
CUST12999,Female,0,Yes,Yes,48,No,No phone service,No,No internet service,No internet service,No internet service,No internet service,No internet service,No internet service,Month-to-month,Yes,Mailed check,18.98,847.85,No,No,25-48 Months
CUST13000,Female,0,No,Yes,10,Yes,Yes,No,No internet service,No internet service,No internet service,No internet service,No internet service,No internet service,Month-to-month,Yes,Mailed check,42.27,545.96,Yes,No,0-12 Months
